# Blender 5.1.2
# www.blender.org
mtllib Gyroscope_gyzmo.mtl
o Gyroskop_gyzmo
v 0.000000 -0.282594 -5.508045
v 0.718944 -0.282594 -5.460923
v 0.718944 0.282594 -5.460923
v 0.000000 0.282594 -5.508045
v 1.425587 -0.282594 -5.320363
v 1.425587 0.282594 -5.320363
v 2.107837 -0.282594 -5.088769
v 2.107837 0.282594 -5.088769
v 2.754022 -0.282594 -4.770106
v 2.754022 0.282594 -4.770106
v 3.353085 -0.282594 -4.369826
v 3.353085 0.282594 -4.369826
v 3.894776 -0.282594 -3.894776
v 3.894776 0.282594 -3.894776
v 4.369826 -0.282594 -3.353085
v 4.369826 0.282594 -3.353085
v 4.770106 -0.282594 -2.754022
v 4.770106 0.282594 -2.754022
v 5.088769 -0.282594 -2.107837
v 5.088769 0.282594 -2.107837
v 5.320363 -0.282594 -1.425587
v 5.320363 0.282594 -1.425587
v 5.460923 -0.282594 -0.718944
v 5.460923 0.282594 -0.718944
v 5.508045 -0.282594 0.000000
v 5.508045 0.282594 0.000000
v 5.460923 -0.282594 0.718944
v 5.460923 0.282594 0.718944
v 5.320363 -0.282594 1.425587
v 5.320363 0.282594 1.425587
v 5.088769 -0.282594 2.107837
v 5.088769 0.282594 2.107837
v 4.770106 -0.282594 2.754022
v 4.770106 0.282594 2.754022
v 4.369826 -0.282594 3.353085
v 4.369826 0.282594 3.353085
v 3.894776 -0.282594 3.894776
v 3.894776 0.282594 3.894776
v 3.353085 -0.282594 4.369826
v 3.353085 0.282594 4.369826
v 2.754022 -0.282594 4.770106
v 2.754022 0.282594 4.770106
v 2.107837 -0.282594 5.088769
v 2.107837 0.282594 5.088769
v 1.425587 -0.282594 5.320363
v 1.425587 0.282594 5.320363
v 0.718944 -0.282594 5.460923
v 0.718944 0.282594 5.460923
v 0.000000 -0.282594 5.508045
v 0.000000 0.282594 5.508045
v -0.718944 -0.282594 5.460923
v -0.718944 0.282594 5.460923
v -1.425587 -0.282594 5.320363
v -1.425587 0.282594 5.320363
v -2.107837 -0.282594 5.088769
v -2.107837 0.282594 5.088769
v -2.754022 -0.282594 4.770106
v -2.754022 0.282594 4.770106
v -3.353085 -0.282594 4.369826
v -3.353085 0.282594 4.369826
v -3.894776 -0.282594 3.894776
v -3.894776 0.282594 3.894776
v -4.369826 -0.282594 3.353085
v -4.369826 0.282594 3.353085
v -4.770106 -0.282594 2.754022
v -4.770106 0.282594 2.754022
v -5.088769 -0.282594 2.107837
v -5.088769 0.282594 2.107837
v -5.320363 -0.282594 1.425587
v -5.320363 0.282594 1.425587
v -5.460923 -0.282594 0.718944
v -5.460923 0.282594 0.718944
v -5.508045 -0.282594 0.000000
v -5.508045 0.282594 0.000000
v -5.460923 -0.282594 -0.718944
v -5.460923 0.282594 -0.718944
v -5.320363 -0.282594 -1.425587
v -5.320363 0.282594 -1.425587
v -5.088769 -0.282594 -2.107837
v -5.088769 0.282594 -2.107837
v -4.770106 -0.282594 -2.754022
v -4.770106 0.282594 -2.754022
v -4.369826 -0.282594 -3.353085
v -4.369826 0.282594 -3.353085
v -3.894776 -0.282594 -3.894776
v -3.894776 0.282594 -3.894776
v -3.353085 -0.282594 -4.369826
v -3.353085 0.282594 -4.369826
v -2.754022 -0.282594 -4.770106
v -2.754022 0.282594 -4.770106
v -2.107837 -0.282594 -5.088769
v -2.107837 0.282594 -5.088769
v -1.425587 -0.282594 -5.320363
v -1.425587 0.282594 -5.320363
v -0.718944 -0.282594 -5.460923
v -0.718944 0.282594 -5.460923
v 0.000000 -0.282594 -5.208045
v 0.679786 -0.282594 -5.163489
v 0.679786 0.282594 -5.163489
v 0.000000 0.282594 -5.208045
v 1.347941 -0.282594 -5.030585
v 1.347941 0.282594 -5.030585
v 1.993032 -0.282594 -4.811605
v 1.993032 0.282594 -4.811605
v 2.604023 -0.282594 -4.510299
v 2.604023 0.282594 -4.510299
v 3.170457 -0.282594 -4.131820
v 3.170457 0.282594 -4.131820
v 3.682644 -0.282594 -3.682644
v 3.682644 0.282594 -3.682644
v 4.131820 -0.282594 -3.170457
v 4.131820 0.282594 -3.170457
v 4.510299 -0.282594 -2.604023
v 4.510299 0.282594 -2.604023
v 4.811605 -0.282594 -1.993032
v 4.811605 0.282594 -1.993032
v 5.030585 -0.282594 -1.347941
v 5.030585 0.282594 -1.347941
v 5.163489 -0.282594 -0.679786
v 5.163489 0.282594 -0.679786
v 5.208045 -0.282594 0.000000
v 5.208045 0.282594 0.000000
v 5.163489 -0.282594 0.679786
v 5.163489 0.282594 0.679786
v 5.030585 -0.282594 1.347941
v 5.030585 0.282594 1.347941
v 4.811605 -0.282594 1.993032
v 4.811605 0.282594 1.993032
v 4.510299 -0.282594 2.604023
v 4.510299 0.282594 2.604023
v 4.131820 -0.282594 3.170457
v 4.131820 0.282594 3.170457
v 3.682644 -0.282594 3.682644
v 3.682644 0.282594 3.682644
v 3.170457 -0.282594 4.131820
v 3.170457 0.282594 4.131820
v 2.604023 -0.282594 4.510299
v 2.604023 0.282594 4.510299
v 1.993032 -0.282594 4.811605
v 1.993032 0.282594 4.811605
v 1.347941 -0.282594 5.030585
v 1.347941 0.282594 5.030585
v 0.679786 -0.282594 5.163489
v 0.679786 0.282594 5.163489
v 0.000000 -0.282594 5.208045
v 0.000000 0.282594 5.208045
v -0.679786 -0.282594 5.163489
v -0.679786 0.282594 5.163489
v -1.347941 -0.282594 5.030585
v -1.347941 0.282594 5.030585
v -1.993032 -0.282594 4.811605
v -1.993032 0.282594 4.811605
v -2.604023 -0.282594 4.510299
v -2.604023 0.282594 4.510299
v -3.170457 -0.282594 4.131820
v -3.170457 0.282594 4.131820
v -3.682644 -0.282594 3.682644
v -3.682644 0.282594 3.682644
v -4.131820 -0.282594 3.170457
v -4.131820 0.282594 3.170457
v -4.510299 -0.282594 2.604023
v -4.510299 0.282594 2.604023
v -4.811605 -0.282594 1.993032
v -4.811605 0.282594 1.993032
v -5.030585 -0.282594 1.347941
v -5.030585 0.282594 1.347941
v -5.163489 -0.282594 0.679786
v -5.163489 0.282594 0.679786
v -5.208045 -0.282594 0.000000
v -5.208045 0.282594 0.000000
v -5.163489 -0.282594 -0.679786
v -5.163489 0.282594 -0.679786
v -5.030585 -0.282594 -1.347941
v -5.030585 0.282594 -1.347941
v -4.811605 -0.282594 -1.993032
v -4.811605 0.282594 -1.993032
v -4.510299 -0.282594 -2.604023
v -4.510299 0.282594 -2.604023
v -4.131820 -0.282594 -3.170457
v -4.131820 0.282594 -3.170457
v -3.682644 -0.282594 -3.682644
v -3.682644 0.282594 -3.682644
v -3.170457 -0.282594 -4.131820
v -3.170457 0.282594 -4.131820
v -2.604023 -0.282594 -4.510299
v -2.604023 0.282594 -4.510299
v -1.993032 -0.282594 -4.811605
v -1.993032 0.282594 -4.811605
v -1.347941 -0.282594 -5.030585
v -1.347941 0.282594 -5.030585
v -0.679786 -0.282594 -5.163489
v -0.679786 0.282594 -5.163489
v 1.124771 -0.175228 0.175228
v 1.124771 0.175228 0.175228
v 1.124771 -0.175228 -0.175228
v 1.124771 0.175228 -0.175228
v 4.868223 -0.175228 0.175228
v 4.868223 0.175228 0.175228
v 4.868223 -0.175228 -0.175228
v 4.868223 0.175228 -0.175228
v 1.112231 -0.187769 -0.146971
v 1.098472 -0.201527 -0.104346
v 1.088817 -0.211182 -0.054025
v 1.085390 -0.214610 -0.000000
v 1.088817 -0.211182 0.054025
v 1.098472 -0.201527 0.104346
v 1.112231 -0.187769 0.146971
v 1.112231 -0.146971 0.187769
v 1.098472 -0.104346 0.201527
v 1.088817 -0.054025 0.211182
v 1.085390 -0.000000 0.214610
v 1.088817 0.054025 0.211182
v 1.098472 0.104346 0.201527
v 1.112231 0.146971 0.187769
v 1.112231 0.187769 0.146971
v 1.098472 0.201527 0.104346
v 1.088817 0.211182 0.054025
v 1.085390 0.214610 0.000000
v 1.088817 0.211182 -0.054025
v 1.098472 0.201527 -0.104346
v 1.112231 0.187769 -0.146971
v 1.112231 0.146971 -0.187769
v 1.098472 0.104346 -0.201527
v 1.088817 0.054025 -0.211182
v 1.085390 -0.000000 -0.214610
v 1.088817 -0.054025 -0.211182
v 1.098472 -0.104346 -0.201527
v 1.112231 -0.146971 -0.187769
v 4.839966 -0.187769 -0.187769
v 4.797341 -0.201527 -0.201527
v 4.747021 -0.211182 -0.211182
v 1.245974 -0.211182 -0.211182
v 1.195654 -0.201527 -0.201527
v 1.153028 -0.187769 -0.187769
v 1.153028 0.187769 -0.187769
v 1.195654 0.201527 -0.201527
v 1.245974 0.211182 -0.211182
v 4.747021 0.211182 -0.211182
v 4.797341 0.201527 -0.201527
v 4.839966 0.187769 -0.187769
v 4.880764 0.146971 -0.187769
v 4.894523 0.104346 -0.201527
v 4.904178 0.054025 -0.211182
v 4.907605 -0.000000 -0.214610
v 4.904178 -0.054025 -0.211182
v 4.894523 -0.104346 -0.201527
v 4.880764 -0.146971 -0.187769
v 4.880764 -0.187769 0.146971
v 4.894523 -0.201527 0.104346
v 4.904178 -0.211182 0.054025
v 4.907605 -0.214610 0.000000
v 4.904178 -0.211182 -0.054025
v 4.894523 -0.201527 -0.104346
v 4.880764 -0.187769 -0.146971
v 4.880764 0.187769 -0.146971
v 4.894523 0.201527 -0.104346
v 4.904178 0.211182 -0.054025
v 4.907605 0.214610 -0.000000
v 4.904178 0.211182 0.054025
v 4.894523 0.201527 0.104346
v 4.880764 0.187769 0.146971
v 4.880764 0.146971 0.187769
v 4.894523 0.104346 0.201527
v 4.904178 0.054025 0.211182
v 4.907605 -0.000000 0.214610
v 4.904178 -0.054025 0.211182
v 4.894523 -0.104346 0.201527
v 4.880764 -0.146971 0.187769
v 1.153028 -0.187769 0.187769
v 1.195654 -0.201527 0.201527
v 1.245974 -0.211182 0.211182
v 4.747021 -0.211182 0.211182
v 4.797341 -0.201527 0.201527
v 4.839966 -0.187769 0.187769
v 4.839966 0.187769 0.187769
v 4.797341 0.201527 0.201527
v 4.747021 0.211182 0.211182
v 1.245974 0.211182 0.211182
v 1.195654 0.201527 0.201527
v 1.153028 0.187769 0.187769
v 1.085414 -0.151769 0.151769
v 1.065710 -0.106885 0.160619
v 1.053167 -0.055196 0.167755
v 1.048896 -0.000000 0.170475
v 1.053167 0.055196 0.167755
v 1.065710 0.106885 0.160619
v 1.085414 0.151769 0.151769
v 1.065710 -0.160619 0.106885
v 1.041281 -0.112204 0.112204
v 1.025967 -0.057740 0.116992
v 1.020787 -0.000000 0.118974
v 1.025967 0.057740 0.116992
v 1.041281 0.112204 0.112204
v 1.065710 0.160619 0.106885
v 1.053167 -0.167755 0.055196
v 1.025967 -0.116992 0.057740
v 1.008684 -0.060207 0.060207
v 1.002748 0.000000 0.061289
v 1.008684 0.060207 0.060207
v 1.025967 0.116992 0.057740
v 1.053167 0.167755 0.055196
v 1.048896 -0.170475 -0.000000
v 1.020787 -0.118974 -0.000000
v 1.002748 -0.061289 0.000000
v 0.996495 0.000000 0.000000
v 1.002748 0.061288 0.000000
v 1.020787 0.118974 0.000000
v 1.048896 0.170475 0.000000
v 1.053167 -0.167755 -0.055196
v 1.025967 -0.116992 -0.057740
v 1.008684 -0.060207 -0.060207
v 1.002748 0.000000 -0.061288
v 1.008684 0.060207 -0.060207
v 1.025967 0.116992 -0.057740
v 1.053167 0.167755 -0.055196
v 1.065710 -0.160619 -0.106885
v 1.041281 -0.112204 -0.112204
v 1.025967 -0.057740 -0.116992
v 1.020787 0.000000 -0.118974
v 1.025967 0.057740 -0.116992
v 1.041281 0.112204 -0.112204
v 1.065710 0.160619 -0.106885
v 1.085414 -0.151769 -0.151769
v 1.065710 -0.106885 -0.160619
v 1.053167 -0.055196 -0.167755
v 1.048896 0.000000 -0.170475
v 1.053167 0.055196 -0.167755
v 1.065710 0.106885 -0.160619
v 1.085414 0.151769 -0.151769
v 1.148230 -0.151769 -0.214585
v 1.139380 -0.106885 -0.234290
v 1.132244 -0.055196 -0.246832
v 1.129524 -0.000000 -0.251103
v 1.132244 0.055196 -0.246832
v 1.139380 0.106885 -0.234290
v 1.148230 0.151769 -0.214585
v 1.193115 -0.160619 -0.234290
v 1.187795 -0.112204 -0.258718
v 1.183007 -0.057740 -0.274032
v 1.181026 -0.000000 -0.279213
v 1.183007 0.057740 -0.274032
v 1.187795 0.112204 -0.258718
v 1.193115 0.160619 -0.234290
v 1.244803 -0.167755 -0.246833
v 1.242259 -0.116992 -0.274032
v 1.239793 -0.060207 -0.291316
v 1.238711 -0.000000 -0.297251
v 1.239793 0.060207 -0.291316
v 1.242259 0.116992 -0.274032
v 1.244803 0.167755 -0.246833
v 4.748191 -0.167755 -0.246832
v 4.750735 -0.116992 -0.274032
v 4.753201 -0.060207 -0.291316
v 4.754284 0.000000 -0.297251
v 4.753201 0.060207 -0.291316
v 4.750735 0.116992 -0.274032
v 4.748191 0.167755 -0.246833
v 4.799880 -0.160619 -0.234290
v 4.805199 -0.112204 -0.258718
v 4.809987 -0.057740 -0.274032
v 4.811969 0.000000 -0.279213
v 4.809987 0.057740 -0.274032
v 4.805199 0.112204 -0.258718
v 4.799880 0.160619 -0.234290
v 4.844764 -0.151769 -0.214585
v 4.853615 -0.106885 -0.234290
v 4.860750 -0.055196 -0.246833
v 4.863470 0.000000 -0.251103
v 4.860750 0.055196 -0.246833
v 4.853615 0.106885 -0.234290
v 4.844764 0.151769 -0.214585
v 4.907580 -0.151769 -0.151769
v 4.927285 -0.106885 -0.160619
v 4.939828 -0.055196 -0.167755
v 4.944098 -0.000000 -0.170475
v 4.939828 0.055196 -0.167755
v 4.927285 0.106885 -0.160619
v 4.907580 0.151769 -0.151769
v 4.927285 -0.160619 -0.106885
v 4.951714 -0.112204 -0.112204
v 4.967028 -0.057740 -0.116992
v 4.972208 -0.000000 -0.118974
v 4.967028 0.057740 -0.116992
v 4.951714 0.112204 -0.112204
v 4.927285 0.160619 -0.106885
v 4.939828 -0.167755 -0.055196
v 4.967028 -0.116992 -0.057740
v 4.984311 -0.060207 -0.060207
v 4.990247 -0.000000 -0.061289
v 4.984311 0.060207 -0.060207
v 4.967028 0.116992 -0.057740
v 4.939828 0.167755 -0.055196
v 4.944098 -0.170475 0.000000
v 4.972208 -0.118974 0.000000
v 4.990247 -0.061289 0.000000
v 4.996499 0.000000 0.000000
v 4.990247 0.061289 -0.000000
v 4.972208 0.118974 -0.000000
v 4.944098 0.170475 -0.000000
v 4.939828 -0.167755 0.055196
v 4.967028 -0.116992 0.057740
v 4.984311 -0.060207 0.060207
v 4.990247 0.000000 0.061288
v 4.984311 0.060207 0.060207
v 4.967028 0.116992 0.057740
v 4.939828 0.167755 0.055196
v 4.927285 -0.160619 0.106885
v 4.951714 -0.112204 0.112204
v 4.967028 -0.057740 0.116992
v 4.972208 0.000000 0.118974
v 4.967028 0.057740 0.116992
v 4.951714 0.112204 0.112204
v 4.927285 0.160619 0.106885
v 4.907580 -0.151769 0.151769
v 4.927285 -0.106885 0.160619
v 4.939828 -0.055196 0.167755
v 4.944098 0.000000 0.170475
v 4.939828 0.055196 0.167755
v 4.927285 0.106885 0.160619
v 4.907580 0.151769 0.151769
v 4.844764 -0.151769 0.214585
v 4.853615 -0.106885 0.234290
v 4.860750 -0.055196 0.246832
v 4.863470 -0.000000 0.251103
v 4.860750 0.055196 0.246832
v 4.853615 0.106885 0.234290
v 4.844764 0.151769 0.214585
v 4.799880 -0.160619 0.234290
v 4.805199 -0.112204 0.258718
v 4.809987 -0.057740 0.274032
v 4.811969 -0.000000 0.279213
v 4.809987 0.057740 0.274032
v 4.805199 0.112204 0.258718
v 4.799880 0.160619 0.234290
v 4.748191 -0.167755 0.246833
v 4.750735 -0.116992 0.274032
v 4.753201 -0.060207 0.291316
v 4.754284 -0.000000 0.297251
v 4.753201 0.060207 0.291316
v 4.750735 0.116992 0.274032
v 4.748191 0.167755 0.246833
v 1.244803 -0.167755 0.246832
v 1.242259 -0.116992 0.274032
v 1.239793 -0.060207 0.291316
v 1.238711 0.000000 0.297251
v 1.239793 0.060207 0.291316
v 1.242259 0.116992 0.274032
v 1.244803 0.167755 0.246833
v 1.193115 -0.160619 0.234290
v 1.187795 -0.112204 0.258718
v 1.183007 -0.057740 0.274032
v 1.181026 0.000000 0.279213
v 1.183007 0.057740 0.274032
v 1.187795 0.112204 0.258718
v 1.193115 0.160619 0.234290
v 1.148230 -0.151769 0.214585
v 1.139380 -0.106885 0.234290
v 1.132244 -0.055196 0.246833
v 1.129524 0.000000 0.251103
v 1.132244 0.055196 0.246833
v 1.139380 0.106885 0.234290
v 1.148230 0.151769 0.214585
v 1.148230 -0.214585 -0.151769
v 1.193115 -0.234290 -0.160619
v 1.244803 -0.246833 -0.167755
v 4.748191 -0.246833 -0.167755
v 4.799880 -0.234290 -0.160619
v 4.844764 -0.214585 -0.151769
v 1.139380 -0.234290 -0.106885
v 1.187795 -0.258718 -0.112204
v 1.242259 -0.274032 -0.116992
v 4.750735 -0.274032 -0.116992
v 4.805199 -0.258718 -0.112204
v 4.853615 -0.234290 -0.106885
v 1.132244 -0.246833 -0.055196
v 1.183007 -0.274032 -0.057740
v 1.239793 -0.291316 -0.060207
v 4.753201 -0.291316 -0.060207
v 4.809987 -0.274032 -0.057740
v 4.860750 -0.246833 -0.055196
v 1.129524 -0.251103 0.000000
v 1.181026 -0.279213 0.000000
v 1.238711 -0.297251 0.000000
v 4.754284 -0.297251 -0.000000
v 4.811969 -0.279213 -0.000000
v 4.863470 -0.251103 -0.000000
v 1.132244 -0.246833 0.055196
v 1.183007 -0.274032 0.057740
v 1.239793 -0.291316 0.060207
v 4.753201 -0.291316 0.060207
v 4.809987 -0.274032 0.057740
v 4.860750 -0.246833 0.055196
v 1.139380 -0.234290 0.106885
v 1.187795 -0.258718 0.112204
v 1.242259 -0.274032 0.116992
v 4.750735 -0.274032 0.116992
v 4.805199 -0.258718 0.112204
v 4.853615 -0.234290 0.106885
v 1.148230 -0.214585 0.151769
v 1.193115 -0.234290 0.160619
v 1.244803 -0.246833 0.167755
v 4.748191 -0.246833 0.167755
v 4.799880 -0.234290 0.160619
v 4.844764 -0.214585 0.151769
v 4.844764 0.214585 -0.151769
v 4.799880 0.234290 -0.160619
v 4.748191 0.246832 -0.167755
v 1.244803 0.246833 -0.167755
v 1.193115 0.234290 -0.160619
v 1.148230 0.214585 -0.151769
v 4.853615 0.234290 -0.106885
v 4.805199 0.258718 -0.112204
v 4.750735 0.274032 -0.116992
v 1.242259 0.274032 -0.116992
v 1.187795 0.258718 -0.112204
v 1.139380 0.234290 -0.106885
v 4.860750 0.246833 -0.055196
v 4.809987 0.274032 -0.057740
v 4.753202 0.291316 -0.060207
v 1.239793 0.291316 -0.060207
v 1.183007 0.274032 -0.057740
v 1.132244 0.246833 -0.055196
v 4.863470 0.251103 0.000000
v 4.811969 0.279213 0.000000
v 4.754284 0.297251 0.000000
v 1.238711 0.297251 0.000000
v 1.181026 0.279213 -0.000000
v 1.129524 0.251103 0.000000
v 4.860750 0.246833 0.055196
v 4.809987 0.274032 0.057740
v 4.753201 0.291316 0.060207
v 1.239793 0.291316 0.060207
v 1.183007 0.274032 0.057740
v 1.132244 0.246833 0.055196
v 4.853615 0.234290 0.106885
v 4.805199 0.258718 0.112204
v 4.750735 0.274032 0.116992
v 1.242259 0.274032 0.116992
v 1.187795 0.258718 0.112204
v 1.139380 0.234290 0.106885
v 4.844764 0.214585 0.151769
v 4.799880 0.234290 0.160619
v 4.748191 0.246832 0.167755
v 1.244803 0.246833 0.167755
v 1.193115 0.234290 0.160619
v 1.148230 0.214585 0.151769
v 4.695787 -0.214433 -0.214433
v 1.297207 -0.214433 -0.214433
v 1.297207 0.214433 -0.214433
v 4.695787 0.214433 -0.214433
v 1.297207 -0.214433 0.214433
v 4.695787 -0.214433 0.214433
v 4.695787 0.214433 0.214433
v 1.297207 0.214433 0.214433
v 4.695787 -0.170338 -0.250887
v 1.297207 -0.170338 -0.250887
v 1.297208 -0.118878 -0.278963
v 4.695786 -0.118878 -0.278963
v 1.297209 -0.061238 -0.296976
v 4.695785 -0.061238 -0.296976
v 1.297210 0.000000 -0.303219
v 4.695785 0.000000 -0.303219
v 1.297209 0.061238 -0.296976
v 4.695785 0.061238 -0.296976
v 1.297208 0.118878 -0.278963
v 4.695786 0.118878 -0.278963
v 1.297207 0.170338 -0.250887
v 4.695787 0.170338 -0.250887
v 1.297207 -0.170338 0.250887
v 4.695787 -0.170338 0.250887
v 4.695786 -0.118878 0.278963
v 1.297208 -0.118878 0.278963
v 4.695785 -0.061238 0.296976
v 1.297209 -0.061238 0.296976
v 4.695785 0.000000 0.303219
v 1.297210 0.000000 0.303219
v 4.695785 0.061238 0.296976
v 1.297209 0.061238 0.296976
v 4.695786 0.118878 0.278963
v 1.297208 0.118878 0.278963
v 4.695787 0.170338 0.250887
v 1.297207 0.170338 0.250887
v 1.297207 -0.250887 -0.170338
v 4.695787 -0.250887 -0.170338
v 4.695786 -0.278963 -0.118878
v 1.297208 -0.278963 -0.118878
v 4.695785 -0.296976 -0.061238
v 1.297209 -0.296976 -0.061238
v 4.695785 -0.303219 -0.000000
v 1.297210 -0.303219 0.000000
v 4.695785 -0.296976 0.061238
v 1.297209 -0.296976 0.061238
v 4.695786 -0.278963 0.118878
v 1.297208 -0.278963 0.118878
v 4.695787 -0.250887 0.170338
v 1.297207 -0.250887 0.170338
v 4.695787 0.250887 -0.170338
v 1.297207 0.250887 -0.170338
v 1.297208 0.278963 -0.118878
v 4.695786 0.278963 -0.118878
v 1.297209 0.296976 -0.061238
v 4.695785 0.296976 -0.061238
v 1.297210 0.303219 0.000000
v 4.695785 0.303219 0.000000
v 1.297209 0.296976 0.061238
v 4.695785 0.296976 0.061238
v 1.297208 0.278963 0.118878
v 4.695786 0.278963 0.118878
v 1.297207 0.250887 0.170338
v 4.695787 0.250887 0.170338
v -1.124771 0.175229 0.175228
v -1.124771 -0.175228 0.175228
v -1.124771 0.175229 -0.175228
v -1.124771 -0.175228 -0.175228
v -4.868223 0.175230 0.175228
v -4.868223 -0.175226 0.175228
v -4.868223 0.175230 -0.175228
v -4.868223 -0.175226 -0.175228
v -1.112231 0.187769 -0.146971
v -1.098472 0.201528 -0.104346
v -1.088817 0.211183 -0.054025
v -1.085390 0.214610 -0.000000
v -1.088817 0.211183 0.054025
v -1.098472 0.201528 0.104346
v -1.112231 0.187769 0.146971
v -1.112231 0.146972 0.187769
v -1.098472 0.104346 0.201527
v -1.088817 0.054026 0.211182
v -1.085390 0.000000 0.214610
v -1.088817 -0.054025 0.211182
v -1.098472 -0.104345 0.201527
v -1.112231 -0.146971 0.187769
v -1.112231 -0.187768 0.146971
v -1.098472 -0.201527 0.104346
v -1.088817 -0.211182 0.054025
v -1.085390 -0.214609 0.000000
v -1.088817 -0.211182 -0.054025
v -1.098472 -0.201527 -0.104346
v -1.112231 -0.187768 -0.146971
v -1.112231 -0.146971 -0.187769
v -1.098472 -0.104345 -0.201527
v -1.088817 -0.054025 -0.211182
v -1.085390 0.000000 -0.214610
v -1.088817 0.054026 -0.211182
v -1.098472 0.104346 -0.201527
v -1.112231 0.146972 -0.187769
v -4.839966 0.187771 -0.187769
v -4.797341 0.201529 -0.201527
v -4.747021 0.211184 -0.211182
v -1.245974 0.211183 -0.211182
v -1.195654 0.201528 -0.201527
v -1.153028 0.187769 -0.187769
v -1.153028 -0.187768 -0.187769
v -1.195654 -0.201527 -0.201527
v -1.245974 -0.211182 -0.211182
v -4.747021 -0.211180 -0.211182
v -4.797341 -0.201526 -0.201527
v -4.839966 -0.187767 -0.187769
v -4.880764 -0.146969 -0.187769
v -4.894523 -0.104344 -0.201527
v -4.904178 -0.054023 -0.211182
v -4.907605 0.000002 -0.214610
v -4.904178 0.054027 -0.211182
v -4.894523 0.104348 -0.201527
v -4.880764 0.146973 -0.187769
v -4.880764 0.187771 0.146971
v -4.894523 0.201529 0.104346
v -4.904178 0.211184 0.054025
v -4.907605 0.214612 0.000000
v -4.904178 0.211184 -0.054025
v -4.894523 0.201529 -0.104346
v -4.880764 0.187771 -0.146971
v -4.880764 -0.187767 -0.146971
v -4.894523 -0.201526 -0.104346
v -4.904178 -0.211180 -0.054025
v -4.907605 -0.214608 -0.000000
v -4.904178 -0.211180 0.054025
v -4.894523 -0.201526 0.104346
v -4.880764 -0.187767 0.146971
v -4.880764 -0.146969 0.187769
v -4.894523 -0.104344 0.201527
v -4.904178 -0.054023 0.211182
v -4.907605 0.000002 0.214610
v -4.904178 0.054027 0.211182
v -4.894523 0.104348 0.201527
v -4.880764 0.146973 0.187769
v -1.153028 0.187769 0.187769
v -1.195654 0.201528 0.201527
v -1.245974 0.211183 0.211182
v -4.747021 0.211184 0.211182
v -4.797341 0.201529 0.201527
v -4.839966 0.187771 0.187769
v -4.839966 -0.187767 0.187769
v -4.797341 -0.201526 0.201527
v -4.747021 -0.211180 0.211182
v -1.245974 -0.211182 0.211182
v -1.195654 -0.201527 0.201527
v -1.153028 -0.187768 0.187769
v -1.085414 0.151770 0.151769
v -1.065710 0.106885 0.160619
v -1.053167 0.055197 0.167755
v -1.048896 0.000000 0.170475
v -1.053167 -0.055196 0.167755
v -1.065710 -0.106884 0.160619
v -1.085414 -0.151769 0.151769
v -1.065710 0.160620 0.106885
v -1.041281 0.112204 0.112204
v -1.025967 0.057741 0.116992
v -1.020787 0.000000 0.118974
v -1.025967 -0.057740 0.116992
v -1.041281 -0.112204 0.112204
v -1.065710 -0.160619 0.106885
v -1.053167 0.167755 0.055196
v -1.025967 0.116992 0.057740
v -1.008684 0.060207 0.060207
v -1.002748 0.000000 0.061289
v -1.008684 -0.060206 0.060207
v -1.025967 -0.116992 0.057740
v -1.053167 -0.167755 0.055196
v -1.048896 0.170476 -0.000000
v -1.020787 0.118974 -0.000000
v -1.002748 0.061289 0.000000
v -0.996495 0.000000 0.000000
v -1.002748 -0.061288 0.000000
v -1.020787 -0.118973 0.000000
v -1.048896 -0.170475 0.000000
v -1.053167 0.167755 -0.055196
v -1.025967 0.116992 -0.057740
v -1.008684 0.060207 -0.060207
v -1.002748 0.000000 -0.061288
v -1.008684 -0.060206 -0.060207
v -1.025967 -0.116992 -0.057740
v -1.053167 -0.167755 -0.055196
v -1.065710 0.160620 -0.106885
v -1.041281 0.112204 -0.112204
v -1.025967 0.057741 -0.116992
v -1.020787 0.000000 -0.118974
v -1.025967 -0.057740 -0.116992
v -1.041281 -0.112204 -0.112204
v -1.065710 -0.160619 -0.106885
v -1.085414 0.151770 -0.151769
v -1.065710 0.106885 -0.160619
v -1.053167 0.055197 -0.167755
v -1.048896 0.000000 -0.170475
v -1.053167 -0.055196 -0.167755
v -1.065710 -0.106884 -0.160619
v -1.085414 -0.151769 -0.151769
v -1.148230 0.151770 -0.214585
v -1.139380 0.106885 -0.234290
v -1.132244 0.055197 -0.246832
v -1.129524 0.000000 -0.251103
v -1.132244 -0.055196 -0.246832
v -1.139380 -0.106884 -0.234290
v -1.148230 -0.151769 -0.214585
v -1.193115 0.160620 -0.234290
v -1.187795 0.112205 -0.258718
v -1.183007 0.057741 -0.274032
v -1.181026 0.000000 -0.279213
v -1.183007 -0.057740 -0.274032
v -1.187795 -0.112204 -0.258718
v -1.193115 -0.160619 -0.234290
v -1.244803 0.167756 -0.246833
v -1.242259 0.116993 -0.274032
v -1.239793 0.060207 -0.291316
v -1.238711 0.000000 -0.297251
v -1.239793 -0.060206 -0.291316
v -1.242259 -0.116992 -0.274032
v -1.244803 -0.167755 -0.246833
v -4.748191 0.167757 -0.246832
v -4.750735 0.116994 -0.274032
v -4.753201 0.060209 -0.291316
v -4.754284 0.000002 -0.297251
v -4.753201 -0.060205 -0.291316
v -4.750735 -0.116990 -0.274032
v -4.748191 -0.167753 -0.246833
v -4.799880 0.160621 -0.234290
v -4.805199 0.112206 -0.258718
v -4.809987 0.057742 -0.274032
v -4.811969 0.000002 -0.279213
v -4.809987 -0.057738 -0.274032
v -4.805199 -0.112202 -0.258718
v -4.799880 -0.160618 -0.234290
v -4.844764 0.151771 -0.214585
v -4.853615 0.106887 -0.234290
v -4.860750 0.055198 -0.246833
v -4.863470 0.000002 -0.251103
v -4.860750 -0.055194 -0.246833
v -4.853615 -0.106883 -0.234290
v -4.844764 -0.151767 -0.214585
v -4.907580 0.151771 -0.151769
v -4.927285 0.106887 -0.160619
v -4.939828 0.055198 -0.167755
v -4.944098 0.000002 -0.170475
v -4.939828 -0.055194 -0.167755
v -4.927285 -0.106883 -0.160619
v -4.907580 -0.151767 -0.151769
v -4.927285 0.160621 -0.106885
v -4.951714 0.112206 -0.112204
v -4.967028 0.057742 -0.116992
v -4.972208 0.000002 -0.118974
v -4.967028 -0.057738 -0.116992
v -4.951714 -0.112202 -0.112204
v -4.927285 -0.160618 -0.106885
v -4.939828 0.167757 -0.055196
v -4.967028 0.116994 -0.057740
v -4.984311 0.060209 -0.060207
v -4.990247 0.000002 -0.061289
v -4.984311 -0.060205 -0.060207
v -4.967028 -0.116990 -0.057740
v -4.939828 -0.167753 -0.055196
v -4.944098 0.170477 0.000000
v -4.972208 0.118976 0.000000
v -4.990247 0.061290 0.000000
v -4.996499 0.000002 0.000000
v -4.990247 -0.061287 -0.000000
v -4.972208 -0.118972 -0.000000
v -4.944098 -0.170473 -0.000000
v -4.939828 0.167757 0.055196
v -4.967028 0.116994 0.057740
v -4.984311 0.060209 0.060207
v -4.990247 0.000002 0.061288
v -4.984311 -0.060205 0.060207
v -4.967028 -0.116990 0.057740
v -4.939828 -0.167753 0.055196
v -4.927285 0.160621 0.106885
v -4.951714 0.112206 0.112204
v -4.967028 0.057742 0.116992
v -4.972208 0.000002 0.118974
v -4.967028 -0.057738 0.116992
v -4.951714 -0.112202 0.112204
v -4.927285 -0.160618 0.106885
v -4.907580 0.151771 0.151769
v -4.927285 0.106887 0.160619
v -4.939828 0.055198 0.167755
v -4.944098 0.000002 0.170475
v -4.939828 -0.055194 0.167755
v -4.927285 -0.106883 0.160619
v -4.907580 -0.151767 0.151769
v -4.844764 0.151771 0.214585
v -4.853615 0.106887 0.234290
v -4.860750 0.055198 0.246832
v -4.863470 0.000002 0.251103
v -4.860750 -0.055194 0.246832
v -4.853615 -0.106883 0.234290
v -4.844764 -0.151767 0.214585
v -4.799880 0.160621 0.234290
v -4.805199 0.112206 0.258718
v -4.809987 0.057742 0.274032
v -4.811969 0.000002 0.279213
v -4.809987 -0.057738 0.274032
v -4.805199 -0.112202 0.258718
v -4.799880 -0.160618 0.234290
v -4.748191 0.167757 0.246833
v -4.750735 0.116994 0.274032
v -4.753201 0.060209 0.291316
v -4.754284 0.000002 0.297251
v -4.753201 -0.060205 0.291316
v -4.750735 -0.116990 0.274032
v -4.748191 -0.167753 0.246833
v -1.244803 0.167756 0.246832
v -1.242259 0.116993 0.274032
v -1.239793 0.060207 0.291316
v -1.238711 0.000000 0.297251
v -1.239793 -0.060206 0.291316
v -1.242259 -0.116992 0.274032
v -1.244803 -0.167755 0.246833
v -1.193115 0.160620 0.234290
v -1.187795 0.112205 0.258718
v -1.183007 0.057741 0.274032
v -1.181026 0.000000 0.279213
v -1.183007 -0.057740 0.274032
v -1.187795 -0.112204 0.258718
v -1.193115 -0.160619 0.234290
v -1.148230 0.151770 0.214585
v -1.139380 0.106885 0.234290
v -1.132244 0.055197 0.246833
v -1.129524 0.000000 0.251103
v -1.132244 -0.055196 0.246833
v -1.139380 -0.106884 0.234290
v -1.148230 -0.151769 0.214585
v -1.148230 0.214586 -0.151769
v -1.193115 0.234290 -0.160619
v -1.244803 0.246833 -0.167755
v -4.748191 0.246834 -0.167755
v -4.799880 0.234292 -0.160619
v -4.844764 0.214587 -0.151769
v -1.139380 0.234290 -0.106885
v -1.187795 0.258719 -0.112204
v -1.242259 0.274033 -0.116992
v -4.750735 0.274034 -0.116992
v -4.805199 0.258720 -0.112204
v -4.853615 0.234292 -0.106885
v -1.132244 0.246833 -0.055196
v -1.183007 0.274033 -0.057740
v -1.239793 0.291316 -0.060207
v -4.753201 0.291318 -0.060207
v -4.809987 0.274034 -0.057740
v -4.860750 0.246834 -0.055196
v -1.129524 0.251104 0.000000
v -1.181026 0.279213 0.000000
v -1.238711 0.297252 0.000000
v -4.754284 0.297253 -0.000000
v -4.811969 0.279215 -0.000000
v -4.863470 0.251105 -0.000000
v -1.132244 0.246833 0.055196
v -1.183007 0.274033 0.057740
v -1.239793 0.291316 0.060207
v -4.753201 0.291318 0.060207
v -4.809987 0.274034 0.057740
v -4.860750 0.246834 0.055196
v -1.139380 0.234290 0.106885
v -1.187795 0.258719 0.112204
v -1.242259 0.274033 0.116992
v -4.750735 0.274034 0.116992
v -4.805199 0.258720 0.112204
v -4.853615 0.234292 0.106885
v -1.148230 0.214586 0.151769
v -1.193115 0.234290 0.160619
v -1.244803 0.246833 0.167755
v -4.748191 0.246834 0.167755
v -4.799880 0.234292 0.160619
v -4.844764 0.214587 0.151769
v -4.844764 -0.214584 -0.151769
v -4.799880 -0.234288 -0.160619
v -4.748191 -0.246831 -0.167755
v -1.244803 -0.246832 -0.167755
v -1.193115 -0.234289 -0.160619
v -1.148230 -0.214585 -0.151769
v -4.853615 -0.234288 -0.106885
v -4.805199 -0.258716 -0.112204
v -4.750735 -0.274030 -0.116992
v -1.242259 -0.274032 -0.116992
v -1.187796 -0.258718 -0.112204
v -1.139380 -0.234289 -0.106885
v -4.860750 -0.246831 -0.055196
v -4.809987 -0.274030 -0.057740
v -4.753202 -0.291314 -0.060207
v -1.239793 -0.291315 -0.060207
v -1.183008 -0.274032 -0.057740
v -1.132245 -0.246832 -0.055196
v -4.863470 -0.251101 0.000000
v -4.811969 -0.279211 0.000000
v -4.754284 -0.297250 0.000000
v -1.238711 -0.297251 0.000000
v -1.181026 -0.279213 -0.000000
v -1.129524 -0.251103 0.000000
v -4.860750 -0.246831 0.055196
v -4.809987 -0.274030 0.057740
v -4.753201 -0.291314 0.060207
v -1.239793 -0.291315 0.060207
v -1.183008 -0.274032 0.057740
v -1.132245 -0.246832 0.055196
v -4.853615 -0.234288 0.106885
v -4.805199 -0.258716 0.112204
v -4.750735 -0.274030 0.116992
v -1.242259 -0.274032 0.116992
v -1.187796 -0.258718 0.112204
v -1.139380 -0.234289 0.106885
v -4.844764 -0.214584 0.151769
v -4.799880 -0.234288 0.160619
v -4.748191 -0.246831 0.167755
v -1.244803 -0.246832 0.167755
v -1.193115 -0.234289 0.160619
v -1.148230 -0.214585 0.151769
v -4.695787 0.214434 -0.214433
v -1.297207 0.214433 -0.214433
v -1.297207 -0.214432 -0.214433
v -4.695787 -0.214431 -0.214433
v -1.297207 0.214433 0.214433
v -4.695787 0.214434 0.214433
v -4.695787 -0.214431 0.214433
v -1.297207 -0.214432 0.214433
v -4.695787 0.170339 -0.250887
v -1.297207 0.170338 -0.250887
v -1.297208 0.118879 -0.278963
v -4.695786 0.118880 -0.278963
v -1.297209 0.061239 -0.296976
v -4.695785 0.061240 -0.296976
v -1.297210 0.000001 -0.303219
v -4.695785 0.000002 -0.303219
v -1.297209 -0.061238 -0.296976
v -4.695785 -0.061237 -0.296976
v -1.297208 -0.118878 -0.278963
v -4.695786 -0.118876 -0.278963
v -1.297208 -0.170337 -0.250887
v -4.695787 -0.170336 -0.250887
v -1.297207 0.170338 0.250887
v -4.695787 0.170340 0.250887
v -4.695786 0.118880 0.278963
v -1.297208 0.118879 0.278963
v -4.695785 0.061240 0.296976
v -1.297209 0.061239 0.296976
v -4.695785 0.000002 0.303219
v -1.297210 0.000001 0.303219
v -4.695785 -0.061237 0.296976
v -1.297209 -0.061238 0.296976
v -4.695786 -0.118876 0.278963
v -1.297208 -0.118878 0.278963
v -4.695787 -0.170336 0.250887
v -1.297208 -0.170337 0.250887
v -1.297207 0.250888 -0.170338
v -4.695787 0.250889 -0.170338
v -4.695786 0.278964 -0.118878
v -1.297208 0.278963 -0.118878
v -4.695785 0.296978 -0.061238
v -1.297209 0.296977 -0.061238
v -4.695785 0.303221 -0.000000
v -1.297210 0.303220 0.000000
v -4.695785 0.296978 0.061238
v -1.297209 0.296977 0.061238
v -4.695786 0.278964 0.118878
v -1.297208 0.278963 0.118878
v -4.695787 0.250889 0.170338
v -1.297207 0.250888 0.170338
v -4.695787 -0.250885 -0.170338
v -1.297208 -0.250887 -0.170338
v -1.297209 -0.278962 -0.118878
v -4.695786 -0.278961 -0.118878
v -1.297210 -0.296976 -0.061238
v -4.695785 -0.296974 -0.061238
v -1.297210 -0.303219 0.000000
v -4.695785 -0.303218 0.000000
v -1.297210 -0.296976 0.061238
v -4.695785 -0.296975 0.061238
v -1.297209 -0.278962 0.118878
v -4.695786 -0.278961 0.118878
v -1.297208 -0.250887 0.170338
v -4.695787 -0.250885 0.170338
v -0.175228 -1.124771 0.175228
v 0.175228 -1.124771 0.175228
v -0.175228 -1.124771 -0.175228
v 0.175228 -1.124771 -0.175228
v -0.175228 -4.868223 0.175228
v 0.175228 -4.868223 0.175228
v -0.175228 -4.868223 -0.175228
v 0.175228 -4.868223 -0.175228
v -0.187769 -1.112231 -0.146971
v -0.201527 -1.098472 -0.104346
v -0.211182 -1.088817 -0.054025
v -0.214610 -1.085390 -0.000000
v -0.211182 -1.088817 0.054025
v -0.201527 -1.098472 0.104346
v -0.187769 -1.112231 0.146971
v -0.146971 -1.112231 0.187769
v -0.104346 -1.098472 0.201527
v -0.054025 -1.088817 0.211182
v 0.000000 -1.085390 0.214610
v 0.054025 -1.088817 0.211182
v 0.104346 -1.098472 0.201527
v 0.146971 -1.112231 0.187769
v 0.187769 -1.112231 0.146971
v 0.201528 -1.098472 0.104346
v 0.211182 -1.088817 0.054025
v 0.214610 -1.085390 0.000000
v 0.211182 -1.088817 -0.054025
v 0.201528 -1.098472 -0.104346
v 0.187769 -1.112231 -0.146971
v 0.146971 -1.112231 -0.187769
v 0.104346 -1.098472 -0.201527
v 0.054025 -1.088817 -0.211182
v 0.000000 -1.085390 -0.214610
v -0.054025 -1.088817 -0.211182
v -0.104346 -1.098472 -0.201527
v -0.146971 -1.112231 -0.187769
v -0.187768 -4.839966 -0.187769
v -0.201527 -4.797341 -0.201527
v -0.211182 -4.747021 -0.211182
v -0.211182 -1.245974 -0.211182
v -0.201527 -1.195654 -0.201527
v -0.187769 -1.153028 -0.187769
v 0.187769 -1.153028 -0.187769
v 0.201528 -1.195654 -0.201527
v 0.211182 -1.245974 -0.211182
v 0.211183 -4.747021 -0.211182
v 0.201528 -4.797341 -0.201527
v 0.187769 -4.839966 -0.187769
v 0.146971 -4.880764 -0.187769
v 0.104346 -4.894523 -0.201527
v 0.054026 -4.904178 -0.211182
v 0.000000 -4.907605 -0.214610
v -0.054025 -4.904178 -0.211182
v -0.104345 -4.894523 -0.201527
v -0.146971 -4.880764 -0.187769
v -0.187768 -4.880764 0.146971
v -0.201527 -4.894523 0.104346
v -0.211182 -4.904178 0.054025
v -0.214609 -4.907605 0.000000
v -0.211182 -4.904178 -0.054025
v -0.201527 -4.894523 -0.104346
v -0.187768 -4.880764 -0.146971
v 0.187769 -4.880764 -0.146971
v 0.201528 -4.894523 -0.104346
v 0.211183 -4.904178 -0.054025
v 0.214610 -4.907605 -0.000000
v 0.211183 -4.904178 0.054025
v 0.201528 -4.894523 0.104346
v 0.187769 -4.880764 0.146971
v 0.146971 -4.880764 0.187769
v 0.104346 -4.894523 0.201527
v 0.054026 -4.904178 0.211182
v 0.000000 -4.907605 0.214610
v -0.054025 -4.904178 0.211182
v -0.104345 -4.894523 0.201527
v -0.146971 -4.880764 0.187769
v -0.187769 -1.153028 0.187769
v -0.201527 -1.195654 0.201527
v -0.211182 -1.245974 0.211182
v -0.211182 -4.747021 0.211182
v -0.201527 -4.797341 0.201527
v -0.187768 -4.839966 0.187769
v 0.187769 -4.839966 0.187769
v 0.201528 -4.797341 0.201527
v 0.211183 -4.747021 0.211182
v 0.211182 -1.245974 0.211182
v 0.201528 -1.195654 0.201527
v 0.187769 -1.153028 0.187769
v -0.151769 -1.085414 0.151769
v -0.106885 -1.065710 0.160619
v -0.055196 -1.053167 0.167755
v 0.000000 -1.048896 0.170475
v 0.055196 -1.053167 0.167755
v 0.106885 -1.065710 0.160619
v 0.151769 -1.085414 0.151769
v -0.160619 -1.065710 0.106885
v -0.112204 -1.041281 0.112204
v -0.057740 -1.025967 0.116992
v 0.000000 -1.020787 0.118974
v 0.057740 -1.025967 0.116992
v 0.112204 -1.041281 0.112204
v 0.160620 -1.065710 0.106885
v -0.167755 -1.053167 0.055196
v -0.116992 -1.025967 0.057740
v -0.060207 -1.008684 0.060207
v 0.000000 -1.002748 0.061289
v 0.060207 -1.008684 0.060207
v 0.116992 -1.025967 0.057740
v 0.167755 -1.053167 0.055196
v -0.170475 -1.048896 -0.000000
v -0.118974 -1.020787 -0.000000
v -0.061288 -1.002748 0.000000
v 0.000000 -0.996495 0.000000
v 0.061289 -1.002748 0.000000
v 0.118974 -1.020787 0.000000
v 0.170475 -1.048896 0.000000
v -0.167755 -1.053167 -0.055196
v -0.116992 -1.025967 -0.057740
v -0.060207 -1.008684 -0.060207
v 0.000000 -1.002748 -0.061288
v 0.060207 -1.008684 -0.060207
v 0.116992 -1.025967 -0.057740
v 0.167755 -1.053167 -0.055196
v -0.160619 -1.065710 -0.106885
v -0.112204 -1.041281 -0.112204
v -0.057740 -1.025967 -0.116992
v 0.000000 -1.020787 -0.118974
v 0.057740 -1.025967 -0.116992
v 0.112204 -1.041281 -0.112204
v 0.160620 -1.065710 -0.106885
v -0.151769 -1.085414 -0.151769
v -0.106885 -1.065710 -0.160619
v -0.055196 -1.053167 -0.167755
v 0.000000 -1.048896 -0.170475
v 0.055196 -1.053167 -0.167755
v 0.106885 -1.065710 -0.160619
v 0.151769 -1.085414 -0.151769
v -0.151769 -1.148230 -0.214585
v -0.106885 -1.139380 -0.234290
v -0.055196 -1.132244 -0.246832
v 0.000000 -1.129524 -0.251103
v 0.055196 -1.132244 -0.246832
v 0.106885 -1.139380 -0.234290
v 0.151769 -1.148230 -0.214585
v -0.160619 -1.193115 -0.234290
v -0.112204 -1.187795 -0.258718
v -0.057740 -1.183007 -0.274032
v 0.000000 -1.181026 -0.279213
v 0.057740 -1.183007 -0.274032
v 0.112204 -1.187795 -0.258718
v 0.160620 -1.193115 -0.234290
v -0.167755 -1.244803 -0.246833
v -0.116992 -1.242259 -0.274032
v -0.060207 -1.239793 -0.291316
v 0.000000 -1.238711 -0.297251
v 0.060207 -1.239793 -0.291316
v 0.116992 -1.242259 -0.274032
v 0.167755 -1.244803 -0.246833
v -0.167755 -4.748191 -0.246832
v -0.116992 -4.750735 -0.274032
v -0.060206 -4.753201 -0.291316
v 0.000000 -4.754284 -0.297251
v 0.060207 -4.753201 -0.291316
v 0.116992 -4.750735 -0.274032
v 0.167755 -4.748191 -0.246833
v -0.160619 -4.799880 -0.234290
v -0.112204 -4.805199 -0.258718
v -0.057740 -4.809987 -0.274032
v 0.000000 -4.811969 -0.279213
v 0.057741 -4.809987 -0.274032
v 0.112204 -4.805199 -0.258718
v 0.160620 -4.799880 -0.234290
v -0.151769 -4.844764 -0.214585
v -0.106884 -4.853615 -0.234290
v -0.055196 -4.860750 -0.246833
v 0.000000 -4.863470 -0.251103
v 0.055197 -4.860750 -0.246833
v 0.106885 -4.853615 -0.234290
v 0.151770 -4.844764 -0.214585
v -0.151769 -4.907580 -0.151769
v -0.106884 -4.927285 -0.160619
v -0.055196 -4.939828 -0.167755
v 0.000000 -4.944098 -0.170475
v 0.055197 -4.939828 -0.167755
v 0.106885 -4.927285 -0.160619
v 0.151770 -4.907580 -0.151769
v -0.160619 -4.927285 -0.106885
v -0.112204 -4.951714 -0.112204
v -0.057740 -4.967028 -0.116992
v 0.000000 -4.972208 -0.118974
v 0.057741 -4.967028 -0.116992
v 0.112204 -4.951714 -0.112204
v 0.160620 -4.927285 -0.106885
v -0.167755 -4.939828 -0.055196
v -0.116992 -4.967028 -0.057740
v -0.060206 -4.984311 -0.060207
v 0.000000 -4.990247 -0.061289
v 0.060207 -4.984311 -0.060207
v 0.116992 -4.967028 -0.057740
v 0.167755 -4.939828 -0.055196
v -0.170475 -4.944098 0.000000
v -0.118973 -4.972208 0.000000
v -0.061288 -4.990247 0.000000
v 0.000000 -4.996499 0.000000
v 0.061289 -4.990247 -0.000000
v 0.118974 -4.972208 -0.000000
v 0.170476 -4.944098 -0.000000
v -0.167755 -4.939828 0.055196
v -0.116992 -4.967028 0.057740
v -0.060206 -4.984311 0.060207
v 0.000000 -4.990247 0.061288
v 0.060207 -4.984311 0.060207
v 0.116992 -4.967028 0.057740
v 0.167755 -4.939828 0.055196
v -0.160619 -4.927285 0.106885
v -0.112204 -4.951714 0.112204
v -0.057740 -4.967028 0.116992
v 0.000000 -4.972208 0.118974
v 0.057741 -4.967028 0.116992
v 0.112204 -4.951714 0.112204
v 0.160620 -4.927285 0.106885
v -0.151769 -4.907580 0.151769
v -0.106884 -4.927285 0.160619
v -0.055196 -4.939828 0.167755
v 0.000000 -4.944098 0.170475
v 0.055197 -4.939828 0.167755
v 0.106885 -4.927285 0.160619
v 0.151770 -4.907580 0.151769
v -0.151769 -4.844764 0.214585
v -0.106884 -4.853615 0.234290
v -0.055196 -4.860750 0.246832
v 0.000000 -4.863470 0.251103
v 0.055197 -4.860750 0.246832
v 0.106885 -4.853615 0.234290
v 0.151770 -4.844764 0.214585
v -0.160619 -4.799880 0.234290
v -0.112204 -4.805199 0.258718
v -0.057740 -4.809987 0.274032
v 0.000000 -4.811969 0.279213
v 0.057741 -4.809987 0.274032
v 0.112204 -4.805199 0.258718
v 0.160620 -4.799880 0.234290
v -0.167755 -4.748191 0.246833
v -0.116992 -4.750735 0.274032
v -0.060206 -4.753201 0.291316
v 0.000000 -4.754284 0.297251
v 0.060207 -4.753201 0.291316
v 0.116992 -4.750735 0.274032
v 0.167755 -4.748191 0.246833
v -0.167755 -1.244803 0.246832
v -0.116992 -1.242259 0.274032
v -0.060207 -1.239793 0.291316
v 0.000000 -1.238711 0.297251
v 0.060207 -1.239793 0.291316
v 0.116992 -1.242259 0.274032
v 0.167755 -1.244803 0.246833
v -0.160619 -1.193115 0.234290
v -0.112204 -1.187795 0.258718
v -0.057740 -1.183007 0.274032
v 0.000000 -1.181026 0.279213
v 0.057740 -1.183007 0.274032
v 0.112204 -1.187795 0.258718
v 0.160620 -1.193115 0.234290
v -0.151769 -1.148230 0.214585
v -0.106885 -1.139380 0.234290
v -0.055196 -1.132244 0.246833
v 0.000000 -1.129524 0.251103
v 0.055196 -1.132244 0.246833
v 0.106885 -1.139380 0.234290
v 0.151769 -1.148230 0.214585
v -0.214585 -1.148230 -0.151769
v -0.234290 -1.193115 -0.160619
v -0.246832 -1.244803 -0.167755
v -0.246832 -4.748191 -0.167755
v -0.234289 -4.799880 -0.160619
v -0.214585 -4.844764 -0.151769
v -0.234290 -1.139380 -0.106885
v -0.258718 -1.187795 -0.112204
v -0.274032 -1.242259 -0.116992
v -0.274032 -4.750735 -0.116992
v -0.258718 -4.805199 -0.112204
v -0.234289 -4.853615 -0.106885
v -0.246832 -1.132244 -0.055196
v -0.274032 -1.183007 -0.057740
v -0.291316 -1.239793 -0.060207
v -0.291316 -4.753201 -0.060207
v -0.274032 -4.809987 -0.057740
v -0.246832 -4.860750 -0.055196
v -0.251103 -1.129524 0.000000
v -0.279213 -1.181026 0.000000
v -0.297251 -1.238711 0.000000
v -0.297251 -4.754284 -0.000000
v -0.279213 -4.811969 -0.000000
v -0.251103 -4.863470 -0.000000
v -0.246832 -1.132244 0.055196
v -0.274032 -1.183007 0.057740
v -0.291316 -1.239793 0.060207
v -0.291316 -4.753201 0.060207
v -0.274032 -4.809987 0.057740
v -0.246832 -4.860750 0.055196
v -0.234290 -1.139380 0.106885
v -0.258718 -1.187795 0.112204
v -0.274032 -1.242259 0.116992
v -0.274032 -4.750735 0.116992
v -0.258718 -4.805199 0.112204
v -0.234289 -4.853615 0.106885
v -0.214585 -1.148230 0.151769
v -0.234290 -1.193115 0.160619
v -0.246832 -1.244803 0.167755
v -0.246832 -4.748191 0.167755
v -0.234289 -4.799880 0.160619
v -0.214585 -4.844764 0.151769
v 0.214586 -4.844764 -0.151769
v 0.234290 -4.799880 -0.160619
v 0.246833 -4.748191 -0.167755
v 0.246833 -1.244803 -0.167755
v 0.234290 -1.193115 -0.160619
v 0.214586 -1.148230 -0.151769
v 0.234290 -4.853615 -0.106885
v 0.258719 -4.805199 -0.112204
v 0.274032 -4.750735 -0.116992
v 0.274032 -1.242259 -0.116992
v 0.258718 -1.187795 -0.112204
v 0.234290 -1.139380 -0.106885
v 0.246833 -4.860750 -0.055196
v 0.274032 -4.809987 -0.057740
v 0.291316 -4.753202 -0.060207
v 0.291316 -1.239793 -0.060207
v 0.274032 -1.183007 -0.057740
v 0.246833 -1.132244 -0.055196
v 0.251104 -4.863470 0.000000
v 0.279213 -4.811969 0.000000
v 0.297252 -4.754284 0.000000
v 0.297251 -1.238711 0.000000
v 0.279213 -1.181026 -0.000000
v 0.251103 -1.129524 0.000000
v 0.246833 -4.860750 0.055196
v 0.274032 -4.809987 0.057740
v 0.291316 -4.753201 0.060207
v 0.291316 -1.239793 0.060207
v 0.274032 -1.183007 0.057740
v 0.246833 -1.132244 0.055196
v 0.234290 -4.853615 0.106885
v 0.258719 -4.805199 0.112204
v 0.274032 -4.750735 0.116992
v 0.274032 -1.242259 0.116992
v 0.258718 -1.187795 0.112204
v 0.234290 -1.139380 0.106885
v 0.214586 -4.844764 0.151769
v 0.234290 -4.799880 0.160619
v 0.246833 -4.748191 0.167755
v 0.246833 -1.244803 0.167755
v 0.234290 -1.193115 0.160619
v 0.214586 -1.148230 0.151769
v -0.214432 -4.695787 -0.214433
v -0.214432 -1.297207 -0.214433
v 0.214433 -1.297207 -0.214433
v 0.214433 -4.695787 -0.214433
v -0.214432 -1.297207 0.214433
v -0.214432 -4.695787 0.214433
v 0.214433 -4.695787 0.214433
v 0.214433 -1.297207 0.214433
v -0.170337 -4.695787 -0.250887
v -0.170338 -1.297207 -0.250887
v -0.118878 -1.297208 -0.278963
v -0.118878 -4.695786 -0.278963
v -0.061238 -1.297209 -0.296976
v -0.061238 -4.695785 -0.296976
v 0.000000 -1.297210 -0.303219
v 0.000000 -4.695785 -0.303219
v 0.061238 -1.297209 -0.296976
v 0.061239 -4.695785 -0.296976
v 0.118878 -1.297208 -0.278963
v 0.118878 -4.695786 -0.278963
v 0.170338 -1.297207 -0.250887
v 0.170338 -4.695787 -0.250887
v -0.170338 -1.297207 0.250887
v -0.170337 -4.695787 0.250887
v -0.118878 -4.695786 0.278963
v -0.118878 -1.297208 0.278963
v -0.061238 -4.695785 0.296976
v -0.061238 -1.297209 0.296976
v 0.000000 -4.695785 0.303219
v 0.000000 -1.297210 0.303219
v 0.061239 -4.695785 0.296976
v 0.061238 -1.297209 0.296976
v 0.118878 -4.695786 0.278963
v 0.118878 -1.297208 0.278963
v 0.170338 -4.695787 0.250887
v 0.170338 -1.297207 0.250887
v -0.250887 -1.297207 -0.170338
v -0.250887 -4.695787 -0.170338
v -0.278962 -4.695786 -0.118878
v -0.278962 -1.297208 -0.118878
v -0.296976 -4.695785 -0.061238
v -0.296976 -1.297209 -0.061238
v -0.303219 -4.695785 -0.000000
v -0.303219 -1.297210 0.000000
v -0.296976 -4.695785 0.061238
v -0.296976 -1.297209 0.061238
v -0.278962 -4.695786 0.118878
v -0.278962 -1.297208 0.118878
v -0.250887 -4.695787 0.170338
v -0.250887 -1.297207 0.170338
v 0.250888 -4.695787 -0.170338
v 0.250887 -1.297207 -0.170338
v 0.278963 -1.297208 -0.118878
v 0.278963 -4.695786 -0.118878
v 0.296976 -1.297209 -0.061238
v 0.296977 -4.695785 -0.061238
v 0.303219 -1.297210 0.000000
v 0.303220 -4.695785 0.000000
v 0.296976 -1.297209 0.061238
v 0.296977 -4.695785 0.061238
v 0.278963 -1.297208 0.118878
v 0.278963 -4.695786 0.118878
v 0.250887 -1.297207 0.170338
v 0.250888 -4.695787 0.170338
v 0.175229 1.124771 0.175228
v -0.175227 1.124771 0.175228
v 0.175229 1.124771 -0.175228
v -0.175227 1.124771 -0.175228
v 0.175231 4.868223 0.175228
v -0.175225 4.868223 0.175228
v 0.175231 4.868223 -0.175228
v -0.175225 4.868223 -0.175228
v 0.187769 1.112231 -0.146971
v 0.201528 1.098472 -0.104346
v 0.211183 1.088817 -0.054025
v 0.214610 1.085390 -0.000000
v 0.211183 1.088817 0.054025
v 0.201528 1.098472 0.104346
v 0.187769 1.112231 0.146971
v 0.146972 1.112231 0.187769
v 0.104346 1.098472 0.201527
v 0.054026 1.088817 0.211182
v 0.000001 1.085390 0.214610
v -0.054025 1.088817 0.211182
v -0.104345 1.098472 0.201527
v -0.146970 1.112231 0.187769
v -0.187768 1.112231 0.146971
v -0.201527 1.098472 0.104346
v -0.211182 1.088817 0.054025
v -0.214609 1.085390 0.000000
v -0.211182 1.088817 -0.054025
v -0.201527 1.098472 -0.104346
v -0.187768 1.112231 -0.146971
v -0.146970 1.112231 -0.187769
v -0.104345 1.098472 -0.201527
v -0.054025 1.088817 -0.211182
v 0.000001 1.085390 -0.214610
v 0.054026 1.088817 -0.211182
v 0.104346 1.098472 -0.201527
v 0.146972 1.112231 -0.187769
v 0.187771 4.839966 -0.187769
v 0.201530 4.797341 -0.201527
v 0.211185 4.747021 -0.211182
v 0.211183 1.245974 -0.211182
v 0.201528 1.195654 -0.201527
v 0.187769 1.153028 -0.187769
v -0.187768 1.153028 -0.187769
v -0.201527 1.195654 -0.201527
v -0.211182 1.245974 -0.211182
v -0.211180 4.747021 -0.211182
v -0.201525 4.797341 -0.201527
v -0.187766 4.839966 -0.187769
v -0.146968 4.880764 -0.187769
v -0.104343 4.894523 -0.201527
v -0.054023 4.904178 -0.211182
v 0.000003 4.907605 -0.214610
v 0.054028 4.904178 -0.211182
v 0.104348 4.894523 -0.201527
v 0.146974 4.880764 -0.187769
v 0.187771 4.880764 0.146971
v 0.201530 4.894523 0.104346
v 0.211185 4.904178 0.054025
v 0.214612 4.907605 0.000000
v 0.211185 4.904178 -0.054025
v 0.201530 4.894523 -0.104346
v 0.187771 4.880764 -0.146971
v -0.187766 4.880764 -0.146971
v -0.201525 4.894523 -0.104346
v -0.211180 4.904178 -0.054025
v -0.214607 4.907605 -0.000000
v -0.211180 4.904178 0.054025
v -0.201525 4.894523 0.104346
v -0.187766 4.880764 0.146971
v -0.146968 4.880764 0.187769
v -0.104343 4.894523 0.201527
v -0.054023 4.904178 0.211182
v 0.000003 4.907605 0.214610
v 0.054028 4.904178 0.211182
v 0.104348 4.894523 0.201527
v 0.146974 4.880764 0.187769
v 0.187769 1.153028 0.187769
v 0.201528 1.195654 0.201527
v 0.211183 1.245974 0.211182
v 0.211185 4.747021 0.211182
v 0.201530 4.797341 0.201527
v 0.187771 4.839966 0.187769
v -0.187766 4.839966 0.187769
v -0.201525 4.797341 0.201527
v -0.211180 4.747021 0.211182
v -0.211182 1.245974 0.211182
v -0.201527 1.195654 0.201527
v -0.187768 1.153028 0.187769
v 0.151770 1.085414 0.151769
v 0.106885 1.065710 0.160619
v 0.055197 1.053167 0.167755
v 0.000001 1.048896 0.170475
v -0.055196 1.053167 0.167755
v -0.106884 1.065710 0.160619
v -0.151769 1.085414 0.151769
v 0.160620 1.065710 0.106885
v 0.112205 1.041281 0.112204
v 0.057741 1.025967 0.116992
v 0.000001 1.020787 0.118974
v -0.057740 1.025967 0.116992
v -0.112203 1.041281 0.112204
v -0.160619 1.065710 0.106885
v 0.167756 1.053167 0.055196
v 0.116993 1.025967 0.057740
v 0.060207 1.008684 0.060207
v 0.000001 1.002748 0.061289
v -0.060206 1.008684 0.060207
v -0.116991 1.025967 0.057740
v -0.167754 1.053167 0.055196
v 0.170476 1.048896 -0.000000
v 0.118974 1.020786 -0.000000
v 0.061289 1.002748 0.000000
v 0.000001 0.996495 0.000000
v -0.061288 1.002748 0.000000
v -0.118973 1.020787 0.000000
v -0.170475 1.048896 0.000000
v 0.167756 1.053167 -0.055196
v 0.116993 1.025967 -0.057740
v 0.060207 1.008684 -0.060207
v 0.000001 1.002748 -0.061288
v -0.060206 1.008684 -0.060207
v -0.116991 1.025967 -0.057740
v -0.167754 1.053167 -0.055196
v 0.160620 1.065710 -0.106885
v 0.112205 1.041281 -0.112204
v 0.057741 1.025967 -0.116992
v 0.000001 1.020787 -0.118974
v -0.057740 1.025967 -0.116992
v -0.112203 1.041281 -0.112204
v -0.160619 1.065710 -0.106885
v 0.151770 1.085414 -0.151769
v 0.106885 1.065710 -0.160619
v 0.055197 1.053167 -0.167755
v 0.000001 1.048896 -0.170475
v -0.055196 1.053167 -0.167755
v -0.106884 1.065710 -0.160619
v -0.151769 1.085414 -0.151769
v 0.151770 1.148230 -0.214585
v 0.106885 1.139380 -0.234290
v 0.055197 1.132244 -0.246832
v 0.000001 1.129524 -0.251103
v -0.055196 1.132244 -0.246832
v -0.106884 1.139380 -0.234290
v -0.151769 1.148230 -0.214585
v 0.160620 1.193115 -0.234290
v 0.112205 1.187795 -0.258718
v 0.057741 1.183007 -0.274032
v 0.000001 1.181026 -0.279213
v -0.057740 1.183007 -0.274032
v -0.112203 1.187796 -0.258718
v -0.160619 1.193115 -0.234290
v 0.167756 1.244803 -0.246833
v 0.116993 1.242259 -0.274032
v 0.060207 1.239793 -0.291316
v 0.000001 1.238711 -0.297251
v -0.060206 1.239793 -0.291316
v -0.116991 1.242259 -0.274032
v -0.167754 1.244803 -0.246833
v 0.167758 4.748191 -0.246832
v 0.116995 4.750735 -0.274032
v 0.060209 4.753201 -0.291316
v 0.000003 4.754284 -0.297251
v -0.060204 4.753201 -0.291316
v -0.116989 4.750735 -0.274032
v -0.167752 4.748191 -0.246833
v 0.160622 4.799880 -0.234290
v 0.112207 4.805199 -0.258718
v 0.057743 4.809987 -0.274032
v 0.000003 4.811969 -0.279213
v -0.057738 4.809987 -0.274032
v -0.112201 4.805199 -0.258718
v -0.160617 4.799880 -0.234290
v 0.151772 4.844764 -0.214585
v 0.106887 4.853615 -0.234290
v 0.055199 4.860750 -0.246833
v 0.000003 4.863470 -0.251103
v -0.055194 4.860750 -0.246833
v -0.106882 4.853615 -0.234290
v -0.151766 4.844764 -0.214585
v 0.151772 4.907580 -0.151769
v 0.106888 4.927285 -0.160619
v 0.055199 4.939828 -0.167755
v 0.000003 4.944098 -0.170475
v -0.055193 4.939828 -0.167755
v -0.106882 4.927285 -0.160619
v -0.151766 4.907580 -0.151769
v 0.160622 4.927285 -0.106885
v 0.112207 4.951714 -0.112204
v 0.057743 4.967028 -0.116992
v 0.000003 4.972208 -0.118974
v -0.057737 4.967028 -0.116992
v -0.112201 4.951714 -0.112204
v -0.160617 4.927285 -0.106885
v 0.167758 4.939828 -0.055196
v 0.116995 4.967028 -0.057740
v 0.060209 4.984311 -0.060207
v 0.000003 4.990247 -0.061289
v -0.060204 4.984311 -0.060207
v -0.116989 4.967028 -0.057740
v -0.167752 4.939828 -0.055196
v 0.170478 4.944098 0.000000
v 0.118977 4.972208 0.000000
v 0.061291 4.990247 0.000000
v 0.000003 4.996499 0.000000
v -0.061286 4.990247 -0.000000
v -0.118971 4.972208 -0.000000
v -0.170473 4.944098 -0.000000
v 0.167758 4.939828 0.055196
v 0.116995 4.967028 0.057740
v 0.060209 4.984311 0.060207
v 0.000003 4.990247 0.061288
v -0.060204 4.984311 0.060207
v -0.116989 4.967028 0.057740
v -0.167752 4.939828 0.055196
v 0.160622 4.927285 0.106885
v 0.112207 4.951714 0.112204
v 0.057743 4.967028 0.116992
v 0.000003 4.972208 0.118974
v -0.057737 4.967028 0.116992
v -0.112201 4.951714 0.112204
v -0.160617 4.927285 0.106885
v 0.151772 4.907580 0.151769
v 0.106888 4.927285 0.160619
v 0.055199 4.939828 0.167755
v 0.000003 4.944098 0.170475
v -0.055193 4.939828 0.167755
v -0.106882 4.927285 0.160619
v -0.151766 4.907580 0.151769
v 0.151772 4.844764 0.214585
v 0.106888 4.853615 0.234290
v 0.055199 4.860750 0.246832
v 0.000003 4.863470 0.251103
v -0.055194 4.860750 0.246832
v -0.106882 4.853615 0.234290
v -0.151766 4.844764 0.214585
v 0.160622 4.799880 0.234290
v 0.112207 4.805199 0.258718
v 0.057743 4.809987 0.274032
v 0.000003 4.811969 0.279213
v -0.057738 4.809987 0.274032
v -0.112201 4.805199 0.258718
v -0.160617 4.799880 0.234290
v 0.167758 4.748191 0.246833
v 0.116995 4.750735 0.274032
v 0.060209 4.753201 0.291316
v 0.000003 4.754284 0.297251
v -0.060204 4.753201 0.291316
v -0.116989 4.750735 0.274032
v -0.167752 4.748191 0.246833
v 0.167756 1.244803 0.246832
v 0.116993 1.242259 0.274032
v 0.060207 1.239793 0.291316
v 0.000001 1.238711 0.297251
v -0.060206 1.239793 0.291316
v -0.116991 1.242259 0.274032
v -0.167754 1.244803 0.246833
v 0.160620 1.193115 0.234290
v 0.112205 1.187795 0.258718
v 0.057741 1.183007 0.274032
v 0.000001 1.181026 0.279213
v -0.057740 1.183007 0.274032
v -0.112203 1.187796 0.258718
v -0.160619 1.193115 0.234290
v 0.151770 1.148230 0.214585
v 0.106885 1.139380 0.234290
v 0.055197 1.132244 0.246833
v 0.000001 1.129524 0.251103
v -0.055196 1.132244 0.246833
v -0.106884 1.139380 0.234290
v -0.151769 1.148230 0.214585
v 0.214586 1.148230 -0.151769
v 0.234290 1.193115 -0.160619
v 0.246833 1.244803 -0.167755
v 0.246835 4.748191 -0.167755
v 0.234292 4.799880 -0.160619
v 0.214588 4.844764 -0.151769
v 0.234290 1.139380 -0.106885
v 0.258719 1.187795 -0.112204
v 0.274033 1.242259 -0.116992
v 0.274035 4.750735 -0.116992
v 0.258721 4.805199 -0.112204
v 0.234292 4.853615 -0.106885
v 0.246833 1.132244 -0.055196
v 0.274033 1.183007 -0.057740
v 0.291317 1.239793 -0.060207
v 0.291319 4.753201 -0.060207
v 0.274035 4.809987 -0.057740
v 0.246835 4.860750 -0.055196
v 0.251104 1.129524 0.000000
v 0.279214 1.181026 0.000000
v 0.297252 1.238711 0.000000
v 0.297254 4.754284 -0.000000
v 0.279216 4.811969 -0.000000
v 0.251106 4.863470 -0.000000
v 0.246833 1.132244 0.055196
v 0.274033 1.183007 0.057740
v 0.291317 1.239793 0.060207
v 0.291319 4.753201 0.060207
v 0.274035 4.809987 0.057740
v 0.246835 4.860750 0.055196
v 0.234290 1.139380 0.106885
v 0.258719 1.187795 0.112204
v 0.274033 1.242259 0.116992
v 0.274035 4.750735 0.116992
v 0.258721 4.805199 0.112204
v 0.234292 4.853615 0.106885
v 0.214586 1.148230 0.151769
v 0.234290 1.193115 0.160619
v 0.246833 1.244803 0.167755
v 0.246835 4.748191 0.167755
v 0.234292 4.799880 0.160619
v 0.214588 4.844764 0.151769
v -0.214583 4.844764 -0.151769
v -0.234287 4.799880 -0.160619
v -0.246830 4.748191 -0.167755
v -0.246832 1.244803 -0.167755
v -0.234289 1.193115 -0.160619
v -0.214585 1.148230 -0.151769
v -0.234287 4.853615 -0.106885
v -0.258716 4.805199 -0.112204
v -0.274029 4.750735 -0.116992
v -0.274031 1.242259 -0.116992
v -0.258718 1.187796 -0.112204
v -0.234289 1.139380 -0.106885
v -0.246830 4.860750 -0.055196
v -0.274029 4.809987 -0.057740
v -0.291313 4.753202 -0.060207
v -0.291315 1.239793 -0.060207
v -0.274031 1.183008 -0.057740
v -0.246832 1.132245 -0.055196
v -0.251101 4.863470 0.000000
v -0.279210 4.811969 0.000000
v -0.297249 4.754284 0.000000
v -0.297251 1.238711 0.000000
v -0.279212 1.181026 -0.000000
v -0.251103 1.129524 0.000000
v -0.246830 4.860750 0.055196
v -0.274029 4.809987 0.057740
v -0.291313 4.753201 0.060207
v -0.291315 1.239793 0.060207
v -0.274031 1.183008 0.057740
v -0.246832 1.132245 0.055196
v -0.234287 4.853615 0.106885
v -0.258716 4.805199 0.112204
v -0.274029 4.750735 0.116992
v -0.274031 1.242259 0.116992
v -0.258718 1.187796 0.112204
v -0.234289 1.139380 0.106885
v -0.214583 4.844764 0.151769
v -0.234287 4.799880 0.160619
v -0.246830 4.748191 0.167755
v -0.246832 1.244803 0.167755
v -0.234289 1.193115 0.160619
v -0.214585 1.148230 0.151769
v 0.214435 4.695787 -0.214433
v 0.214433 1.297207 -0.214433
v -0.214432 1.297207 -0.214433
v -0.214430 4.695787 -0.214433
v 0.214433 1.297207 0.214433
v 0.214435 4.695787 0.214433
v -0.214430 4.695787 0.214433
v -0.214432 1.297207 0.214433
v 0.170340 4.695787 -0.250887
v 0.170338 1.297207 -0.250887
v 0.118879 1.297208 -0.278963
v 0.118881 4.695786 -0.278963
v 0.061239 1.297209 -0.296976
v 0.061241 4.695785 -0.296976
v 0.000001 1.297210 -0.303219
v 0.000003 4.695785 -0.303219
v -0.061238 1.297209 -0.296976
v -0.061236 4.695785 -0.296976
v -0.118877 1.297209 -0.278963
v -0.118875 4.695786 -0.278963
v -0.170337 1.297208 -0.250887
v -0.170335 4.695787 -0.250887
v 0.170338 1.297207 0.250887
v 0.170340 4.695787 0.250887
v 0.118881 4.695786 0.278963
v 0.118879 1.297208 0.278963
v 0.061241 4.695785 0.296976
v 0.061239 1.297209 0.296976
v 0.000003 4.695785 0.303219
v 0.000001 1.297210 0.303219
v -0.061236 4.695785 0.296976
v -0.061238 1.297209 0.296976
v -0.118875 4.695786 0.278963
v -0.118877 1.297209 0.278963
v -0.170335 4.695787 0.250887
v -0.170337 1.297208 0.250887
v 0.250888 1.297207 -0.170338
v 0.250890 4.695787 -0.170338
v 0.278965 4.695786 -0.118878
v 0.278963 1.297208 -0.118878
v 0.296979 4.695785 -0.061238
v 0.296977 1.297209 -0.061238
v 0.303222 4.695785 -0.000000
v 0.303220 1.297210 0.000000
v 0.296979 4.695785 0.061238
v 0.296977 1.297209 0.061238
v 0.278965 4.695786 0.118878
v 0.278963 1.297208 0.118878
v 0.250890 4.695787 0.170338
v 0.250888 1.297207 0.170338
v -0.250885 4.695787 -0.170338
v -0.250887 1.297208 -0.170338
v -0.278962 1.297209 -0.118878
v -0.278960 4.695786 -0.118878
v -0.296976 1.297210 -0.061238
v -0.296974 4.695785 -0.061238
v -0.303219 1.297210 0.000000
v -0.303217 4.695785 0.000000
v -0.296976 1.297210 0.061238
v -0.296974 4.695785 0.061238
v -0.278962 1.297209 0.118878
v -0.278960 4.695786 0.118878
v -0.250887 1.297208 0.170338
v -0.250885 4.695787 0.170338
v 0.175228 -0.175228 -1.124771
v 0.175228 0.175228 -1.124771
v -0.175228 -0.175228 -1.124771
v -0.175228 0.175228 -1.124771
v 0.175229 -0.175228 -4.868223
v 0.175229 0.175228 -4.868223
v -0.175227 -0.175228 -4.868223
v -0.175227 0.175228 -4.868223
v -0.146971 -0.187769 -1.112231
v -0.104346 -0.201527 -1.098472
v -0.054025 -0.211182 -1.088817
v 0.000000 -0.214610 -1.085390
v 0.054026 -0.211182 -1.088817
v 0.104346 -0.201527 -1.098472
v 0.146971 -0.187769 -1.112231
v 0.187769 -0.146971 -1.112231
v 0.201528 -0.104346 -1.098472
v 0.211183 -0.054025 -1.088817
v 0.214610 -0.000000 -1.085390
v 0.211183 0.054025 -1.088817
v 0.201528 0.104346 -1.098472
v 0.187769 0.146971 -1.112231
v 0.146971 0.187769 -1.112231
v 0.104346 0.201527 -1.098472
v 0.054026 0.211182 -1.088817
v 0.000000 0.214610 -1.085390
v -0.054025 0.211182 -1.088817
v -0.104346 0.201527 -1.098472
v -0.146971 0.187769 -1.112231
v -0.187768 0.146971 -1.112231
v -0.201527 0.104346 -1.098472
v -0.211182 0.054025 -1.088817
v -0.214610 -0.000000 -1.085390
v -0.211182 -0.054025 -1.088817
v -0.201527 -0.104346 -1.098472
v -0.187768 -0.146971 -1.112231
v -0.187768 -0.187769 -4.839966
v -0.201527 -0.201527 -4.797341
v -0.211181 -0.211182 -4.747021
v -0.211182 -0.211182 -1.245974
v -0.201527 -0.201527 -1.195654
v -0.187768 -0.187769 -1.153028
v -0.187768 0.187769 -1.153028
v -0.201527 0.201527 -1.195654
v -0.211182 0.211182 -1.245974
v -0.211181 0.211182 -4.747021
v -0.201527 0.201527 -4.797341
v -0.187768 0.187769 -4.839966
v -0.187768 0.146971 -4.880764
v -0.201526 0.104346 -4.894523
v -0.211181 0.054025 -4.904178
v -0.214609 -0.000000 -4.907605
v -0.211181 -0.054025 -4.904178
v -0.201526 -0.104346 -4.894523
v -0.187768 -0.146971 -4.880764
v 0.146972 -0.187769 -4.880764
v 0.104347 -0.201527 -4.894523
v 0.054026 -0.211182 -4.904178
v 0.000001 -0.214610 -4.907605
v -0.054024 -0.211182 -4.904178
v -0.104345 -0.201527 -4.894523
v -0.146970 -0.187769 -4.880764
v -0.146970 0.187769 -4.880764
v -0.104345 0.201527 -4.894523
v -0.054024 0.211182 -4.904178
v 0.000001 0.214610 -4.907605
v 0.054026 0.211182 -4.904178
v 0.104347 0.201527 -4.894523
v 0.146972 0.187769 -4.880764
v 0.187770 0.146971 -4.880764
v 0.201528 0.104346 -4.894523
v 0.211183 0.054025 -4.904178
v 0.214611 -0.000000 -4.907605
v 0.211183 -0.054025 -4.904178
v 0.201528 -0.104346 -4.894523
v 0.187770 -0.146971 -4.880764
v 0.187769 -0.187769 -1.153028
v 0.201528 -0.201527 -1.195654
v 0.211183 -0.211182 -1.245974
v 0.211183 -0.211182 -4.747021
v 0.201528 -0.201527 -4.797341
v 0.187770 -0.187769 -4.839966
v 0.187770 0.187769 -4.839966
v 0.201528 0.201527 -4.797341
v 0.211183 0.211182 -4.747021
v 0.211183 0.211182 -1.245974
v 0.201528 0.201527 -1.195654
v 0.187769 0.187769 -1.153028
v 0.151769 -0.151769 -1.085414
v 0.160620 -0.106885 -1.065710
v 0.167755 -0.055196 -1.053167
v 0.170475 -0.000000 -1.048896
v 0.167755 0.055196 -1.053167
v 0.160620 0.106885 -1.065710
v 0.151769 0.151769 -1.085414
v 0.106885 -0.160619 -1.065710
v 0.112204 -0.112204 -1.041281
v 0.116992 -0.057740 -1.025967
v 0.118974 -0.000000 -1.020787
v 0.116992 0.057740 -1.025967
v 0.112204 0.112204 -1.041281
v 0.106885 0.160619 -1.065710
v 0.055196 -0.167755 -1.053167
v 0.057740 -0.116992 -1.025967
v 0.060207 -0.060207 -1.008684
v 0.061289 0.000000 -1.002748
v 0.060207 0.060207 -1.008684
v 0.057740 0.116992 -1.025967
v 0.055196 0.167755 -1.053167
v 0.000000 -0.170475 -1.048896
v 0.000000 -0.118974 -1.020787
v 0.000000 -0.061289 -1.002748
v 0.000000 0.000000 -0.996495
v 0.000000 0.061288 -1.002748
v 0.000000 0.118974 -1.020787
v 0.000000 0.170475 -1.048896
v -0.055196 -0.167755 -1.053167
v -0.057740 -0.116992 -1.025967
v -0.060206 -0.060207 -1.008684
v -0.061288 0.000000 -1.002748
v -0.060206 0.060207 -1.008684
v -0.057740 0.116992 -1.025967
v -0.055196 0.167755 -1.053167
v -0.106885 -0.160619 -1.065710
v -0.112204 -0.112204 -1.041281
v -0.116992 -0.057740 -1.025967
v -0.118974 0.000000 -1.020787
v -0.116992 0.057740 -1.025967
v -0.112204 0.112204 -1.041281
v -0.106885 0.160619 -1.065710
v -0.151769 -0.151769 -1.085414
v -0.160619 -0.106885 -1.065710
v -0.167755 -0.055196 -1.053167
v -0.170475 0.000000 -1.048896
v -0.167755 0.055196 -1.053167
v -0.160619 0.106885 -1.065710
v -0.151769 0.151769 -1.085414
v -0.214585 -0.151769 -1.148230
v -0.234290 -0.106885 -1.139380
v -0.246832 -0.055196 -1.132244
v -0.251103 -0.000000 -1.129524
v -0.246832 0.055196 -1.132244
v -0.234290 0.106885 -1.139380
v -0.214585 0.151769 -1.148230
v -0.234290 -0.160619 -1.193115
v -0.258718 -0.112204 -1.187795
v -0.274032 -0.057740 -1.183007
v -0.279213 -0.000000 -1.181026
v -0.274032 0.057740 -1.183007
v -0.258718 0.112204 -1.187795
v -0.234290 0.160619 -1.193115
v -0.246832 -0.167755 -1.244803
v -0.274032 -0.116992 -1.242259
v -0.291316 -0.060207 -1.239793
v -0.297251 -0.000000 -1.238711
v -0.291316 0.060207 -1.239793
v -0.274032 0.116992 -1.242259
v -0.246832 0.167755 -1.244803
v -0.246832 -0.167755 -4.748191
v -0.274031 -0.116992 -4.750735
v -0.291315 -0.060207 -4.753201
v -0.297250 0.000000 -4.754284
v -0.291315 0.060207 -4.753201
v -0.274031 0.116992 -4.750735
v -0.246832 0.167755 -4.748191
v -0.234289 -0.160619 -4.799880
v -0.258717 -0.112204 -4.805199
v -0.274031 -0.057740 -4.809987
v -0.279212 0.000000 -4.811969
v -0.274031 0.057740 -4.809987
v -0.258717 0.112204 -4.805199
v -0.234289 0.160619 -4.799880
v -0.214585 -0.151769 -4.844764
v -0.234289 -0.106885 -4.853615
v -0.246832 -0.055196 -4.860750
v -0.251102 0.000000 -4.863470
v -0.246832 0.055196 -4.860750
v -0.234289 0.106885 -4.853615
v -0.214585 0.151769 -4.844764
v -0.151768 -0.151769 -4.907580
v -0.160618 -0.106885 -4.927285
v -0.167754 -0.055196 -4.939828
v -0.170474 -0.000000 -4.944098
v -0.167754 0.055196 -4.939828
v -0.160618 0.106885 -4.927285
v -0.151768 0.151769 -4.907580
v -0.106884 -0.160619 -4.927285
v -0.112203 -0.112204 -4.951714
v -0.116991 -0.057740 -4.967028
v -0.118973 -0.000000 -4.972208
v -0.116991 0.057740 -4.967028
v -0.112203 0.112204 -4.951714
v -0.106884 0.160619 -4.927285
v -0.055195 -0.167755 -4.939828
v -0.057739 -0.116992 -4.967028
v -0.060206 -0.060207 -4.984311
v -0.061288 -0.000000 -4.990247
v -0.060206 0.060207 -4.984311
v -0.057739 0.116992 -4.967028
v -0.055195 0.167755 -4.939828
v 0.000001 -0.170475 -4.944098
v 0.000001 -0.118974 -4.972208
v 0.000001 -0.061289 -4.990247
v 0.000001 0.000000 -4.996499
v 0.000001 0.061289 -4.990247
v 0.000001 0.118974 -4.972208
v 0.000001 0.170475 -4.944098
v 0.055197 -0.167755 -4.939828
v 0.057741 -0.116992 -4.967028
v 0.060208 -0.060207 -4.984311
v 0.061289 0.000000 -4.990247
v 0.060208 0.060207 -4.984311
v 0.057741 0.116992 -4.967028
v 0.055197 0.167755 -4.939828
v 0.106886 -0.160619 -4.927285
v 0.112205 -0.112204 -4.951714
v 0.116993 -0.057740 -4.967028
v 0.118975 0.000000 -4.972208
v 0.116993 0.057740 -4.967028
v 0.112205 0.112204 -4.951714
v 0.106886 0.160619 -4.927285
v 0.151770 -0.151769 -4.907580
v 0.160620 -0.106885 -4.927285
v 0.167756 -0.055196 -4.939828
v 0.170476 0.000000 -4.944098
v 0.167756 0.055196 -4.939828
v 0.160620 0.106885 -4.927285
v 0.151770 0.151769 -4.907580
v 0.214586 -0.151769 -4.844764
v 0.234291 -0.106885 -4.853615
v 0.246833 -0.055196 -4.860750
v 0.251104 -0.000000 -4.863470
v 0.246833 0.055196 -4.860750
v 0.234291 0.106885 -4.853615
v 0.214586 0.151769 -4.844764
v 0.234291 -0.160619 -4.799880
v 0.258719 -0.112204 -4.805199
v 0.274033 -0.057740 -4.809987
v 0.279214 -0.000000 -4.811969
v 0.274033 0.057740 -4.809987
v 0.258719 0.112204 -4.805199
v 0.234291 0.160619 -4.799880
v 0.246833 -0.167755 -4.748191
v 0.274033 -0.116992 -4.750735
v 0.291317 -0.060207 -4.753201
v 0.297252 -0.000000 -4.754284
v 0.291317 0.060207 -4.753201
v 0.274033 0.116992 -4.750735
v 0.246833 0.167755 -4.748191
v 0.246833 -0.167755 -1.244803
v 0.274032 -0.116992 -1.242259
v 0.291316 -0.060207 -1.239793
v 0.297252 0.000000 -1.238711
v 0.291316 0.060207 -1.239793
v 0.274032 0.116992 -1.242259
v 0.246833 0.167755 -1.244803
v 0.234290 -0.160619 -1.193115
v 0.258719 -0.112204 -1.187795
v 0.274032 -0.057740 -1.183007
v 0.279213 0.000000 -1.181026
v 0.274032 0.057740 -1.183007
v 0.258719 0.112204 -1.187795
v 0.234290 0.160619 -1.193115
v 0.214586 -0.151769 -1.148230
v 0.234290 -0.106885 -1.139380
v 0.246833 -0.055196 -1.132244
v 0.251103 0.000000 -1.129524
v 0.246833 0.055196 -1.132244
v 0.234290 0.106885 -1.139380
v 0.214586 0.151769 -1.148230
v -0.151769 -0.214585 -1.148230
v -0.160619 -0.234290 -1.193115
v -0.167755 -0.246833 -1.244803
v -0.167754 -0.246833 -4.748191
v -0.160618 -0.234290 -4.799880
v -0.151768 -0.214585 -4.844764
v -0.106885 -0.234290 -1.139380
v -0.112204 -0.258718 -1.187795
v -0.116992 -0.274032 -1.242259
v -0.116991 -0.274032 -4.750735
v -0.112203 -0.258718 -4.805199
v -0.106884 -0.234290 -4.853615
v -0.055196 -0.246833 -1.132244
v -0.057740 -0.274032 -1.183007
v -0.060206 -0.291316 -1.239793
v -0.060206 -0.291316 -4.753201
v -0.057739 -0.274032 -4.809987
v -0.055195 -0.246833 -4.860750
v 0.000000 -0.251103 -1.129524
v 0.000000 -0.279213 -1.181026
v 0.000000 -0.297251 -1.238711
v 0.000001 -0.297251 -4.754284
v 0.000001 -0.279213 -4.811969
v 0.000001 -0.251103 -4.863470
v 0.055196 -0.246833 -1.132244
v 0.057740 -0.274032 -1.183007
v 0.060207 -0.291316 -1.239793
v 0.060208 -0.291316 -4.753201
v 0.057741 -0.274032 -4.809987
v 0.055197 -0.246833 -4.860750
v 0.106885 -0.234290 -1.139380
v 0.112204 -0.258718 -1.187795
v 0.116992 -0.274032 -1.242259
v 0.116993 -0.274032 -4.750735
v 0.112205 -0.258718 -4.805199
v 0.106886 -0.234290 -4.853615
v 0.151769 -0.214585 -1.148230
v 0.160620 -0.234290 -1.193115
v 0.167755 -0.246833 -1.244803
v 0.167756 -0.246833 -4.748191
v 0.160620 -0.234290 -4.799880
v 0.151770 -0.214585 -4.844764
v -0.151768 0.214585 -4.844764
v -0.160618 0.234290 -4.799880
v -0.167754 0.246832 -4.748191
v -0.167755 0.246833 -1.244803
v -0.160619 0.234290 -1.193115
v -0.151769 0.214585 -1.148230
v -0.106884 0.234290 -4.853615
v -0.112203 0.258718 -4.805199
v -0.116991 0.274032 -4.750735
v -0.116992 0.274032 -1.242259
v -0.112204 0.258718 -1.187795
v -0.106885 0.234290 -1.139380
v -0.055195 0.246833 -4.860750
v -0.057739 0.274032 -4.809987
v -0.060206 0.291316 -4.753202
v -0.060206 0.291316 -1.239793
v -0.057740 0.274032 -1.183007
v -0.055196 0.246833 -1.132244
v 0.000001 0.251103 -4.863470
v 0.000001 0.279213 -4.811969
v 0.000001 0.297251 -4.754284
v 0.000000 0.297251 -1.238711
v 0.000000 0.279213 -1.181026
v 0.000000 0.251103 -1.129524
v 0.055197 0.246833 -4.860750
v 0.057741 0.274032 -4.809987
v 0.060208 0.291316 -4.753201
v 0.060207 0.291316 -1.239793
v 0.057740 0.274032 -1.183007
v 0.055196 0.246833 -1.132244
v 0.106886 0.234290 -4.853615
v 0.112205 0.258718 -4.805199
v 0.116993 0.274032 -4.750735
v 0.116992 0.274032 -1.242259
v 0.112204 0.258718 -1.187795
v 0.106885 0.234290 -1.139380
v 0.151770 0.214585 -4.844764
v 0.160620 0.234290 -4.799880
v 0.167756 0.246832 -4.748191
v 0.167755 0.246833 -1.244803
v 0.160620 0.234290 -1.193115
v 0.151769 0.214585 -1.148230
v -0.214432 -0.214433 -4.695787
v -0.214432 -0.214433 -1.297207
v -0.214432 0.214433 -1.297207
v -0.214432 0.214433 -4.695787
v 0.214433 -0.214433 -1.297207
v 0.214433 -0.214433 -4.695787
v 0.214433 0.214433 -4.695787
v 0.214433 0.214433 -1.297207
v -0.250886 -0.170338 -4.695787
v -0.250887 -0.170338 -1.297207
v -0.278962 -0.118878 -1.297208
v -0.278962 -0.118878 -4.695786
v -0.296976 -0.061238 -1.297209
v -0.296975 -0.061238 -4.695785
v -0.303219 0.000000 -1.297210
v -0.303218 0.000000 -4.695785
v -0.296976 0.061238 -1.297209
v -0.296975 0.061238 -4.695785
v -0.278962 0.118878 -1.297208
v -0.278962 0.118878 -4.695786
v -0.250887 0.170338 -1.297207
v -0.250886 0.170338 -4.695787
v 0.250887 -0.170338 -1.297207
v 0.250888 -0.170338 -4.695787
v 0.278963 -0.118878 -4.695786
v 0.278963 -0.118878 -1.297208
v 0.296977 -0.061238 -4.695785
v 0.296977 -0.061238 -1.297209
v 0.303220 0.000000 -4.695785
v 0.303220 0.000000 -1.297210
v 0.296977 0.061238 -4.695785
v 0.296977 0.061238 -1.297209
v 0.278963 0.118878 -4.695786
v 0.278963 0.118878 -1.297208
v 0.250888 0.170338 -4.695787
v 0.250887 0.170338 -1.297207
v -0.170337 -0.250887 -1.297207
v -0.170337 -0.250887 -4.695787
v -0.118877 -0.278963 -4.695786
v -0.118878 -0.278963 -1.297208
v -0.061237 -0.296976 -4.695785
v -0.061238 -0.296976 -1.297209
v 0.000001 -0.303219 -4.695785
v 0.000000 -0.303219 -1.297210
v 0.061239 -0.296976 -4.695785
v 0.061239 -0.296976 -1.297209
v 0.118879 -0.278963 -4.695786
v 0.118878 -0.278963 -1.297208
v 0.170339 -0.250887 -4.695787
v 0.170338 -0.250887 -1.297207
v -0.170337 0.250887 -4.695787
v -0.170337 0.250887 -1.297207
v -0.118878 0.278963 -1.297208
v -0.118877 0.278963 -4.695786
v -0.061238 0.296976 -1.297209
v -0.061237 0.296976 -4.695785
v 0.000000 0.303219 -1.297210
v 0.000001 0.303219 -4.695785
v 0.061239 0.296976 -1.297209
v 0.061239 0.296976 -4.695785
v 0.118878 0.278963 -1.297208
v 0.118879 0.278963 -4.695786
v 0.170338 0.250887 -1.297207
v 0.170339 0.250887 -4.695787
v 0.175228 0.175229 1.124771
v 0.175228 -0.175227 1.124771
v -0.175228 0.175229 1.124771
v -0.175228 -0.175227 1.124771
v 0.175228 0.175231 4.868223
v 0.175228 -0.175225 4.868223
v -0.175228 0.175231 4.868223
v -0.175228 -0.175225 4.868223
v -0.146971 0.187769 1.112231
v -0.104346 0.201528 1.098472
v -0.054025 0.211183 1.088817
v 0.000000 0.214610 1.085390
v 0.054025 0.211183 1.088817
v 0.104346 0.201528 1.098472
v 0.146971 0.187769 1.112231
v 0.187769 0.146972 1.112231
v 0.201527 0.104346 1.098472
v 0.211182 0.054026 1.088817
v 0.214610 0.000001 1.085390
v 0.211182 -0.054025 1.088817
v 0.201527 -0.104345 1.098472
v 0.187769 -0.146970 1.112231
v 0.146971 -0.187768 1.112231
v 0.104346 -0.201527 1.098472
v 0.054025 -0.211182 1.088817
v 0.000000 -0.214609 1.085390
v -0.054025 -0.211182 1.088817
v -0.104346 -0.201527 1.098472
v -0.146971 -0.187768 1.112231
v -0.187769 -0.146970 1.112231
v -0.201527 -0.104345 1.098472
v -0.211182 -0.054025 1.088817
v -0.214610 0.000001 1.085390
v -0.211182 0.054026 1.088817
v -0.201527 0.104346 1.098472
v -0.187769 0.146972 1.112231
v -0.187769 0.187772 4.839966
v -0.201527 0.201530 4.797341
v -0.211182 0.211185 4.747021
v -0.211182 0.211183 1.245974
v -0.201527 0.201528 1.195654
v -0.187769 0.187769 1.153028
v -0.187769 -0.187768 1.153028
v -0.201527 -0.201527 1.195654
v -0.211182 -0.211182 1.245974
v -0.211182 -0.211179 4.747021
v -0.201527 -0.201524 4.797341
v -0.187769 -0.187766 4.839966
v -0.187769 -0.146968 4.880764
v -0.201527 -0.104343 4.894523
v -0.211182 -0.054022 4.904178
v -0.214610 0.000003 4.907605
v -0.211182 0.054028 4.904178
v -0.201527 0.104349 4.894523
v -0.187768 0.146974 4.880764
v 0.146971 0.187772 4.880764
v 0.104346 0.201531 4.894523
v 0.054026 0.211185 4.904178
v 0.000000 0.214613 4.907605
v -0.054025 0.211185 4.904178
v -0.104346 0.201531 4.894523
v -0.146971 0.187772 4.880764
v -0.146971 -0.187766 4.880764
v -0.104346 -0.201524 4.894523
v -0.054025 -0.211179 4.904178
v 0.000000 -0.214607 4.907605
v 0.054026 -0.211179 4.904178
v 0.104346 -0.201524 4.894523
v 0.146971 -0.187766 4.880764
v 0.187769 -0.146968 4.880764
v 0.201528 -0.104343 4.894523
v 0.211183 -0.054022 4.904178
v 0.214610 0.000003 4.907605
v 0.211183 0.054028 4.904178
v 0.201528 0.104349 4.894523
v 0.187769 0.146974 4.880764
v 0.187769 0.187769 1.153028
v 0.201528 0.201528 1.195654
v 0.211182 0.211183 1.245974
v 0.211182 0.211185 4.747021
v 0.201528 0.201530 4.797341
v 0.187769 0.187772 4.839966
v 0.187769 -0.187766 4.839966
v 0.201528 -0.201524 4.797341
v 0.211183 -0.211179 4.747021
v 0.211182 -0.211182 1.245974
v 0.201528 -0.201527 1.195654
v 0.187769 -0.187768 1.153028
v 0.151769 0.151770 1.085414
v 0.160619 0.106885 1.065710
v 0.167755 0.055197 1.053167
v 0.170475 0.000001 1.048896
v 0.167755 -0.055196 1.053167
v 0.160619 -0.106884 1.065710
v 0.151769 -0.151768 1.085414
v 0.106885 0.160620 1.065710
v 0.112204 0.112205 1.041281
v 0.116992 0.057741 1.025967
v 0.118974 0.000001 1.020787
v 0.116992 -0.057740 1.025967
v 0.112204 -0.112203 1.041281
v 0.106885 -0.160619 1.065710
v 0.055196 0.167756 1.053167
v 0.057740 0.116993 1.025967
v 0.060207 0.060207 1.008684
v 0.061289 0.000001 1.002748
v 0.060207 -0.060206 1.008684
v 0.057740 -0.116991 1.025967
v 0.055196 -0.167754 1.053167
v 0.000000 0.170476 1.048896
v 0.000000 0.118974 1.020786
v 0.000000 0.061289 1.002748
v 0.000000 0.000001 0.996495
v 0.000000 -0.061288 1.002748
v 0.000000 -0.118973 1.020787
v 0.000000 -0.170475 1.048896
v -0.055196 0.167756 1.053167
v -0.057740 0.116993 1.025967
v -0.060207 0.060207 1.008684
v -0.061288 0.000001 1.002748
v -0.060207 -0.060206 1.008684
v -0.057740 -0.116991 1.025967
v -0.055196 -0.167754 1.053167
v -0.106885 0.160620 1.065710
v -0.112204 0.112205 1.041281
v -0.116992 0.057741 1.025967
v -0.118974 0.000001 1.020787
v -0.116992 -0.057740 1.025967
v -0.112204 -0.112203 1.041281
v -0.106885 -0.160619 1.065710
v -0.151769 0.151770 1.085414
v -0.160619 0.106885 1.065710
v -0.167755 0.055197 1.053167
v -0.170475 0.000001 1.048896
v -0.167755 -0.055196 1.053167
v -0.160619 -0.106884 1.065710
v -0.151769 -0.151768 1.085414
v -0.214585 0.151770 1.148230
v -0.234290 0.106886 1.139380
v -0.246832 0.055197 1.132244
v -0.251103 0.000001 1.129524
v -0.246832 -0.055195 1.132244
v -0.234290 -0.106884 1.139380
v -0.214585 -0.151768 1.148230
v -0.234290 0.160620 1.193115
v -0.258718 0.112205 1.187795
v -0.274032 0.057741 1.183007
v -0.279213 0.000001 1.181026
v -0.274032 -0.057739 1.183007
v -0.258718 -0.112203 1.187796
v -0.234290 -0.160619 1.193115
v -0.246832 0.167756 1.244803
v -0.274032 0.116993 1.242259
v -0.291316 0.060207 1.239793
v -0.297251 0.000001 1.238711
v -0.291316 -0.060206 1.239793
v -0.274032 -0.116991 1.242259
v -0.246832 -0.167754 1.244803
v -0.246832 0.167758 4.748191
v -0.274032 0.116995 4.750735
v -0.291316 0.060210 4.753201
v -0.297251 0.000003 4.754284
v -0.291316 -0.060204 4.753201
v -0.274032 -0.116989 4.750735
v -0.246832 -0.167752 4.748191
v -0.234290 0.160622 4.799880
v -0.258718 0.112207 4.805199
v -0.274032 0.057743 4.809987
v -0.279213 0.000003 4.811969
v -0.274032 -0.057737 4.809987
v -0.258718 -0.112201 4.805199
v -0.234290 -0.160616 4.799880
v -0.214585 0.151772 4.844764
v -0.234290 0.106888 4.853615
v -0.246832 0.055199 4.860750
v -0.251103 0.000003 4.863470
v -0.246832 -0.055193 4.860750
v -0.234290 -0.106882 4.853615
v -0.214585 -0.151766 4.844764
v -0.151769 0.151772 4.907580
v -0.160619 0.106888 4.927285
v -0.167755 0.055199 4.939828
v -0.170475 0.000003 4.944098
v -0.167755 -0.055193 4.939828
v -0.160619 -0.106882 4.927285
v -0.151769 -0.151766 4.907580
v -0.106885 0.160623 4.927285
v -0.112204 0.112207 4.951714
v -0.116992 0.057743 4.967028
v -0.118974 0.000003 4.972208
v -0.116992 -0.057737 4.967028
v -0.112204 -0.112201 4.951714
v -0.106885 -0.160616 4.927285
v -0.055196 0.167758 4.939828
v -0.057740 0.116995 4.967028
v -0.060206 0.060210 4.984311
v -0.061288 0.000003 4.990247
v -0.060206 -0.060204 4.984311
v -0.057740 -0.116989 4.967028
v -0.055196 -0.167752 4.939828
v 0.000000 0.170478 4.944098
v 0.000000 0.118977 4.972208
v 0.000000 0.061292 4.990247
v 0.000000 0.000003 4.996499
v 0.000000 -0.061285 4.990247
v 0.000000 -0.118971 4.972208
v 0.000000 -0.170472 4.944098
v 0.055196 0.167758 4.939828
v 0.057740 0.116995 4.967028
v 0.060207 0.060210 4.984311
v 0.061289 0.000003 4.990247
v 0.060207 -0.060204 4.984311
v 0.057740 -0.116989 4.967028
v 0.055196 -0.167752 4.939828
v 0.106885 0.160623 4.927285
v 0.112204 0.112207 4.951714
v 0.116992 0.057743 4.967028
v 0.118974 0.000003 4.972208
v 0.116992 -0.057737 4.967028
v 0.112204 -0.112201 4.951714
v 0.106885 -0.160616 4.927285
v 0.151769 0.151772 4.907580
v 0.160620 0.106888 4.927285
v 0.167755 0.055199 4.939828
v 0.170475 0.000003 4.944098
v 0.167755 -0.055193 4.939828
v 0.160620 -0.106882 4.927285
v 0.151769 -0.151766 4.907580
v 0.214586 0.151772 4.844764
v 0.234290 0.106888 4.853615
v 0.246833 0.055199 4.860750
v 0.251103 0.000003 4.863470
v 0.246833 -0.055193 4.860750
v 0.234290 -0.106882 4.853615
v 0.214586 -0.151766 4.844764
v 0.234290 0.160622 4.799880
v 0.258718 0.112207 4.805199
v 0.274032 0.057743 4.809987
v 0.279213 0.000003 4.811969
v 0.274032 -0.057737 4.809987
v 0.258718 -0.112201 4.805199
v 0.234290 -0.160616 4.799880
v 0.246833 0.167758 4.748191
v 0.274032 0.116995 4.750735
v 0.291316 0.060210 4.753201
v 0.297252 0.000003 4.754284
v 0.291316 -0.060204 4.753201
v 0.274032 -0.116989 4.750735
v 0.246833 -0.167752 4.748191
v 0.246833 0.167756 1.244803
v 0.274032 0.116993 1.242259
v 0.291316 0.060207 1.239793
v 0.297251 0.000001 1.238711
v 0.291316 -0.060206 1.239793
v 0.274032 -0.116991 1.242259
v 0.246833 -0.167754 1.244803
v 0.234290 0.160620 1.193115
v 0.258718 0.112205 1.187795
v 0.274032 0.057741 1.183007
v 0.279213 0.000001 1.181026
v 0.274032 -0.057739 1.183007
v 0.258718 -0.112203 1.187796
v 0.234290 -0.160619 1.193115
v 0.214586 0.151770 1.148230
v 0.234290 0.106886 1.139380
v 0.246833 0.055197 1.132244
v 0.251103 0.000001 1.129524
v 0.246833 -0.055195 1.132244
v 0.234290 -0.106884 1.139380
v 0.214586 -0.151768 1.148230
v -0.151769 0.214586 1.148230
v -0.160619 0.234291 1.193115
v -0.167755 0.246833 1.244803
v -0.167755 0.246835 4.748191
v -0.160619 0.234293 4.799880
v -0.151769 0.214589 4.844764
v -0.106885 0.234290 1.139380
v -0.112204 0.258719 1.187795
v -0.116992 0.274033 1.242259
v -0.116992 0.274035 4.750735
v -0.112204 0.258721 4.805199
v -0.106885 0.234293 4.853615
v -0.055196 0.246833 1.132244
v -0.057740 0.274033 1.183007
v -0.060207 0.291317 1.239793
v -0.060206 0.291319 4.753201
v -0.057740 0.274035 4.809987
v -0.055196 0.246836 4.860750
v 0.000000 0.251104 1.129524
v 0.000000 0.279214 1.181026
v 0.000000 0.297252 1.238711
v 0.000000 0.297254 4.754284
v 0.000000 0.279216 4.811969
v 0.000000 0.251106 4.863470
v 0.055196 0.246833 1.132244
v 0.057740 0.274033 1.183007
v 0.060207 0.291317 1.239793
v 0.060207 0.291319 4.753201
v 0.057740 0.274035 4.809987
v 0.055196 0.246836 4.860750
v 0.106885 0.234290 1.139380
v 0.112204 0.258719 1.187795
v 0.116992 0.274033 1.242259
v 0.116992 0.274035 4.750735
v 0.112204 0.258721 4.805199
v 0.106885 0.234293 4.853615
v 0.151769 0.214586 1.148230
v 0.160619 0.234291 1.193115
v 0.167755 0.246833 1.244803
v 0.167755 0.246835 4.748191
v 0.160620 0.234293 4.799880
v 0.151769 0.214589 4.844764
v -0.151769 -0.214582 4.844764
v -0.160619 -0.234287 4.799880
v -0.167755 -0.246830 4.748191
v -0.167755 -0.246832 1.244803
v -0.160619 -0.234289 1.193115
v -0.151769 -0.214585 1.148230
v -0.106885 -0.234287 4.853615
v -0.112204 -0.258715 4.805199
v -0.116992 -0.274029 4.750735
v -0.116992 -0.274031 1.242259
v -0.112204 -0.258718 1.187796
v -0.106885 -0.234289 1.139380
v -0.055196 -0.246829 4.860750
v -0.057740 -0.274029 4.809987
v -0.060206 -0.291313 4.753202
v -0.060207 -0.291315 1.239793
v -0.057740 -0.274031 1.183008
v -0.055196 -0.246832 1.132245
v 0.000000 -0.251100 4.863470
v 0.000000 -0.279210 4.811969
v 0.000000 -0.297248 4.754284
v 0.000000 -0.297251 1.238711
v 0.000000 -0.279212 1.181026
v 0.000000 -0.251103 1.129524
v 0.055196 -0.246829 4.860750
v 0.057740 -0.274029 4.809987
v 0.060207 -0.291313 4.753201
v 0.060207 -0.291315 1.239793
v 0.057740 -0.274031 1.183008
v 0.055196 -0.246832 1.132245
v 0.106885 -0.234287 4.853615
v 0.112204 -0.258715 4.805199
v 0.116992 -0.274029 4.750735
v 0.116992 -0.274031 1.242259
v 0.112204 -0.258718 1.187796
v 0.106885 -0.234289 1.139380
v 0.151769 -0.214582 4.844764
v 0.160620 -0.234287 4.799880
v 0.167755 -0.246830 4.748191
v 0.167755 -0.246832 1.244803
v 0.160619 -0.234289 1.193115
v 0.151769 -0.214585 1.148230
v -0.214432 0.214436 4.695787
v -0.214432 0.214433 1.297207
v -0.214432 -0.214432 1.297207
v -0.214432 -0.214430 4.695787
v 0.214433 0.214433 1.297207
v 0.214433 0.214436 4.695787
v 0.214433 -0.214430 4.695787
v 0.214433 -0.214432 1.297207
v -0.250887 0.170341 4.695787
v -0.250887 0.170338 1.297207
v -0.278962 0.118879 1.297208
v -0.278962 0.118881 4.695786
v -0.296976 0.061239 1.297209
v -0.296976 0.061241 4.695785
v -0.303219 0.000001 1.297210
v -0.303219 0.000003 4.695785
v -0.296976 -0.061238 1.297209
v -0.296976 -0.061235 4.695785
v -0.278962 -0.118877 1.297209
v -0.278962 -0.118875 4.695786
v -0.250887 -0.170337 1.297208
v -0.250887 -0.170335 4.695787
v 0.250887 0.170338 1.297207
v 0.250887 0.170341 4.695787
v 0.278963 0.118881 4.695786
v 0.278963 0.118879 1.297208
v 0.296977 0.061241 4.695785
v 0.296976 0.061239 1.297209
v 0.303220 0.000003 4.695785
v 0.303219 0.000001 1.297210
v 0.296977 -0.061235 4.695785
v 0.296976 -0.061238 1.297209
v 0.278963 -0.118875 4.695786
v 0.278963 -0.118877 1.297209
v 0.250887 -0.170335 4.695787
v 0.250887 -0.170337 1.297208
v -0.170338 0.250888 1.297207
v -0.170337 0.250890 4.695787
v -0.118878 0.278966 4.695786
v -0.118878 0.278963 1.297208
v -0.061238 0.296979 4.695785
v -0.061238 0.296977 1.297209
v 0.000000 0.303222 4.695785
v 0.000000 0.303220 1.297210
v 0.061239 0.296979 4.695785
v 0.061238 0.296977 1.297209
v 0.118878 0.278966 4.695786
v 0.118878 0.278963 1.297208
v 0.170338 0.250890 4.695787
v 0.170338 0.250888 1.297207
v -0.170337 -0.250884 4.695787
v -0.170338 -0.250886 1.297208
v -0.118878 -0.278962 1.297209
v -0.118878 -0.278960 4.695786
v -0.061238 -0.296975 1.297210
v -0.061238 -0.296973 4.695785
v 0.000000 -0.303219 1.297210
v 0.000000 -0.303216 4.695785
v 0.061238 -0.296976 1.297210
v 0.061239 -0.296973 4.695785
v 0.118878 -0.278962 1.297209
v 0.118878 -0.278960 4.695786
v 0.170338 -0.250886 1.297208
v 0.170338 -0.250884 4.695787
v 0.000000 5.508045 -0.282594
v 0.718944 5.460923 -0.282594
v 0.718944 5.460923 0.282593
v 0.000000 5.508045 0.282593
v 1.425587 5.320363 -0.282594
v 1.425587 5.320363 0.282593
v 2.107837 5.088769 -0.282594
v 2.107837 5.088769 0.282593
v 2.754022 4.770106 -0.282594
v 2.754022 4.770106 0.282593
v 3.353085 4.369826 -0.282594
v 3.353085 4.369826 0.282594
v 3.894776 3.894776 -0.282594
v 3.894776 3.894776 0.282594
v 4.369826 3.353085 -0.282594
v 4.369826 3.353085 0.282594
v 4.770106 2.754022 -0.282594
v 4.770106 2.754022 0.282594
v 5.088769 2.107837 -0.282594
v 5.088769 2.107837 0.282594
v 5.320363 1.425587 -0.282594
v 5.320363 1.425587 0.282594
v 5.460923 0.718944 -0.282594
v 5.460923 0.718944 0.282594
v 5.460923 -0.718944 -0.282594
v 5.460923 -0.718944 0.282594
v 5.320363 -1.425587 -0.282594
v 5.320363 -1.425587 0.282594
v 5.088769 -2.107837 -0.282594
v 5.088769 -2.107837 0.282594
v 4.770106 -2.754022 -0.282594
v 4.770106 -2.754022 0.282594
v 4.369826 -3.353085 -0.282594
v 4.369826 -3.353085 0.282594
v 3.894776 -3.894776 -0.282594
v 3.894776 -3.894776 0.282594
v 3.353085 -4.369826 -0.282594
v 3.353085 -4.369826 0.282594
v 2.754022 -4.770106 -0.282593
v 2.754022 -4.770106 0.282594
v 2.107837 -5.088769 -0.282593
v 2.107837 -5.088769 0.282594
v 1.425587 -5.320363 -0.282593
v 1.425587 -5.320363 0.282594
v 0.718944 -5.460923 -0.282593
v 0.718944 -5.460923 0.282594
v 0.000000 -5.508045 -0.282593
v 0.000000 -5.508045 0.282594
v -0.718944 -5.460923 -0.282593
v -0.718944 -5.460923 0.282594
v -1.425587 -5.320363 -0.282593
v -1.425587 -5.320363 0.282594
v -2.107837 -5.088769 -0.282593
v -2.107837 -5.088769 0.282594
v -2.754022 -4.770106 -0.282593
v -2.754022 -4.770106 0.282594
v -3.353085 -4.369826 -0.282594
v -3.353085 -4.369826 0.282594
v -3.894776 -3.894776 -0.282594
v -3.894776 -3.894776 0.282594
v -4.369826 -3.353085 -0.282594
v -4.369826 -3.353085 0.282594
v -4.770106 -2.754022 -0.282594
v -4.770106 -2.754022 0.282594
v -5.088769 -2.107837 -0.282594
v -5.088769 -2.107837 0.282594
v -5.320363 -1.425587 -0.282594
v -5.320363 -1.425587 0.282594
v -5.460923 -0.718944 -0.282594
v -5.460923 -0.718944 0.282594
v -5.460923 0.718944 -0.282594
v -5.460923 0.718944 0.282594
v -5.320363 1.425587 -0.282594
v -5.320363 1.425587 0.282594
v -5.088769 2.107837 -0.282594
v -5.088769 2.107837 0.282594
v -4.770106 2.754022 -0.282594
v -4.770106 2.754022 0.282594
v -4.369826 3.353085 -0.282594
v -4.369826 3.353085 0.282594
v -3.894776 3.894776 -0.282594
v -3.894776 3.894776 0.282594
v -3.353085 4.369826 -0.282594
v -3.353085 4.369826 0.282594
v -2.754022 4.770106 -0.282594
v -2.754022 4.770106 0.282593
v -2.107837 5.088769 -0.282594
v -2.107837 5.088769 0.282593
v -1.425587 5.320363 -0.282594
v -1.425587 5.320363 0.282593
v -0.718944 5.460923 -0.282594
v -0.718944 5.460923 0.282593
v 0.000000 5.208045 -0.282594
v 0.679786 5.163489 -0.282594
v 0.679786 5.163489 0.282593
v 0.000000 5.208045 0.282593
v 1.347941 5.030585 -0.282594
v 1.347941 5.030585 0.282593
v 1.993032 4.811605 -0.282594
v 1.993032 4.811605 0.282593
v 2.604023 4.510299 -0.282594
v 2.604023 4.510299 0.282594
v 3.170457 4.131820 -0.282594
v 3.170457 4.131820 0.282594
v 3.682644 3.682644 -0.282594
v 3.682644 3.682644 0.282594
v 4.131820 3.170457 -0.282594
v 4.131820 3.170457 0.282594
v 4.510299 2.604023 -0.282594
v 4.510299 2.604023 0.282594
v 4.811605 1.993032 -0.282594
v 4.811605 1.993032 0.282594
v 5.030585 1.347941 -0.282594
v 5.030585 1.347941 0.282594
v 5.166687 0.660417 -0.282594
v 5.166687 0.660417 0.282594
v 5.166687 -0.660417 -0.282594
v 5.166687 -0.660417 0.282594
v 5.030585 -1.347941 -0.282594
v 5.030585 -1.347941 0.282594
v 4.811605 -1.993032 -0.282594
v 4.811605 -1.993032 0.282594
v 4.510299 -2.604023 -0.282594
v 4.510299 -2.604023 0.282594
v 4.131820 -3.170457 -0.282594
v 4.131820 -3.170457 0.282594
v 3.682644 -3.682644 -0.282594
v 3.682644 -3.682644 0.282594
v 3.170457 -4.131820 -0.282594
v 3.170457 -4.131820 0.282594
v 2.604023 -4.510299 -0.282594
v 2.604023 -4.510299 0.282594
v 1.993032 -4.811605 -0.282593
v 1.993032 -4.811605 0.282594
v 1.347941 -5.030585 -0.282593
v 1.347941 -5.030585 0.282594
v 0.679786 -5.163489 -0.282593
v 0.679786 -5.163489 0.282594
v 0.000000 -5.208045 -0.282593
v 0.000000 -5.208045 0.282594
v -0.679786 -5.163489 -0.282593
v -0.679786 -5.163489 0.282594
v -1.347941 -5.030585 -0.282593
v -1.347941 -5.030585 0.282594
v -1.993032 -4.811605 -0.282593
v -1.993032 -4.811605 0.282594
v -2.604023 -4.510299 -0.282594
v -2.604023 -4.510299 0.282594
v -3.170457 -4.131820 -0.282594
v -3.170457 -4.131820 0.282594
v -3.682644 -3.682644 -0.282594
v -3.682644 -3.682644 0.282594
v -4.131820 -3.170457 -0.282594
v -4.131820 -3.170457 0.282594
v -4.510299 -2.604023 -0.282594
v -4.510299 -2.604023 0.282594
v -4.811605 -1.993032 -0.282594
v -4.811605 -1.993032 0.282594
v -5.030585 -1.347941 -0.282594
v -5.030585 -1.347941 0.282594
v -5.166687 -0.660417 -0.282594
v -5.166687 -0.660417 0.282594
v -5.166687 0.660417 -0.282594
v -5.166687 0.660417 0.282594
v -5.030585 1.347941 -0.282594
v -5.030585 1.347941 0.282594
v -4.811605 1.993032 -0.282594
v -4.811605 1.993032 0.282594
v -4.510299 2.604023 -0.282594
v -4.510299 2.604023 0.282594
v -4.131820 3.170457 -0.282594
v -4.131820 3.170457 0.282594
v -3.682644 3.682644 -0.282594
v -3.682644 3.682644 0.282594
v -3.170457 4.131820 -0.282594
v -3.170457 4.131820 0.282594
v -2.604023 4.510299 -0.282594
v -2.604023 4.510299 0.282594
v -1.993032 4.811605 -0.282594
v -1.993032 4.811605 0.282593
v -1.347941 5.030585 -0.282594
v -1.347941 5.030585 0.282593
v -0.679786 5.163489 -0.282594
v -0.679786 5.163489 0.282593
v -0.494391 -0.494391 0.494391
v -0.494391 0.494391 0.494391
v -0.494391 -0.494391 -0.494391
v -0.494391 0.494391 -0.494391
v 0.494391 -0.494391 0.494391
v 0.494391 0.494391 0.494391
v 0.494391 -0.494391 -0.494391
v 0.494391 0.494391 -0.494391
v -0.529773 -0.529773 -0.414666
v -0.568592 -0.568592 -0.294403
v -0.595833 -0.595833 -0.152428
v -0.605503 -0.605503 -0.000000
v -0.595833 -0.595833 0.152428
v -0.568592 -0.568592 0.294403
v -0.529773 -0.529773 0.414666
v -0.529773 -0.414666 0.529773
v -0.568592 -0.294403 0.568592
v -0.595833 -0.152428 0.595833
v -0.605503 -0.000000 0.605503
v -0.595833 0.152428 0.595833
v -0.568592 0.294403 0.568592
v -0.529773 0.414666 0.529773
v -0.529773 0.529773 0.414666
v -0.568592 0.568592 0.294403
v -0.595833 0.595833 0.152428
v -0.605503 0.605503 0.000000
v -0.595833 0.595833 -0.152428
v -0.568592 0.568592 -0.294403
v -0.529773 0.529773 -0.414666
v -0.529773 0.414666 -0.529773
v -0.568592 0.294403 -0.568592
v -0.595833 0.152428 -0.595833
v -0.605503 -0.000000 -0.605503
v -0.595833 -0.152428 -0.595833
v -0.568592 -0.294403 -0.568592
v -0.529773 -0.414666 -0.529773
v 0.414666 -0.529773 -0.529773
v 0.294403 -0.568592 -0.568592
v 0.152428 -0.595833 -0.595833
v 0.000000 -0.605503 -0.605503
v -0.152428 -0.595833 -0.595833
v -0.294403 -0.568592 -0.568592
v -0.414666 -0.529773 -0.529773
v -0.414666 0.529773 -0.529773
v -0.294403 0.568592 -0.568592
v -0.152428 0.595833 -0.595833
v -0.000000 0.605503 -0.605503
v 0.152428 0.595833 -0.595833
v 0.294403 0.568592 -0.568592
v 0.414666 0.529773 -0.529773
v 0.529773 0.414666 -0.529773
v 0.568592 0.294403 -0.568592
v 0.595833 0.152428 -0.595833
v 0.605503 -0.000000 -0.605503
v 0.595833 -0.152428 -0.595833
v 0.568592 -0.294403 -0.568592
v 0.529773 -0.414666 -0.529773
v 0.529773 -0.529773 0.414666
v 0.568592 -0.568592 0.294403
v 0.595833 -0.595833 0.152428
v 0.605503 -0.605503 0.000000
v 0.595833 -0.595833 -0.152428
v 0.568592 -0.568592 -0.294403
v 0.529773 -0.529773 -0.414666
v 0.529773 0.529773 -0.414666
v 0.568592 0.568592 -0.294402
v 0.595833 0.595833 -0.152428
v 0.605503 0.605503 0.000000
v 0.595833 0.595833 0.152428
v 0.568592 0.568592 0.294403
v 0.529773 0.529773 0.414666
v 0.529773 0.414666 0.529773
v 0.568592 0.294403 0.568592
v 0.595833 0.152428 0.595833
v 0.605503 -0.000000 0.605503
v 0.595833 -0.152428 0.595833
v 0.568592 -0.294403 0.568592
v 0.529773 -0.414666 0.529773
v -0.414666 -0.529773 0.529773
v -0.294403 -0.568592 0.568592
v -0.152428 -0.595833 0.595833
v -0.000000 -0.605503 0.605503
v 0.152428 -0.595833 0.595833
v 0.294402 -0.568592 0.568592
v 0.414666 -0.529773 0.529773
v 0.414666 0.529773 0.529773
v 0.294402 0.568592 0.568592
v 0.152428 0.595833 0.595833
v -0.000000 0.605503 0.605503
v -0.152428 0.595833 0.595833
v -0.294403 0.568592 0.568592
v -0.414666 0.529773 0.529773
v -0.605434 -0.428203 0.428204
v -0.661028 -0.301566 0.453174
v -0.696416 -0.155731 0.473306
v -0.708466 -0.000000 0.480981
v -0.696416 0.155731 0.473306
v -0.661028 0.301566 0.453174
v -0.605434 0.428203 0.428203
v -0.661028 -0.453174 0.301566
v -0.729951 -0.316574 0.316574
v -0.773158 -0.162909 0.330083
v -0.787775 -0.000000 0.335674
v -0.773158 0.162909 0.330083
v -0.729951 0.316574 0.316574
v -0.661028 0.453174 0.301566
v -0.696416 -0.473306 0.155731
v -0.773158 -0.330083 0.162909
v -0.821923 -0.169868 0.169868
v -0.838669 0.000000 0.172920
v -0.821923 0.169868 0.169868
v -0.773158 0.330083 0.162909
v -0.696417 0.473306 0.155731
v -0.708466 -0.480981 -0.000000
v -0.787775 -0.335674 -0.000000
v -0.838669 -0.172920 0.000000
v -0.856310 0.000000 0.000000
v -0.838669 0.172920 0.000000
v -0.787775 0.335674 0.000000
v -0.708466 0.480981 0.000000
v -0.696416 -0.473306 -0.155731
v -0.773158 -0.330083 -0.162909
v -0.821923 -0.169868 -0.169868
v -0.838669 0.000000 -0.172920
v -0.821923 0.169868 -0.169868
v -0.773158 0.330083 -0.162909
v -0.696417 0.473306 -0.155731
v -0.661028 -0.453174 -0.301566
v -0.729951 -0.316574 -0.316574
v -0.773158 -0.162909 -0.330083
v -0.787775 0.000000 -0.335674
v -0.773158 0.162909 -0.330083
v -0.729951 0.316574 -0.316574
v -0.661028 0.453174 -0.301566
v -0.605434 -0.428204 -0.428204
v -0.661028 -0.301566 -0.453174
v -0.696417 -0.155731 -0.473306
v -0.708466 0.000000 -0.480981
v -0.696417 0.155731 -0.473306
v -0.661028 0.301566 -0.453174
v -0.605434 0.428204 -0.428204
v -0.428204 -0.428203 -0.605434
v -0.453174 -0.301566 -0.661028
v -0.473306 -0.155731 -0.696416
v -0.480981 -0.000000 -0.708466
v -0.473306 0.155731 -0.696416
v -0.453174 0.301566 -0.661028
v -0.428203 0.428203 -0.605434
v -0.301566 -0.453174 -0.661028
v -0.316574 -0.316574 -0.729951
v -0.330083 -0.162909 -0.773158
v -0.335674 -0.000000 -0.787775
v -0.330083 0.162909 -0.773158
v -0.316574 0.316574 -0.729951
v -0.301566 0.453174 -0.661028
v -0.155731 -0.473306 -0.696417
v -0.162909 -0.330083 -0.773158
v -0.169868 -0.169868 -0.821923
v -0.172920 -0.000000 -0.838669
v -0.169868 0.169868 -0.821923
v -0.162909 0.330083 -0.773158
v -0.155731 0.473306 -0.696417
v 0.000000 -0.480981 -0.708466
v 0.000000 -0.335674 -0.787775
v 0.000000 -0.172920 -0.838669
v 0.000000 0.000000 -0.856310
v 0.000000 0.172920 -0.838669
v -0.000000 0.335674 -0.787775
v -0.000000 0.480981 -0.708466
v 0.155731 -0.473306 -0.696416
v 0.162909 -0.330083 -0.773158
v 0.169868 -0.169868 -0.821923
v 0.172920 0.000000 -0.838669
v 0.169868 0.169868 -0.821923
v 0.162909 0.330083 -0.773158
v 0.155731 0.473306 -0.696417
v 0.301566 -0.453174 -0.661028
v 0.316574 -0.316574 -0.729951
v 0.330083 -0.162909 -0.773158
v 0.335674 0.000000 -0.787775
v 0.330083 0.162909 -0.773158
v 0.316574 0.316574 -0.729951
v 0.301566 0.453174 -0.661028
v 0.428203 -0.428204 -0.605434
v 0.453174 -0.301566 -0.661028
v 0.473306 -0.155731 -0.696417
v 0.480981 0.000000 -0.708466
v 0.473306 0.155731 -0.696417
v 0.453174 0.301566 -0.661028
v 0.428204 0.428204 -0.605434
v 0.605434 -0.428203 -0.428204
v 0.661028 -0.301566 -0.453174
v 0.696416 -0.155731 -0.473306
v 0.708466 -0.000000 -0.480981
v 0.696416 0.155731 -0.473306
v 0.661028 0.301566 -0.453174
v 0.605434 0.428203 -0.428203
v 0.661028 -0.453174 -0.301566
v 0.729951 -0.316574 -0.316574
v 0.773158 -0.162909 -0.330083
v 0.787775 -0.000000 -0.335674
v 0.773158 0.162909 -0.330083
v 0.729951 0.316574 -0.316574
v 0.661028 0.453174 -0.301566
v 0.696417 -0.473306 -0.155731
v 0.773158 -0.330083 -0.162909
v 0.821923 -0.169868 -0.169868
v 0.838669 -0.000000 -0.172920
v 0.821923 0.169868 -0.169868
v 0.773158 0.330083 -0.162909
v 0.696417 0.473306 -0.155731
v 0.708466 -0.480981 0.000000
v 0.787775 -0.335674 0.000000
v 0.838669 -0.172920 0.000000
v 0.856310 0.000000 0.000000
v 0.838669 0.172920 0.000000
v 0.787775 0.335674 -0.000000
v 0.708466 0.480981 -0.000000
v 0.696416 -0.473306 0.155731
v 0.773158 -0.330083 0.162909
v 0.821923 -0.169868 0.169868
v 0.838669 0.000000 0.172920
v 0.821923 0.169868 0.169868
v 0.773158 0.330083 0.162909
v 0.696417 0.473306 0.155731
v 0.661028 -0.453174 0.301566
v 0.729951 -0.316574 0.316574
v 0.773158 -0.162909 0.330083
v 0.787775 0.000000 0.335674
v 0.773158 0.162909 0.330083
v 0.729951 0.316574 0.316574
v 0.661028 0.453174 0.301566
v 0.605434 -0.428204 0.428203
v 0.661028 -0.301566 0.453174
v 0.696416 -0.155731 0.473306
v 0.708466 0.000000 0.480981
v 0.696417 0.155731 0.473306
v 0.661028 0.301566 0.453174
v 0.605434 0.428204 0.428204
v 0.428204 -0.428203 0.605434
v 0.453174 -0.301566 0.661028
v 0.473306 -0.155731 0.696416
v 0.480981 -0.000000 0.708466
v 0.473306 0.155731 0.696416
v 0.453174 0.301566 0.661028
v 0.428203 0.428203 0.605434
v 0.301566 -0.453174 0.661028
v 0.316574 -0.316574 0.729951
v 0.330083 -0.162909 0.773158
v 0.335674 -0.000000 0.787775
v 0.330083 0.162909 0.773158
v 0.316574 0.316574 0.729951
v 0.301566 0.453174 0.661028
v 0.155731 -0.473306 0.696417
v 0.162909 -0.330083 0.773158
v 0.169868 -0.169868 0.821923
v 0.172920 -0.000000 0.838669
v 0.169868 0.169868 0.821923
v 0.162909 0.330083 0.773158
v 0.155731 0.473306 0.696417
v -0.000000 -0.480981 0.708466
v -0.000000 -0.335674 0.787775
v -0.000000 -0.172920 0.838669
v -0.000000 0.000000 0.856310
v -0.000000 0.172920 0.838669
v 0.000000 0.335674 0.787775
v 0.000000 0.480981 0.708466
v -0.155731 -0.473306 0.696416
v -0.162909 -0.330083 0.773158
v -0.169868 -0.169868 0.821923
v -0.172920 0.000000 0.838669
v -0.169868 0.169868 0.821923
v -0.162909 0.330083 0.773158
v -0.155731 0.473306 0.696417
v -0.301566 -0.453174 0.661028
v -0.316574 -0.316574 0.729951
v -0.330083 -0.162909 0.773158
v -0.335674 0.000000 0.787775
v -0.330083 0.162909 0.773158
v -0.316574 0.316574 0.729951
v -0.301566 0.453174 0.661028
v -0.428203 -0.428204 0.605434
v -0.453174 -0.301566 0.661028
v -0.473306 -0.155731 0.696417
v -0.480981 0.000000 0.708466
v -0.473306 0.155731 0.696417
v -0.453174 0.301566 0.661028
v -0.428204 0.428204 0.605434
v -0.428203 -0.605434 -0.428203
v -0.301566 -0.661028 -0.453174
v -0.155731 -0.696417 -0.473306
v -0.000000 -0.708466 -0.480981
v 0.155731 -0.696417 -0.473306
v 0.301566 -0.661028 -0.453174
v 0.428203 -0.605434 -0.428203
v -0.453174 -0.661028 -0.301566
v -0.316574 -0.729951 -0.316574
v -0.162909 -0.773158 -0.330083
v -0.000000 -0.787775 -0.335674
v 0.162909 -0.773158 -0.330083
v 0.316574 -0.729951 -0.316574
v 0.453174 -0.661028 -0.301566
v -0.473306 -0.696417 -0.155731
v -0.330083 -0.773158 -0.162909
v -0.169868 -0.821923 -0.169868
v -0.000000 -0.838669 -0.172920
v 0.169868 -0.821923 -0.169868
v 0.330083 -0.773158 -0.162909
v 0.473306 -0.696417 -0.155731
v -0.480981 -0.708466 0.000000
v -0.335674 -0.787775 0.000000
v -0.172920 -0.838669 0.000000
v 0.000000 -0.856310 0.000000
v 0.172920 -0.838669 0.000000
v 0.335674 -0.787775 -0.000000
v 0.480981 -0.708466 0.000000
v -0.473306 -0.696417 0.155731
v -0.330083 -0.773158 0.162909
v -0.169868 -0.821923 0.169868
v 0.000000 -0.838669 0.172920
v 0.169868 -0.821923 0.169868
v 0.330083 -0.773158 0.162909
v 0.473306 -0.696417 0.155731
v -0.453174 -0.661028 0.301566
v -0.316574 -0.729951 0.316574
v -0.162909 -0.773158 0.330083
v 0.000000 -0.787775 0.335674
v 0.162909 -0.773158 0.330083
v 0.316574 -0.729951 0.316574
v 0.453174 -0.661028 0.301566
v -0.428204 -0.605434 0.428203
v -0.301566 -0.661028 0.453174
v -0.155731 -0.696417 0.473306
v 0.000000 -0.708466 0.480981
v 0.155731 -0.696417 0.473306
v 0.301566 -0.661028 0.453174
v 0.428204 -0.605434 0.428204
v 0.428203 0.605434 -0.428204
v 0.301566 0.661028 -0.453174
v 0.155731 0.696416 -0.473306
v 0.000000 0.708466 -0.480981
v -0.155731 0.696417 -0.473306
v -0.301566 0.661028 -0.453174
v -0.428203 0.605434 -0.428204
v 0.453174 0.661028 -0.301566
v 0.316574 0.729951 -0.316574
v 0.162909 0.773158 -0.330083
v 0.000000 0.787775 -0.335674
v -0.162909 0.773158 -0.330083
v -0.316574 0.729951 -0.316574
v -0.453174 0.661028 -0.301566
v 0.473306 0.696417 -0.155731
v 0.330083 0.773158 -0.162909
v 0.169868 0.821923 -0.169868
v 0.000000 0.838669 -0.172920
v -0.169868 0.821923 -0.169868
v -0.330083 0.773158 -0.162909
v -0.473306 0.696417 -0.155731
v 0.480981 0.708466 0.000000
v 0.335674 0.787775 0.000000
v 0.172920 0.838669 0.000000
v -0.000000 0.856310 0.000000
v -0.172920 0.838669 0.000000
v -0.335674 0.787775 -0.000000
v -0.480981 0.708466 0.000000
v 0.473306 0.696417 0.155731
v 0.330083 0.773158 0.162909
v 0.169868 0.821923 0.169868
v -0.000000 0.838669 0.172920
v -0.169868 0.821923 0.169868
v -0.330083 0.773158 0.162909
v -0.473306 0.696417 0.155731
v 0.453174 0.661028 0.301566
v 0.316574 0.729951 0.316574
v 0.162909 0.773158 0.330083
v -0.000000 0.787775 0.335674
v -0.162909 0.773158 0.330083
v -0.316574 0.729951 0.316574
v -0.453174 0.661028 0.301566
v 0.428204 0.605434 0.428203
v 0.301566 0.661028 0.453174
v 0.155731 0.696416 0.473306
v -0.000000 0.708466 0.480981
v -0.155731 0.696417 0.473306
v -0.301566 0.661028 0.453174
v -0.428204 0.605434 0.428204
v 1.124771 -0.175228 0.175228
v 1.124771 0.175228 0.175228
v 1.124771 -0.175228 -0.175228
v 1.124771 0.175228 -0.175228
v 4.868223 -0.175228 0.175228
v 4.868223 0.175228 0.175228
v 4.868223 -0.175228 -0.175228
v 4.868223 0.175228 -0.175228
v 1.112231 -0.187769 -0.146971
v 1.098472 -0.201527 -0.104346
v 1.088817 -0.211182 -0.054025
v 1.085390 -0.214610 -0.000000
v 1.088817 -0.211182 0.054025
v 1.098472 -0.201527 0.104346
v 1.112231 -0.187769 0.146971
v 1.112231 -0.146971 0.187769
v 1.098472 -0.104346 0.201527
v 1.088817 -0.054025 0.211182
v 1.085390 -0.000000 0.214610
v 1.088817 0.054025 0.211182
v 1.098472 0.104346 0.201527
v 1.112231 0.146971 0.187769
v 1.112231 0.187769 0.146971
v 1.098472 0.201527 0.104346
v 1.088817 0.211182 0.054025
v 1.085390 0.214610 0.000000
v 1.088817 0.211182 -0.054025
v 1.098472 0.201527 -0.104346
v 1.112231 0.187769 -0.146971
v 1.112231 0.146971 -0.187769
v 1.098472 0.104346 -0.201527
v 1.088817 0.054025 -0.211182
v 1.085390 -0.000000 -0.214610
v 1.088817 -0.054025 -0.211182
v 1.098472 -0.104346 -0.201527
v 1.112231 -0.146971 -0.187769
v 4.839966 -0.187769 -0.187769
v 4.797341 -0.201527 -0.201527
v 4.747021 -0.211182 -0.211182
v 1.245974 -0.211182 -0.211182
v 1.195654 -0.201527 -0.201527
v 1.153028 -0.187769 -0.187769
v 1.153028 0.187769 -0.187769
v 1.195654 0.201527 -0.201527
v 1.245974 0.211182 -0.211182
v 4.747021 0.211182 -0.211182
v 4.797341 0.201527 -0.201527
v 4.839966 0.187769 -0.187769
v 4.880764 0.146971 -0.187769
v 4.894523 0.104346 -0.201527
v 4.904178 0.054025 -0.211182
v 4.907605 -0.000000 -0.214610
v 4.904178 -0.054025 -0.211182
v 4.894523 -0.104346 -0.201527
v 4.880764 -0.146971 -0.187769
v 4.880764 -0.187769 0.146971
v 4.894523 -0.201527 0.104346
v 4.904178 -0.211182 0.054025
v 4.907605 -0.214610 0.000000
v 4.904178 -0.211182 -0.054025
v 4.894523 -0.201527 -0.104346
v 4.880764 -0.187769 -0.146971
v 4.880764 0.187769 -0.146971
v 4.894523 0.201527 -0.104346
v 4.904178 0.211182 -0.054025
v 4.907605 0.214610 -0.000000
v 4.904178 0.211182 0.054025
v 4.894523 0.201527 0.104346
v 4.880764 0.187769 0.146971
v 4.880764 0.146971 0.187769
v 4.894523 0.104346 0.201527
v 4.904178 0.054025 0.211182
v 4.907605 -0.000000 0.214610
v 4.904178 -0.054025 0.211182
v 4.894523 -0.104346 0.201527
v 4.880764 -0.146971 0.187769
v 1.153028 -0.187769 0.187769
v 1.195654 -0.201527 0.201527
v 1.245974 -0.211182 0.211182
v 4.747021 -0.211182 0.211182
v 4.797341 -0.201527 0.201527
v 4.839966 -0.187769 0.187769
v 4.839966 0.187769 0.187769
v 4.797341 0.201527 0.201527
v 4.747021 0.211182 0.211182
v 1.245974 0.211182 0.211182
v 1.195654 0.201527 0.201527
v 1.153028 0.187769 0.187769
v 1.085414 -0.151769 0.151769
v 1.065710 -0.106885 0.160619
v 1.053167 -0.055196 0.167755
v 1.048896 -0.000000 0.170475
v 1.053167 0.055196 0.167755
v 1.065710 0.106885 0.160619
v 1.085414 0.151769 0.151769
v 1.065710 -0.160619 0.106885
v 1.041281 -0.112204 0.112204
v 1.025967 -0.057740 0.116992
v 1.020787 -0.000000 0.118974
v 1.025967 0.057740 0.116992
v 1.041281 0.112204 0.112204
v 1.065710 0.160619 0.106885
v 1.053167 -0.167755 0.055196
v 1.025967 -0.116992 0.057740
v 1.008684 -0.060207 0.060207
v 1.002748 0.000000 0.061289
v 1.008684 0.060207 0.060207
v 1.025967 0.116992 0.057740
v 1.053167 0.167755 0.055196
v 1.048896 -0.170475 -0.000000
v 1.020787 -0.118974 -0.000000
v 1.002748 -0.061289 0.000000
v 0.996495 0.000000 0.000000
v 1.002748 0.061288 0.000000
v 1.020787 0.118974 0.000000
v 1.048896 0.170475 0.000000
v 1.053167 -0.167755 -0.055196
v 1.025967 -0.116992 -0.057740
v 1.008684 -0.060207 -0.060207
v 1.002748 0.000000 -0.061288
v 1.008684 0.060207 -0.060207
v 1.025967 0.116992 -0.057740
v 1.053167 0.167755 -0.055196
v 1.065710 -0.160619 -0.106885
v 1.041281 -0.112204 -0.112204
v 1.025967 -0.057740 -0.116992
v 1.020787 0.000000 -0.118974
v 1.025967 0.057740 -0.116992
v 1.041281 0.112204 -0.112204
v 1.065710 0.160619 -0.106885
v 1.085414 -0.151769 -0.151769
v 1.065710 -0.106885 -0.160619
v 1.053167 -0.055196 -0.167755
v 1.048896 0.000000 -0.170475
v 1.053167 0.055196 -0.167755
v 1.065710 0.106885 -0.160619
v 1.085414 0.151769 -0.151769
v 1.148230 -0.151769 -0.214585
v 1.139380 -0.106885 -0.234290
v 1.132244 -0.055196 -0.246832
v 1.129524 -0.000000 -0.251103
v 1.132244 0.055196 -0.246832
v 1.139380 0.106885 -0.234290
v 1.148230 0.151769 -0.214585
v 1.193115 -0.160619 -0.234290
v 1.187795 -0.112204 -0.258718
v 1.183007 -0.057740 -0.274032
v 1.181026 -0.000000 -0.279213
v 1.183007 0.057740 -0.274032
v 1.187795 0.112204 -0.258718
v 1.193115 0.160619 -0.234290
v 1.244803 -0.167755 -0.246833
v 1.242259 -0.116992 -0.274032
v 1.239793 -0.060207 -0.291316
v 1.238711 -0.000000 -0.297251
v 1.239793 0.060207 -0.291316
v 1.242259 0.116992 -0.274032
v 1.244803 0.167755 -0.246833
v 4.748191 -0.167755 -0.246832
v 4.750735 -0.116992 -0.274032
v 4.753201 -0.060207 -0.291316
v 4.754284 0.000000 -0.297251
v 4.753201 0.060207 -0.291316
v 4.750735 0.116992 -0.274032
v 4.748191 0.167755 -0.246833
v 4.799880 -0.160619 -0.234290
v 4.805199 -0.112204 -0.258718
v 4.809987 -0.057740 -0.274032
v 4.811969 0.000000 -0.279213
v 4.809987 0.057740 -0.274032
v 4.805199 0.112204 -0.258718
v 4.799880 0.160619 -0.234290
v 4.844764 -0.151769 -0.214585
v 4.853615 -0.106885 -0.234290
v 4.860750 -0.055196 -0.246833
v 4.863470 0.000000 -0.251103
v 4.860750 0.055196 -0.246833
v 4.853615 0.106885 -0.234290
v 4.844764 0.151769 -0.214585
v 4.907580 -0.151769 -0.151769
v 4.927285 -0.106885 -0.160619
v 4.939828 -0.055196 -0.167755
v 4.944098 -0.000000 -0.170475
v 4.939828 0.055196 -0.167755
v 4.927285 0.106885 -0.160619
v 4.907580 0.151769 -0.151769
v 4.927285 -0.160619 -0.106885
v 4.951714 -0.112204 -0.112204
v 4.967028 -0.057740 -0.116992
v 4.972208 -0.000000 -0.118974
v 4.967028 0.057740 -0.116992
v 4.951714 0.112204 -0.112204
v 4.927285 0.160619 -0.106885
v 4.939828 -0.167755 -0.055196
v 4.967028 -0.116992 -0.057740
v 4.984311 -0.060207 -0.060207
v 4.990247 -0.000000 -0.061289
v 4.984311 0.060207 -0.060207
v 4.967028 0.116992 -0.057740
v 4.939828 0.167755 -0.055196
v 4.944098 -0.170475 0.000000
v 4.972208 -0.118974 0.000000
v 4.990247 -0.061289 0.000000
v 4.996499 0.000000 0.000000
v 4.990247 0.061289 -0.000000
v 4.972208 0.118974 -0.000000
v 4.944098 0.170475 -0.000000
v 4.939828 -0.167755 0.055196
v 4.967028 -0.116992 0.057740
v 4.984311 -0.060207 0.060207
v 4.990247 0.000000 0.061288
v 4.984311 0.060207 0.060207
v 4.967028 0.116992 0.057740
v 4.939828 0.167755 0.055196
v 4.927285 -0.160619 0.106885
v 4.951714 -0.112204 0.112204
v 4.967028 -0.057740 0.116992
v 4.972208 0.000000 0.118974
v 4.967028 0.057740 0.116992
v 4.951714 0.112204 0.112204
v 4.927285 0.160619 0.106885
v 4.907580 -0.151769 0.151769
v 4.927285 -0.106885 0.160619
v 4.939828 -0.055196 0.167755
v 4.944098 0.000000 0.170475
v 4.939828 0.055196 0.167755
v 4.927285 0.106885 0.160619
v 4.907580 0.151769 0.151769
v 4.844764 -0.151769 0.214585
v 4.853615 -0.106885 0.234290
v 4.860750 -0.055196 0.246832
v 4.863470 -0.000000 0.251103
v 4.860750 0.055196 0.246832
v 4.853615 0.106885 0.234290
v 4.844764 0.151769 0.214585
v 4.799880 -0.160619 0.234290
v 4.805199 -0.112204 0.258718
v 4.809987 -0.057740 0.274032
v 4.811969 -0.000000 0.279213
v 4.809987 0.057740 0.274032
v 4.805199 0.112204 0.258718
v 4.799880 0.160619 0.234290
v 4.748191 -0.167755 0.246833
v 4.750735 -0.116992 0.274032
v 4.753201 -0.060207 0.291316
v 4.754284 -0.000000 0.297251
v 4.753201 0.060207 0.291316
v 4.750735 0.116992 0.274032
v 4.748191 0.167755 0.246833
v 1.244803 -0.167755 0.246832
v 1.242259 -0.116992 0.274032
v 1.239793 -0.060207 0.291316
v 1.238711 0.000000 0.297251
v 1.239793 0.060207 0.291316
v 1.242259 0.116992 0.274032
v 1.244803 0.167755 0.246833
v 1.193115 -0.160619 0.234290
v 1.187795 -0.112204 0.258718
v 1.183007 -0.057740 0.274032
v 1.181026 0.000000 0.279213
v 1.183007 0.057740 0.274032
v 1.187795 0.112204 0.258718
v 1.193115 0.160619 0.234290
v 1.148230 -0.151769 0.214585
v 1.139380 -0.106885 0.234290
v 1.132244 -0.055196 0.246833
v 1.129524 0.000000 0.251103
v 1.132244 0.055196 0.246833
v 1.139380 0.106885 0.234290
v 1.148230 0.151769 0.214585
v 1.148230 -0.214585 -0.151769
v 1.193115 -0.234290 -0.160619
v 1.244803 -0.246833 -0.167755
v 4.748191 -0.246833 -0.167755
v 4.799880 -0.234290 -0.160619
v 4.844764 -0.214585 -0.151769
v 1.139380 -0.234290 -0.106885
v 1.187795 -0.258718 -0.112204
v 1.242259 -0.274032 -0.116992
v 4.750735 -0.274032 -0.116992
v 4.805199 -0.258718 -0.112204
v 4.853615 -0.234290 -0.106885
v 1.132244 -0.246833 -0.055196
v 1.183007 -0.274032 -0.057740
v 1.239793 -0.291316 -0.060207
v 4.753201 -0.291316 -0.060207
v 4.809987 -0.274032 -0.057740
v 4.860750 -0.246833 -0.055196
v 1.129524 -0.251103 0.000000
v 1.181026 -0.279213 0.000000
v 1.238711 -0.297251 0.000000
v 4.754284 -0.297251 -0.000000
v 4.811969 -0.279213 -0.000000
v 4.863470 -0.251103 -0.000000
v 1.132244 -0.246833 0.055196
v 1.183007 -0.274032 0.057740
v 1.239793 -0.291316 0.060207
v 4.753201 -0.291316 0.060207
v 4.809987 -0.274032 0.057740
v 4.860750 -0.246833 0.055196
v 1.139380 -0.234290 0.106885
v 1.187795 -0.258718 0.112204
v 1.242259 -0.274032 0.116992
v 4.750735 -0.274032 0.116992
v 4.805199 -0.258718 0.112204
v 4.853615 -0.234290 0.106885
v 1.148230 -0.214585 0.151769
v 1.193115 -0.234290 0.160619
v 1.244803 -0.246833 0.167755
v 4.748191 -0.246833 0.167755
v 4.799880 -0.234290 0.160619
v 4.844764 -0.214585 0.151769
v 4.844764 0.214585 -0.151769
v 4.799880 0.234290 -0.160619
v 4.748191 0.246832 -0.167755
v 1.244803 0.246833 -0.167755
v 1.193115 0.234290 -0.160619
v 1.148230 0.214585 -0.151769
v 4.853615 0.234290 -0.106885
v 4.805199 0.258718 -0.112204
v 4.750735 0.274032 -0.116992
v 1.242259 0.274032 -0.116992
v 1.187795 0.258718 -0.112204
v 1.139380 0.234290 -0.106885
v 4.860750 0.246833 -0.055196
v 4.809987 0.274032 -0.057740
v 4.753202 0.291316 -0.060207
v 1.239793 0.291316 -0.060207
v 1.183007 0.274032 -0.057740
v 1.132244 0.246833 -0.055196
v 4.863470 0.251103 0.000000
v 4.811969 0.279213 0.000000
v 4.754284 0.297251 0.000000
v 1.238711 0.297251 0.000000
v 1.181026 0.279213 -0.000000
v 1.129524 0.251103 0.000000
v 4.860750 0.246833 0.055196
v 4.809987 0.274032 0.057740
v 4.753201 0.291316 0.060207
v 1.239793 0.291316 0.060207
v 1.183007 0.274032 0.057740
v 1.132244 0.246833 0.055196
v 4.853615 0.234290 0.106885
v 4.805199 0.258718 0.112204
v 4.750735 0.274032 0.116992
v 1.242259 0.274032 0.116992
v 1.187795 0.258718 0.112204
v 1.139380 0.234290 0.106885
v 4.844764 0.214585 0.151769
v 4.799880 0.234290 0.160619
v 4.748191 0.246832 0.167755
v 1.244803 0.246833 0.167755
v 1.193115 0.234290 0.160619
v 1.148230 0.214585 0.151769
v 4.695787 -0.214433 -0.214433
v 1.297207 -0.214433 -0.214433
v 1.297207 0.214433 -0.214433
v 4.695787 0.214433 -0.214433
v 1.297207 -0.214433 0.214433
v 4.695787 -0.214433 0.214433
v 4.695787 0.214433 0.214433
v 1.297207 0.214433 0.214433
v 4.695787 -0.170338 -0.250887
v 1.297207 -0.170338 -0.250887
v 1.297208 -0.118878 -0.278963
v 4.695786 -0.118878 -0.278963
v 1.297209 -0.061238 -0.296976
v 4.695785 -0.061238 -0.296976
v 1.297210 0.000000 -0.303219
v 4.695785 0.000000 -0.303219
v 1.297209 0.061238 -0.296976
v 4.695785 0.061238 -0.296976
v 1.297208 0.118878 -0.278963
v 4.695786 0.118878 -0.278963
v 1.297207 0.170338 -0.250887
v 4.695787 0.170338 -0.250887
v 1.297207 -0.170338 0.250887
v 4.695787 -0.170338 0.250887
v 4.695786 -0.118878 0.278963
v 1.297208 -0.118878 0.278963
v 4.695785 -0.061238 0.296976
v 1.297209 -0.061238 0.296976
v 4.695785 0.000000 0.303219
v 1.297210 0.000000 0.303219
v 4.695785 0.061238 0.296976
v 1.297209 0.061238 0.296976
v 4.695786 0.118878 0.278963
v 1.297208 0.118878 0.278963
v 4.695787 0.170338 0.250887
v 1.297207 0.170338 0.250887
v 1.297207 -0.250887 -0.170338
v 4.695787 -0.250887 -0.170338
v 4.695786 -0.278963 -0.118878
v 1.297208 -0.278963 -0.118878
v 4.695785 -0.296976 -0.061238
v 1.297209 -0.296976 -0.061238
v 4.695785 -0.303219 -0.000000
v 1.297210 -0.303219 0.000000
v 4.695785 -0.296976 0.061238
v 1.297209 -0.296976 0.061238
v 4.695786 -0.278963 0.118878
v 1.297208 -0.278963 0.118878
v 4.695787 -0.250887 0.170338
v 1.297207 -0.250887 0.170338
v 4.695787 0.250887 -0.170338
v 1.297207 0.250887 -0.170338
v 1.297208 0.278963 -0.118878
v 4.695786 0.278963 -0.118878
v 1.297209 0.296976 -0.061238
v 4.695785 0.296976 -0.061238
v 1.297210 0.303219 0.000000
v 4.695785 0.303219 0.000000
v 1.297209 0.296976 0.061238
v 4.695785 0.296976 0.061238
v 1.297208 0.278963 0.118878
v 4.695786 0.278963 0.118878
v 1.297207 0.250887 0.170338
v 4.695787 0.250887 0.170338
v -1.124771 0.175229 0.175228
v -1.124771 -0.175228 0.175228
v -1.124771 0.175229 -0.175228
v -1.124771 -0.175228 -0.175228
v -4.868223 0.175230 0.175228
v -4.868223 -0.175226 0.175228
v -4.868223 0.175230 -0.175228
v -4.868223 -0.175226 -0.175228
v -1.112231 0.187769 -0.146971
v -1.098472 0.201528 -0.104346
v -1.088817 0.211183 -0.054025
v -1.085390 0.214610 -0.000000
v -1.088817 0.211183 0.054025
v -1.098472 0.201528 0.104346
v -1.112231 0.187769 0.146971
v -1.112231 0.146972 0.187769
v -1.098472 0.104346 0.201527
v -1.088817 0.054026 0.211182
v -1.085390 0.000000 0.214610
v -1.088817 -0.054025 0.211182
v -1.098472 -0.104345 0.201527
v -1.112231 -0.146971 0.187769
v -1.112231 -0.187768 0.146971
v -1.098472 -0.201527 0.104346
v -1.088817 -0.211182 0.054025
v -1.085390 -0.214609 0.000000
v -1.088817 -0.211182 -0.054025
v -1.098472 -0.201527 -0.104346
v -1.112231 -0.187768 -0.146971
v -1.112231 -0.146971 -0.187769
v -1.098472 -0.104345 -0.201527
v -1.088817 -0.054025 -0.211182
v -1.085390 0.000000 -0.214610
v -1.088817 0.054026 -0.211182
v -1.098472 0.104346 -0.201527
v -1.112231 0.146972 -0.187769
v -4.839966 0.187771 -0.187769
v -4.797341 0.201529 -0.201527
v -4.747021 0.211184 -0.211182
v -1.245974 0.211183 -0.211182
v -1.195654 0.201528 -0.201527
v -1.153028 0.187769 -0.187769
v -1.153028 -0.187768 -0.187769
v -1.195654 -0.201527 -0.201527
v -1.245974 -0.211182 -0.211182
v -4.747021 -0.211180 -0.211182
v -4.797341 -0.201526 -0.201527
v -4.839966 -0.187767 -0.187769
v -4.880764 -0.146969 -0.187769
v -4.894523 -0.104344 -0.201527
v -4.904178 -0.054023 -0.211182
v -4.907605 0.000002 -0.214610
v -4.904178 0.054027 -0.211182
v -4.894523 0.104348 -0.201527
v -4.880764 0.146973 -0.187769
v -4.880764 0.187771 0.146971
v -4.894523 0.201529 0.104346
v -4.904178 0.211184 0.054025
v -4.907605 0.214612 0.000000
v -4.904178 0.211184 -0.054025
v -4.894523 0.201529 -0.104346
v -4.880764 0.187771 -0.146971
v -4.880764 -0.187767 -0.146971
v -4.894523 -0.201526 -0.104346
v -4.904178 -0.211180 -0.054025
v -4.907605 -0.214608 -0.000000
v -4.904178 -0.211180 0.054025
v -4.894523 -0.201526 0.104346
v -4.880764 -0.187767 0.146971
v -4.880764 -0.146969 0.187769
v -4.894523 -0.104344 0.201527
v -4.904178 -0.054023 0.211182
v -4.907605 0.000002 0.214610
v -4.904178 0.054027 0.211182
v -4.894523 0.104348 0.201527
v -4.880764 0.146973 0.187769
v -1.153028 0.187769 0.187769
v -1.195654 0.201528 0.201527
v -1.245974 0.211183 0.211182
v -4.747021 0.211184 0.211182
v -4.797341 0.201529 0.201527
v -4.839966 0.187771 0.187769
v -4.839966 -0.187767 0.187769
v -4.797341 -0.201526 0.201527
v -4.747021 -0.211180 0.211182
v -1.245974 -0.211182 0.211182
v -1.195654 -0.201527 0.201527
v -1.153028 -0.187768 0.187769
v -1.085414 0.151770 0.151769
v -1.065710 0.106885 0.160619
v -1.053167 0.055197 0.167755
v -1.048896 0.000000 0.170475
v -1.053167 -0.055196 0.167755
v -1.065710 -0.106884 0.160619
v -1.085414 -0.151769 0.151769
v -1.065710 0.160620 0.106885
v -1.041281 0.112204 0.112204
v -1.025967 0.057741 0.116992
v -1.020787 0.000000 0.118974
v -1.025967 -0.057740 0.116992
v -1.041281 -0.112204 0.112204
v -1.065710 -0.160619 0.106885
v -1.053167 0.167755 0.055196
v -1.025967 0.116992 0.057740
v -1.008684 0.060207 0.060207
v -1.002748 0.000000 0.061289
v -1.008684 -0.060206 0.060207
v -1.025967 -0.116992 0.057740
v -1.053167 -0.167755 0.055196
v -1.048896 0.170476 -0.000000
v -1.020787 0.118974 -0.000000
v -1.002748 0.061289 0.000000
v -0.996495 0.000000 0.000000
v -1.002748 -0.061288 0.000000
v -1.020787 -0.118973 0.000000
v -1.048896 -0.170475 0.000000
v -1.053167 0.167755 -0.055196
v -1.025967 0.116992 -0.057740
v -1.008684 0.060207 -0.060207
v -1.002748 0.000000 -0.061288
v -1.008684 -0.060206 -0.060207
v -1.025967 -0.116992 -0.057740
v -1.053167 -0.167755 -0.055196
v -1.065710 0.160620 -0.106885
v -1.041281 0.112204 -0.112204
v -1.025967 0.057741 -0.116992
v -1.020787 0.000000 -0.118974
v -1.025967 -0.057740 -0.116992
v -1.041281 -0.112204 -0.112204
v -1.065710 -0.160619 -0.106885
v -1.085414 0.151770 -0.151769
v -1.065710 0.106885 -0.160619
v -1.053167 0.055197 -0.167755
v -1.048896 0.000000 -0.170475
v -1.053167 -0.055196 -0.167755
v -1.065710 -0.106884 -0.160619
v -1.085414 -0.151769 -0.151769
v -1.148230 0.151770 -0.214585
v -1.139380 0.106885 -0.234290
v -1.132244 0.055197 -0.246832
v -1.129524 0.000000 -0.251103
v -1.132244 -0.055196 -0.246832
v -1.139380 -0.106884 -0.234290
v -1.148230 -0.151769 -0.214585
v -1.193115 0.160620 -0.234290
v -1.187795 0.112205 -0.258718
v -1.183007 0.057741 -0.274032
v -1.181026 0.000000 -0.279213
v -1.183007 -0.057740 -0.274032
v -1.187795 -0.112204 -0.258718
v -1.193115 -0.160619 -0.234290
v -1.244803 0.167756 -0.246833
v -1.242259 0.116993 -0.274032
v -1.239793 0.060207 -0.291316
v -1.238711 0.000000 -0.297251
v -1.239793 -0.060206 -0.291316
v -1.242259 -0.116992 -0.274032
v -1.244803 -0.167755 -0.246833
v -4.748191 0.167757 -0.246832
v -4.750735 0.116994 -0.274032
v -4.753201 0.060209 -0.291316
v -4.754284 0.000002 -0.297251
v -4.753201 -0.060205 -0.291316
v -4.750735 -0.116990 -0.274032
v -4.748191 -0.167753 -0.246833
v -4.799880 0.160621 -0.234290
v -4.805199 0.112206 -0.258718
v -4.809987 0.057742 -0.274032
v -4.811969 0.000002 -0.279213
v -4.809987 -0.057738 -0.274032
v -4.805199 -0.112202 -0.258718
v -4.799880 -0.160618 -0.234290
v -4.844764 0.151771 -0.214585
v -4.853615 0.106887 -0.234290
v -4.860750 0.055198 -0.246833
v -4.863470 0.000002 -0.251103
v -4.860750 -0.055194 -0.246833
v -4.853615 -0.106883 -0.234290
v -4.844764 -0.151767 -0.214585
v -4.907580 0.151771 -0.151769
v -4.927285 0.106887 -0.160619
v -4.939828 0.055198 -0.167755
v -4.944098 0.000002 -0.170475
v -4.939828 -0.055194 -0.167755
v -4.927285 -0.106883 -0.160619
v -4.907580 -0.151767 -0.151769
v -4.927285 0.160621 -0.106885
v -4.951714 0.112206 -0.112204
v -4.967028 0.057742 -0.116992
v -4.972208 0.000002 -0.118974
v -4.967028 -0.057738 -0.116992
v -4.951714 -0.112202 -0.112204
v -4.927285 -0.160618 -0.106885
v -4.939828 0.167757 -0.055196
v -4.967028 0.116994 -0.057740
v -4.984311 0.060209 -0.060207
v -4.990247 0.000002 -0.061289
v -4.984311 -0.060205 -0.060207
v -4.967028 -0.116990 -0.057740
v -4.939828 -0.167753 -0.055196
v -4.944098 0.170477 0.000000
v -4.972208 0.118976 0.000000
v -4.990247 0.061290 0.000000
v -4.996499 0.000002 0.000000
v -4.990247 -0.061287 -0.000000
v -4.972208 -0.118972 -0.000000
v -4.944098 -0.170473 -0.000000
v -4.939828 0.167757 0.055196
v -4.967028 0.116994 0.057740
v -4.984311 0.060209 0.060207
v -4.990247 0.000002 0.061288
v -4.984311 -0.060205 0.060207
v -4.967028 -0.116990 0.057740
v -4.939828 -0.167753 0.055196
v -4.927285 0.160621 0.106885
v -4.951714 0.112206 0.112204
v -4.967028 0.057742 0.116992
v -4.972208 0.000002 0.118974
v -4.967028 -0.057738 0.116992
v -4.951714 -0.112202 0.112204
v -4.927285 -0.160618 0.106885
v -4.907580 0.151771 0.151769
v -4.927285 0.106887 0.160619
v -4.939828 0.055198 0.167755
v -4.944098 0.000002 0.170475
v -4.939828 -0.055194 0.167755
v -4.927285 -0.106883 0.160619
v -4.907580 -0.151767 0.151769
v -4.844764 0.151771 0.214585
v -4.853615 0.106887 0.234290
v -4.860750 0.055198 0.246832
v -4.863470 0.000002 0.251103
v -4.860750 -0.055194 0.246832
v -4.853615 -0.106883 0.234290
v -4.844764 -0.151767 0.214585
v -4.799880 0.160621 0.234290
v -4.805199 0.112206 0.258718
v -4.809987 0.057742 0.274032
v -4.811969 0.000002 0.279213
v -4.809987 -0.057738 0.274032
v -4.805199 -0.112202 0.258718
v -4.799880 -0.160618 0.234290
v -4.748191 0.167757 0.246833
v -4.750735 0.116994 0.274032
v -4.753201 0.060209 0.291316
v -4.754284 0.000002 0.297251
v -4.753201 -0.060205 0.291316
v -4.750735 -0.116990 0.274032
v -4.748191 -0.167753 0.246833
v -1.244803 0.167756 0.246832
v -1.242259 0.116993 0.274032
v -1.239793 0.060207 0.291316
v -1.238711 0.000000 0.297251
v -1.239793 -0.060206 0.291316
v -1.242259 -0.116992 0.274032
v -1.244803 -0.167755 0.246833
v -1.193115 0.160620 0.234290
v -1.187795 0.112205 0.258718
v -1.183007 0.057741 0.274032
v -1.181026 0.000000 0.279213
v -1.183007 -0.057740 0.274032
v -1.187795 -0.112204 0.258718
v -1.193115 -0.160619 0.234290
v -1.148230 0.151770 0.214585
v -1.139380 0.106885 0.234290
v -1.132244 0.055197 0.246833
v -1.129524 0.000000 0.251103
v -1.132244 -0.055196 0.246833
v -1.139380 -0.106884 0.234290
v -1.148230 -0.151769 0.214585
v -1.148230 0.214586 -0.151769
v -1.193115 0.234290 -0.160619
v -1.244803 0.246833 -0.167755
v -4.748191 0.246834 -0.167755
v -4.799880 0.234292 -0.160619
v -4.844764 0.214587 -0.151769
v -1.139380 0.234290 -0.106885
v -1.187795 0.258719 -0.112204
v -1.242259 0.274033 -0.116992
v -4.750735 0.274034 -0.116992
v -4.805199 0.258720 -0.112204
v -4.853615 0.234292 -0.106885
v -1.132244 0.246833 -0.055196
v -1.183007 0.274033 -0.057740
v -1.239793 0.291316 -0.060207
v -4.753201 0.291318 -0.060207
v -4.809987 0.274034 -0.057740
v -4.860750 0.246834 -0.055196
v -1.129524 0.251104 0.000000
v -1.181026 0.279213 0.000000
v -1.238711 0.297252 0.000000
v -4.754284 0.297253 -0.000000
v -4.811969 0.279215 -0.000000
v -4.863470 0.251105 -0.000000
v -1.132244 0.246833 0.055196
v -1.183007 0.274033 0.057740
v -1.239793 0.291316 0.060207
v -4.753201 0.291318 0.060207
v -4.809987 0.274034 0.057740
v -4.860750 0.246834 0.055196
v -1.139380 0.234290 0.106885
v -1.187795 0.258719 0.112204
v -1.242259 0.274033 0.116992
v -4.750735 0.274034 0.116992
v -4.805199 0.258720 0.112204
v -4.853615 0.234292 0.106885
v -1.148230 0.214586 0.151769
v -1.193115 0.234290 0.160619
v -1.244803 0.246833 0.167755
v -4.748191 0.246834 0.167755
v -4.799880 0.234292 0.160619
v -4.844764 0.214587 0.151769
v -4.844764 -0.214584 -0.151769
v -4.799880 -0.234288 -0.160619
v -4.748191 -0.246831 -0.167755
v -1.244803 -0.246832 -0.167755
v -1.193115 -0.234289 -0.160619
v -1.148230 -0.214585 -0.151769
v -4.853615 -0.234288 -0.106885
v -4.805199 -0.258716 -0.112204
v -4.750735 -0.274030 -0.116992
v -1.242259 -0.274032 -0.116992
v -1.187796 -0.258718 -0.112204
v -1.139380 -0.234289 -0.106885
v -4.860750 -0.246831 -0.055196
v -4.809987 -0.274030 -0.057740
v -4.753202 -0.291314 -0.060207
v -1.239793 -0.291315 -0.060207
v -1.183008 -0.274032 -0.057740
v -1.132245 -0.246832 -0.055196
v -4.863470 -0.251101 0.000000
v -4.811969 -0.279211 0.000000
v -4.754284 -0.297250 0.000000
v -1.238711 -0.297251 0.000000
v -1.181026 -0.279213 -0.000000
v -1.129524 -0.251103 0.000000
v -4.860750 -0.246831 0.055196
v -4.809987 -0.274030 0.057740
v -4.753201 -0.291314 0.060207
v -1.239793 -0.291315 0.060207
v -1.183008 -0.274032 0.057740
v -1.132245 -0.246832 0.055196
v -4.853615 -0.234288 0.106885
v -4.805199 -0.258716 0.112204
v -4.750735 -0.274030 0.116992
v -1.242259 -0.274032 0.116992
v -1.187796 -0.258718 0.112204
v -1.139380 -0.234289 0.106885
v -4.844764 -0.214584 0.151769
v -4.799880 -0.234288 0.160619
v -4.748191 -0.246831 0.167755
v -1.244803 -0.246832 0.167755
v -1.193115 -0.234289 0.160619
v -1.148230 -0.214585 0.151769
v -4.695787 0.214434 -0.214433
v -1.297207 0.214433 -0.214433
v -1.297207 -0.214432 -0.214433
v -4.695787 -0.214431 -0.214433
v -1.297207 0.214433 0.214433
v -4.695787 0.214434 0.214433
v -4.695787 -0.214431 0.214433
v -1.297207 -0.214432 0.214433
v -4.695787 0.170339 -0.250887
v -1.297207 0.170338 -0.250887
v -1.297208 0.118879 -0.278963
v -4.695786 0.118880 -0.278963
v -1.297209 0.061239 -0.296976
v -4.695785 0.061240 -0.296976
v -1.297210 0.000001 -0.303219
v -4.695785 0.000002 -0.303219
v -1.297209 -0.061238 -0.296976
v -4.695785 -0.061237 -0.296976
v -1.297208 -0.118878 -0.278963
v -4.695786 -0.118876 -0.278963
v -1.297208 -0.170337 -0.250887
v -4.695787 -0.170336 -0.250887
v -1.297207 0.170338 0.250887
v -4.695787 0.170340 0.250887
v -4.695786 0.118880 0.278963
v -1.297208 0.118879 0.278963
v -4.695785 0.061240 0.296976
v -1.297209 0.061239 0.296976
v -4.695785 0.000002 0.303219
v -1.297210 0.000001 0.303219
v -4.695785 -0.061237 0.296976
v -1.297209 -0.061238 0.296976
v -4.695786 -0.118876 0.278963
v -1.297208 -0.118878 0.278963
v -4.695787 -0.170336 0.250887
v -1.297208 -0.170337 0.250887
v -1.297207 0.250888 -0.170338
v -4.695787 0.250889 -0.170338
v -4.695786 0.278964 -0.118878
v -1.297208 0.278963 -0.118878
v -4.695785 0.296978 -0.061238
v -1.297209 0.296977 -0.061238
v -4.695785 0.303221 -0.000000
v -1.297210 0.303220 0.000000
v -4.695785 0.296978 0.061238
v -1.297209 0.296977 0.061238
v -4.695786 0.278964 0.118878
v -1.297208 0.278963 0.118878
v -4.695787 0.250889 0.170338
v -1.297207 0.250888 0.170338
v -4.695787 -0.250885 -0.170338
v -1.297208 -0.250887 -0.170338
v -1.297209 -0.278962 -0.118878
v -4.695786 -0.278961 -0.118878
v -1.297210 -0.296976 -0.061238
v -4.695785 -0.296974 -0.061238
v -1.297210 -0.303219 0.000000
v -4.695785 -0.303218 0.000000
v -1.297210 -0.296976 0.061238
v -4.695785 -0.296975 0.061238
v -1.297209 -0.278962 0.118878
v -4.695786 -0.278961 0.118878
v -1.297208 -0.250887 0.170338
v -4.695787 -0.250885 0.170338
v -0.175228 -1.124771 0.175228
v 0.175228 -1.124771 0.175228
v -0.175228 -1.124771 -0.175228
v 0.175228 -1.124771 -0.175228
v -0.175228 -4.868223 0.175228
v 0.175228 -4.868223 0.175228
v -0.175228 -4.868223 -0.175228
v 0.175228 -4.868223 -0.175228
v -0.187769 -1.112231 -0.146971
v -0.201527 -1.098472 -0.104346
v -0.211182 -1.088817 -0.054025
v -0.214610 -1.085390 -0.000000
v -0.211182 -1.088817 0.054025
v -0.201527 -1.098472 0.104346
v -0.187769 -1.112231 0.146971
v -0.146971 -1.112231 0.187769
v -0.104346 -1.098472 0.201527
v -0.054025 -1.088817 0.211182
v 0.000000 -1.085390 0.214610
v 0.054025 -1.088817 0.211182
v 0.104346 -1.098472 0.201527
v 0.146971 -1.112231 0.187769
v 0.187769 -1.112231 0.146971
v 0.201528 -1.098472 0.104346
v 0.211182 -1.088817 0.054025
v 0.214610 -1.085390 0.000000
v 0.211182 -1.088817 -0.054025
v 0.201528 -1.098472 -0.104346
v 0.187769 -1.112231 -0.146971
v 0.146971 -1.112231 -0.187769
v 0.104346 -1.098472 -0.201527
v 0.054025 -1.088817 -0.211182
v 0.000000 -1.085390 -0.214610
v -0.054025 -1.088817 -0.211182
v -0.104346 -1.098472 -0.201527
v -0.146971 -1.112231 -0.187769
v -0.187768 -4.839966 -0.187769
v -0.201527 -4.797341 -0.201527
v -0.211182 -4.747021 -0.211182
v -0.211182 -1.245974 -0.211182
v -0.201527 -1.195654 -0.201527
v -0.187769 -1.153028 -0.187769
v 0.187769 -1.153028 -0.187769
v 0.201528 -1.195654 -0.201527
v 0.211182 -1.245974 -0.211182
v 0.211183 -4.747021 -0.211182
v 0.201528 -4.797341 -0.201527
v 0.187769 -4.839966 -0.187769
v 0.146971 -4.880764 -0.187769
v 0.104346 -4.894523 -0.201527
v 0.054026 -4.904178 -0.211182
v 0.000000 -4.907605 -0.214610
v -0.054025 -4.904178 -0.211182
v -0.104345 -4.894523 -0.201527
v -0.146971 -4.880764 -0.187769
v -0.187768 -4.880764 0.146971
v -0.201527 -4.894523 0.104346
v -0.211182 -4.904178 0.054025
v -0.214609 -4.907605 0.000000
v -0.211182 -4.904178 -0.054025
v -0.201527 -4.894523 -0.104346
v -0.187768 -4.880764 -0.146971
v 0.187769 -4.880764 -0.146971
v 0.201528 -4.894523 -0.104346
v 0.211183 -4.904178 -0.054025
v 0.214610 -4.907605 -0.000000
v 0.211183 -4.904178 0.054025
v 0.201528 -4.894523 0.104346
v 0.187769 -4.880764 0.146971
v 0.146971 -4.880764 0.187769
v 0.104346 -4.894523 0.201527
v 0.054026 -4.904178 0.211182
v 0.000000 -4.907605 0.214610
v -0.054025 -4.904178 0.211182
v -0.104345 -4.894523 0.201527
v -0.146971 -4.880764 0.187769
v -0.187769 -1.153028 0.187769
v -0.201527 -1.195654 0.201527
v -0.211182 -1.245974 0.211182
v -0.211182 -4.747021 0.211182
v -0.201527 -4.797341 0.201527
v -0.187768 -4.839966 0.187769
v 0.187769 -4.839966 0.187769
v 0.201528 -4.797341 0.201527
v 0.211183 -4.747021 0.211182
v 0.211182 -1.245974 0.211182
v 0.201528 -1.195654 0.201527
v 0.187769 -1.153028 0.187769
v -0.151769 -1.085414 0.151769
v -0.106885 -1.065710 0.160619
v -0.055196 -1.053167 0.167755
v 0.000000 -1.048896 0.170475
v 0.055196 -1.053167 0.167755
v 0.106885 -1.065710 0.160619
v 0.151769 -1.085414 0.151769
v -0.160619 -1.065710 0.106885
v -0.112204 -1.041281 0.112204
v -0.057740 -1.025967 0.116992
v 0.000000 -1.020787 0.118974
v 0.057740 -1.025967 0.116992
v 0.112204 -1.041281 0.112204
v 0.160620 -1.065710 0.106885
v -0.167755 -1.053167 0.055196
v -0.116992 -1.025967 0.057740
v -0.060207 -1.008684 0.060207
v 0.000000 -1.002748 0.061289
v 0.060207 -1.008684 0.060207
v 0.116992 -1.025967 0.057740
v 0.167755 -1.053167 0.055196
v -0.170475 -1.048896 -0.000000
v -0.118974 -1.020787 -0.000000
v -0.061288 -1.002748 0.000000
v 0.000000 -0.996495 0.000000
v 0.061289 -1.002748 0.000000
v 0.118974 -1.020787 0.000000
v 0.170475 -1.048896 0.000000
v -0.167755 -1.053167 -0.055196
v -0.116992 -1.025967 -0.057740
v -0.060207 -1.008684 -0.060207
v 0.000000 -1.002748 -0.061288
v 0.060207 -1.008684 -0.060207
v 0.116992 -1.025967 -0.057740
v 0.167755 -1.053167 -0.055196
v -0.160619 -1.065710 -0.106885
v -0.112204 -1.041281 -0.112204
v -0.057740 -1.025967 -0.116992
v 0.000000 -1.020787 -0.118974
v 0.057740 -1.025967 -0.116992
v 0.112204 -1.041281 -0.112204
v 0.160620 -1.065710 -0.106885
v -0.151769 -1.085414 -0.151769
v -0.106885 -1.065710 -0.160619
v -0.055196 -1.053167 -0.167755
v 0.000000 -1.048896 -0.170475
v 0.055196 -1.053167 -0.167755
v 0.106885 -1.065710 -0.160619
v 0.151769 -1.085414 -0.151769
v -0.151769 -1.148230 -0.214585
v -0.106885 -1.139380 -0.234290
v -0.055196 -1.132244 -0.246832
v 0.000000 -1.129524 -0.251103
v 0.055196 -1.132244 -0.246832
v 0.106885 -1.139380 -0.234290
v 0.151769 -1.148230 -0.214585
v -0.160619 -1.193115 -0.234290
v -0.112204 -1.187795 -0.258718
v -0.057740 -1.183007 -0.274032
v 0.000000 -1.181026 -0.279213
v 0.057740 -1.183007 -0.274032
v 0.112204 -1.187795 -0.258718
v 0.160620 -1.193115 -0.234290
v -0.167755 -1.244803 -0.246833
v -0.116992 -1.242259 -0.274032
v -0.060207 -1.239793 -0.291316
v 0.000000 -1.238711 -0.297251
v 0.060207 -1.239793 -0.291316
v 0.116992 -1.242259 -0.274032
v 0.167755 -1.244803 -0.246833
v -0.167755 -4.748191 -0.246832
v -0.116992 -4.750735 -0.274032
v -0.060206 -4.753201 -0.291316
v 0.000000 -4.754284 -0.297251
v 0.060207 -4.753201 -0.291316
v 0.116992 -4.750735 -0.274032
v 0.167755 -4.748191 -0.246833
v -0.160619 -4.799880 -0.234290
v -0.112204 -4.805199 -0.258718
v -0.057740 -4.809987 -0.274032
v 0.000000 -4.811969 -0.279213
v 0.057741 -4.809987 -0.274032
v 0.112204 -4.805199 -0.258718
v 0.160620 -4.799880 -0.234290
v -0.151769 -4.844764 -0.214585
v -0.106884 -4.853615 -0.234290
v -0.055196 -4.860750 -0.246833
v 0.000000 -4.863470 -0.251103
v 0.055197 -4.860750 -0.246833
v 0.106885 -4.853615 -0.234290
v 0.151770 -4.844764 -0.214585
v -0.151769 -4.907580 -0.151769
v -0.106884 -4.927285 -0.160619
v -0.055196 -4.939828 -0.167755
v 0.000000 -4.944098 -0.170475
v 0.055197 -4.939828 -0.167755
v 0.106885 -4.927285 -0.160619
v 0.151770 -4.907580 -0.151769
v -0.160619 -4.927285 -0.106885
v -0.112204 -4.951714 -0.112204
v -0.057740 -4.967028 -0.116992
v 0.000000 -4.972208 -0.118974
v 0.057741 -4.967028 -0.116992
v 0.112204 -4.951714 -0.112204
v 0.160620 -4.927285 -0.106885
v -0.167755 -4.939828 -0.055196
v -0.116992 -4.967028 -0.057740
v -0.060206 -4.984311 -0.060207
v 0.000000 -4.990247 -0.061289
v 0.060207 -4.984311 -0.060207
v 0.116992 -4.967028 -0.057740
v 0.167755 -4.939828 -0.055196
v -0.170475 -4.944098 0.000000
v -0.118973 -4.972208 0.000000
v -0.061288 -4.990247 0.000000
v 0.000000 -4.996499 0.000000
v 0.061289 -4.990247 -0.000000
v 0.118974 -4.972208 -0.000000
v 0.170476 -4.944098 -0.000000
v -0.167755 -4.939828 0.055196
v -0.116992 -4.967028 0.057740
v -0.060206 -4.984311 0.060207
v 0.000000 -4.990247 0.061288
v 0.060207 -4.984311 0.060207
v 0.116992 -4.967028 0.057740
v 0.167755 -4.939828 0.055196
v -0.160619 -4.927285 0.106885
v -0.112204 -4.951714 0.112204
v -0.057740 -4.967028 0.116992
v 0.000000 -4.972208 0.118974
v 0.057741 -4.967028 0.116992
v 0.112204 -4.951714 0.112204
v 0.160620 -4.927285 0.106885
v -0.151769 -4.907580 0.151769
v -0.106884 -4.927285 0.160619
v -0.055196 -4.939828 0.167755
v 0.000000 -4.944098 0.170475
v 0.055197 -4.939828 0.167755
v 0.106885 -4.927285 0.160619
v 0.151770 -4.907580 0.151769
v -0.151769 -4.844764 0.214585
v -0.106884 -4.853615 0.234290
v -0.055196 -4.860750 0.246832
v 0.000000 -4.863470 0.251103
v 0.055197 -4.860750 0.246832
v 0.106885 -4.853615 0.234290
v 0.151770 -4.844764 0.214585
v -0.160619 -4.799880 0.234290
v -0.112204 -4.805199 0.258718
v -0.057740 -4.809987 0.274032
v 0.000000 -4.811969 0.279213
v 0.057741 -4.809987 0.274032
v 0.112204 -4.805199 0.258718
v 0.160620 -4.799880 0.234290
v -0.167755 -4.748191 0.246833
v -0.116992 -4.750735 0.274032
v -0.060206 -4.753201 0.291316
v 0.000000 -4.754284 0.297251
v 0.060207 -4.753201 0.291316
v 0.116992 -4.750735 0.274032
v 0.167755 -4.748191 0.246833
v -0.167755 -1.244803 0.246832
v -0.116992 -1.242259 0.274032
v -0.060207 -1.239793 0.291316
v 0.000000 -1.238711 0.297251
v 0.060207 -1.239793 0.291316
v 0.116992 -1.242259 0.274032
v 0.167755 -1.244803 0.246833
v -0.160619 -1.193115 0.234290
v -0.112204 -1.187795 0.258718
v -0.057740 -1.183007 0.274032
v 0.000000 -1.181026 0.279213
v 0.057740 -1.183007 0.274032
v 0.112204 -1.187795 0.258718
v 0.160620 -1.193115 0.234290
v -0.151769 -1.148230 0.214585
v -0.106885 -1.139380 0.234290
v -0.055196 -1.132244 0.246833
v 0.000000 -1.129524 0.251103
v 0.055196 -1.132244 0.246833
v 0.106885 -1.139380 0.234290
v 0.151769 -1.148230 0.214585
v -0.214585 -1.148230 -0.151769
v -0.234290 -1.193115 -0.160619
v -0.246832 -1.244803 -0.167755
v -0.246832 -4.748191 -0.167755
v -0.234289 -4.799880 -0.160619
v -0.214585 -4.844764 -0.151769
v -0.234290 -1.139380 -0.106885
v -0.258718 -1.187795 -0.112204
v -0.274032 -1.242259 -0.116992
v -0.274032 -4.750735 -0.116992
v -0.258718 -4.805199 -0.112204
v -0.234289 -4.853615 -0.106885
v -0.246832 -1.132244 -0.055196
v -0.274032 -1.183007 -0.057740
v -0.291316 -1.239793 -0.060207
v -0.291316 -4.753201 -0.060207
v -0.274032 -4.809987 -0.057740
v -0.246832 -4.860750 -0.055196
v -0.251103 -1.129524 0.000000
v -0.279213 -1.181026 0.000000
v -0.297251 -1.238711 0.000000
v -0.297251 -4.754284 -0.000000
v -0.279213 -4.811969 -0.000000
v -0.251103 -4.863470 -0.000000
v -0.246832 -1.132244 0.055196
v -0.274032 -1.183007 0.057740
v -0.291316 -1.239793 0.060207
v -0.291316 -4.753201 0.060207
v -0.274032 -4.809987 0.057740
v -0.246832 -4.860750 0.055196
v -0.234290 -1.139380 0.106885
v -0.258718 -1.187795 0.112204
v -0.274032 -1.242259 0.116992
v -0.274032 -4.750735 0.116992
v -0.258718 -4.805199 0.112204
v -0.234289 -4.853615 0.106885
v -0.214585 -1.148230 0.151769
v -0.234290 -1.193115 0.160619
v -0.246832 -1.244803 0.167755
v -0.246832 -4.748191 0.167755
v -0.234289 -4.799880 0.160619
v -0.214585 -4.844764 0.151769
v 0.214586 -4.844764 -0.151769
v 0.234290 -4.799880 -0.160619
v 0.246833 -4.748191 -0.167755
v 0.246833 -1.244803 -0.167755
v 0.234290 -1.193115 -0.160619
v 0.214586 -1.148230 -0.151769
v 0.234290 -4.853615 -0.106885
v 0.258719 -4.805199 -0.112204
v 0.274032 -4.750735 -0.116992
v 0.274032 -1.242259 -0.116992
v 0.258718 -1.187795 -0.112204
v 0.234290 -1.139380 -0.106885
v 0.246833 -4.860750 -0.055196
v 0.274032 -4.809987 -0.057740
v 0.291316 -4.753202 -0.060207
v 0.291316 -1.239793 -0.060207
v 0.274032 -1.183007 -0.057740
v 0.246833 -1.132244 -0.055196
v 0.251104 -4.863470 0.000000
v 0.279213 -4.811969 0.000000
v 0.297252 -4.754284 0.000000
v 0.297251 -1.238711 0.000000
v 0.279213 -1.181026 -0.000000
v 0.251103 -1.129524 0.000000
v 0.246833 -4.860750 0.055196
v 0.274032 -4.809987 0.057740
v 0.291316 -4.753201 0.060207
v 0.291316 -1.239793 0.060207
v 0.274032 -1.183007 0.057740
v 0.246833 -1.132244 0.055196
v 0.234290 -4.853615 0.106885
v 0.258719 -4.805199 0.112204
v 0.274032 -4.750735 0.116992
v 0.274032 -1.242259 0.116992
v 0.258718 -1.187795 0.112204
v 0.234290 -1.139380 0.106885
v 0.214586 -4.844764 0.151769
v 0.234290 -4.799880 0.160619
v 0.246833 -4.748191 0.167755
v 0.246833 -1.244803 0.167755
v 0.234290 -1.193115 0.160619
v 0.214586 -1.148230 0.151769
v -0.214432 -4.695787 -0.214433
v -0.214432 -1.297207 -0.214433
v 0.214433 -1.297207 -0.214433
v 0.214433 -4.695787 -0.214433
v -0.214432 -1.297207 0.214433
v -0.214432 -4.695787 0.214433
v 0.214433 -4.695787 0.214433
v 0.214433 -1.297207 0.214433
v -0.170337 -4.695787 -0.250887
v -0.170338 -1.297207 -0.250887
v -0.118878 -1.297208 -0.278963
v -0.118878 -4.695786 -0.278963
v -0.061238 -1.297209 -0.296976
v -0.061238 -4.695785 -0.296976
v 0.000000 -1.297210 -0.303219
v 0.000000 -4.695785 -0.303219
v 0.061238 -1.297209 -0.296976
v 0.061239 -4.695785 -0.296976
v 0.118878 -1.297208 -0.278963
v 0.118878 -4.695786 -0.278963
v 0.170338 -1.297207 -0.250887
v 0.170338 -4.695787 -0.250887
v -0.170338 -1.297207 0.250887
v -0.170337 -4.695787 0.250887
v -0.118878 -4.695786 0.278963
v -0.118878 -1.297208 0.278963
v -0.061238 -4.695785 0.296976
v -0.061238 -1.297209 0.296976
v 0.000000 -4.695785 0.303219
v 0.000000 -1.297210 0.303219
v 0.061239 -4.695785 0.296976
v 0.061238 -1.297209 0.296976
v 0.118878 -4.695786 0.278963
v 0.118878 -1.297208 0.278963
v 0.170338 -4.695787 0.250887
v 0.170338 -1.297207 0.250887
v -0.250887 -1.297207 -0.170338
v -0.250887 -4.695787 -0.170338
v -0.278962 -4.695786 -0.118878
v -0.278962 -1.297208 -0.118878
v -0.296976 -4.695785 -0.061238
v -0.296976 -1.297209 -0.061238
v -0.303219 -4.695785 -0.000000
v -0.303219 -1.297210 0.000000
v -0.296976 -4.695785 0.061238
v -0.296976 -1.297209 0.061238
v -0.278962 -4.695786 0.118878
v -0.278962 -1.297208 0.118878
v -0.250887 -4.695787 0.170338
v -0.250887 -1.297207 0.170338
v 0.250888 -4.695787 -0.170338
v 0.250887 -1.297207 -0.170338
v 0.278963 -1.297208 -0.118878
v 0.278963 -4.695786 -0.118878
v 0.296976 -1.297209 -0.061238
v 0.296977 -4.695785 -0.061238
v 0.303219 -1.297210 0.000000
v 0.303220 -4.695785 0.000000
v 0.296976 -1.297209 0.061238
v 0.296977 -4.695785 0.061238
v 0.278963 -1.297208 0.118878
v 0.278963 -4.695786 0.118878
v 0.250887 -1.297207 0.170338
v 0.250888 -4.695787 0.170338
v 0.175229 1.124771 0.175228
v -0.175227 1.124771 0.175228
v 0.175229 1.124771 -0.175228
v -0.175227 1.124771 -0.175228
v 0.175231 4.868223 0.175228
v -0.175225 4.868223 0.175228
v 0.175231 4.868223 -0.175228
v -0.175225 4.868223 -0.175228
v 0.187769 1.112231 -0.146971
v 0.201528 1.098472 -0.104346
v 0.211183 1.088817 -0.054025
v 0.214610 1.085390 -0.000000
v 0.211183 1.088817 0.054025
v 0.201528 1.098472 0.104346
v 0.187769 1.112231 0.146971
v 0.146972 1.112231 0.187769
v 0.104346 1.098472 0.201527
v 0.054026 1.088817 0.211182
v 0.000001 1.085390 0.214610
v -0.054025 1.088817 0.211182
v -0.104345 1.098472 0.201527
v -0.146970 1.112231 0.187769
v -0.187768 1.112231 0.146971
v -0.201527 1.098472 0.104346
v -0.211182 1.088817 0.054025
v -0.214609 1.085390 0.000000
v -0.211182 1.088817 -0.054025
v -0.201527 1.098472 -0.104346
v -0.187768 1.112231 -0.146971
v -0.146970 1.112231 -0.187769
v -0.104345 1.098472 -0.201527
v -0.054025 1.088817 -0.211182
v 0.000001 1.085390 -0.214610
v 0.054026 1.088817 -0.211182
v 0.104346 1.098472 -0.201527
v 0.146972 1.112231 -0.187769
v 0.187771 4.839966 -0.187769
v 0.201530 4.797341 -0.201527
v 0.211185 4.747021 -0.211182
v 0.211183 1.245974 -0.211182
v 0.201528 1.195654 -0.201527
v 0.187769 1.153028 -0.187769
v -0.187768 1.153028 -0.187769
v -0.201527 1.195654 -0.201527
v -0.211182 1.245974 -0.211182
v -0.211180 4.747021 -0.211182
v -0.201525 4.797341 -0.201527
v -0.187766 4.839966 -0.187769
v -0.146968 4.880764 -0.187769
v -0.104343 4.894523 -0.201527
v -0.054023 4.904178 -0.211182
v 0.000003 4.907605 -0.214610
v 0.054028 4.904178 -0.211182
v 0.104348 4.894523 -0.201527
v 0.146974 4.880764 -0.187769
v 0.187771 4.880764 0.146971
v 0.201530 4.894523 0.104346
v 0.211185 4.904178 0.054025
v 0.214612 4.907605 0.000000
v 0.211185 4.904178 -0.054025
v 0.201530 4.894523 -0.104346
v 0.187771 4.880764 -0.146971
v -0.187766 4.880764 -0.146971
v -0.201525 4.894523 -0.104346
v -0.211180 4.904178 -0.054025
v -0.214607 4.907605 -0.000000
v -0.211180 4.904178 0.054025
v -0.201525 4.894523 0.104346
v -0.187766 4.880764 0.146971
v -0.146968 4.880764 0.187769
v -0.104343 4.894523 0.201527
v -0.054023 4.904178 0.211182
v 0.000003 4.907605 0.214610
v 0.054028 4.904178 0.211182
v 0.104348 4.894523 0.201527
v 0.146974 4.880764 0.187769
v 0.187769 1.153028 0.187769
v 0.201528 1.195654 0.201527
v 0.211183 1.245974 0.211182
v 0.211185 4.747021 0.211182
v 0.201530 4.797341 0.201527
v 0.187771 4.839966 0.187769
v -0.187766 4.839966 0.187769
v -0.201525 4.797341 0.201527
v -0.211180 4.747021 0.211182
v -0.211182 1.245974 0.211182
v -0.201527 1.195654 0.201527
v -0.187768 1.153028 0.187769
v 0.151770 1.085414 0.151769
v 0.106885 1.065710 0.160619
v 0.055197 1.053167 0.167755
v 0.000001 1.048896 0.170475
v -0.055196 1.053167 0.167755
v -0.106884 1.065710 0.160619
v -0.151769 1.085414 0.151769
v 0.160620 1.065710 0.106885
v 0.112205 1.041281 0.112204
v 0.057741 1.025967 0.116992
v 0.000001 1.020787 0.118974
v -0.057740 1.025967 0.116992
v -0.112203 1.041281 0.112204
v -0.160619 1.065710 0.106885
v 0.167756 1.053167 0.055196
v 0.116993 1.025967 0.057740
v 0.060207 1.008684 0.060207
v 0.000001 1.002748 0.061289
v -0.060206 1.008684 0.060207
v -0.116991 1.025967 0.057740
v -0.167754 1.053167 0.055196
v 0.170476 1.048896 -0.000000
v 0.118974 1.020786 -0.000000
v 0.061289 1.002748 0.000000
v 0.000001 0.996495 0.000000
v -0.061288 1.002748 0.000000
v -0.118973 1.020787 0.000000
v -0.170475 1.048896 0.000000
v 0.167756 1.053167 -0.055196
v 0.116993 1.025967 -0.057740
v 0.060207 1.008684 -0.060207
v 0.000001 1.002748 -0.061288
v -0.060206 1.008684 -0.060207
v -0.116991 1.025967 -0.057740
v -0.167754 1.053167 -0.055196
v 0.160620 1.065710 -0.106885
v 0.112205 1.041281 -0.112204
v 0.057741 1.025967 -0.116992
v 0.000001 1.020787 -0.118974
v -0.057740 1.025967 -0.116992
v -0.112203 1.041281 -0.112204
v -0.160619 1.065710 -0.106885
v 0.151770 1.085414 -0.151769
v 0.106885 1.065710 -0.160619
v 0.055197 1.053167 -0.167755
v 0.000001 1.048896 -0.170475
v -0.055196 1.053167 -0.167755
v -0.106884 1.065710 -0.160619
v -0.151769 1.085414 -0.151769
v 0.151770 1.148230 -0.214585
v 0.106885 1.139380 -0.234290
v 0.055197 1.132244 -0.246832
v 0.000001 1.129524 -0.251103
v -0.055196 1.132244 -0.246832
v -0.106884 1.139380 -0.234290
v -0.151769 1.148230 -0.214585
v 0.160620 1.193115 -0.234290
v 0.112205 1.187795 -0.258718
v 0.057741 1.183007 -0.274032
v 0.000001 1.181026 -0.279213
v -0.057740 1.183007 -0.274032
v -0.112203 1.187796 -0.258718
v -0.160619 1.193115 -0.234290
v 0.167756 1.244803 -0.246833
v 0.116993 1.242259 -0.274032
v 0.060207 1.239793 -0.291316
v 0.000001 1.238711 -0.297251
v -0.060206 1.239793 -0.291316
v -0.116991 1.242259 -0.274032
v -0.167754 1.244803 -0.246833
v 0.167758 4.748191 -0.246832
v 0.116995 4.750735 -0.274032
v 0.060209 4.753201 -0.291316
v 0.000003 4.754284 -0.297251
v -0.060204 4.753201 -0.291316
v -0.116989 4.750735 -0.274032
v -0.167752 4.748191 -0.246833
v 0.160622 4.799880 -0.234290
v 0.112207 4.805199 -0.258718
v 0.057743 4.809987 -0.274032
v 0.000003 4.811969 -0.279213
v -0.057738 4.809987 -0.274032
v -0.112201 4.805199 -0.258718
v -0.160617 4.799880 -0.234290
v 0.151772 4.844764 -0.214585
v 0.106887 4.853615 -0.234290
v 0.055199 4.860750 -0.246833
v 0.000003 4.863470 -0.251103
v -0.055194 4.860750 -0.246833
v -0.106882 4.853615 -0.234290
v -0.151766 4.844764 -0.214585
v 0.151772 4.907580 -0.151769
v 0.106888 4.927285 -0.160619
v 0.055199 4.939828 -0.167755
v 0.000003 4.944098 -0.170475
v -0.055193 4.939828 -0.167755
v -0.106882 4.927285 -0.160619
v -0.151766 4.907580 -0.151769
v 0.160622 4.927285 -0.106885
v 0.112207 4.951714 -0.112204
v 0.057743 4.967028 -0.116992
v 0.000003 4.972208 -0.118974
v -0.057737 4.967028 -0.116992
v -0.112201 4.951714 -0.112204
v -0.160617 4.927285 -0.106885
v 0.167758 4.939828 -0.055196
v 0.116995 4.967028 -0.057740
v 0.060209 4.984311 -0.060207
v 0.000003 4.990247 -0.061289
v -0.060204 4.984311 -0.060207
v -0.116989 4.967028 -0.057740
v -0.167752 4.939828 -0.055196
v 0.170478 4.944098 0.000000
v 0.118977 4.972208 0.000000
v 0.061291 4.990247 0.000000
v 0.000003 4.996499 0.000000
v -0.061286 4.990247 -0.000000
v -0.118971 4.972208 -0.000000
v -0.170473 4.944098 -0.000000
v 0.167758 4.939828 0.055196
v 0.116995 4.967028 0.057740
v 0.060209 4.984311 0.060207
v 0.000003 4.990247 0.061288
v -0.060204 4.984311 0.060207
v -0.116989 4.967028 0.057740
v -0.167752 4.939828 0.055196
v 0.160622 4.927285 0.106885
v 0.112207 4.951714 0.112204
v 0.057743 4.967028 0.116992
v 0.000003 4.972208 0.118974
v -0.057737 4.967028 0.116992
v -0.112201 4.951714 0.112204
v -0.160617 4.927285 0.106885
v 0.151772 4.907580 0.151769
v 0.106888 4.927285 0.160619
v 0.055199 4.939828 0.167755
v 0.000003 4.944098 0.170475
v -0.055193 4.939828 0.167755
v -0.106882 4.927285 0.160619
v -0.151766 4.907580 0.151769
v 0.151772 4.844764 0.214585
v 0.106888 4.853615 0.234290
v 0.055199 4.860750 0.246832
v 0.000003 4.863470 0.251103
v -0.055194 4.860750 0.246832
v -0.106882 4.853615 0.234290
v -0.151766 4.844764 0.214585
v 0.160622 4.799880 0.234290
v 0.112207 4.805199 0.258718
v 0.057743 4.809987 0.274032
v 0.000003 4.811969 0.279213
v -0.057738 4.809987 0.274032
v -0.112201 4.805199 0.258718
v -0.160617 4.799880 0.234290
v 0.167758 4.748191 0.246833
v 0.116995 4.750735 0.274032
v 0.060209 4.753201 0.291316
v 0.000003 4.754284 0.297251
v -0.060204 4.753201 0.291316
v -0.116989 4.750735 0.274032
v -0.167752 4.748191 0.246833
v 0.167756 1.244803 0.246832
v 0.116993 1.242259 0.274032
v 0.060207 1.239793 0.291316
v 0.000001 1.238711 0.297251
v -0.060206 1.239793 0.291316
v -0.116991 1.242259 0.274032
v -0.167754 1.244803 0.246833
v 0.160620 1.193115 0.234290
v 0.112205 1.187795 0.258718
v 0.057741 1.183007 0.274032
v 0.000001 1.181026 0.279213
v -0.057740 1.183007 0.274032
v -0.112203 1.187796 0.258718
v -0.160619 1.193115 0.234290
v 0.151770 1.148230 0.214585
v 0.106885 1.139380 0.234290
v 0.055197 1.132244 0.246833
v 0.000001 1.129524 0.251103
v -0.055196 1.132244 0.246833
v -0.106884 1.139380 0.234290
v -0.151769 1.148230 0.214585
v 0.214586 1.148230 -0.151769
v 0.234290 1.193115 -0.160619
v 0.246833 1.244803 -0.167755
v 0.246835 4.748191 -0.167755
v 0.234292 4.799880 -0.160619
v 0.214588 4.844764 -0.151769
v 0.234290 1.139380 -0.106885
v 0.258719 1.187795 -0.112204
v 0.274033 1.242259 -0.116992
v 0.274035 4.750735 -0.116992
v 0.258721 4.805199 -0.112204
v 0.234292 4.853615 -0.106885
v 0.246833 1.132244 -0.055196
v 0.274033 1.183007 -0.057740
v 0.291317 1.239793 -0.060207
v 0.291319 4.753201 -0.060207
v 0.274035 4.809987 -0.057740
v 0.246835 4.860750 -0.055196
v 0.251104 1.129524 0.000000
v 0.279214 1.181026 0.000000
v 0.297252 1.238711 0.000000
v 0.297254 4.754284 -0.000000
v 0.279216 4.811969 -0.000000
v 0.251106 4.863470 -0.000000
v 0.246833 1.132244 0.055196
v 0.274033 1.183007 0.057740
v 0.291317 1.239793 0.060207
v 0.291319 4.753201 0.060207
v 0.274035 4.809987 0.057740
v 0.246835 4.860750 0.055196
v 0.234290 1.139380 0.106885
v 0.258719 1.187795 0.112204
v 0.274033 1.242259 0.116992
v 0.274035 4.750735 0.116992
v 0.258721 4.805199 0.112204
v 0.234292 4.853615 0.106885
v 0.214586 1.148230 0.151769
v 0.234290 1.193115 0.160619
v 0.246833 1.244803 0.167755
v 0.246835 4.748191 0.167755
v 0.234292 4.799880 0.160619
v 0.214588 4.844764 0.151769
v -0.214583 4.844764 -0.151769
v -0.234287 4.799880 -0.160619
v -0.246830 4.748191 -0.167755
v -0.246832 1.244803 -0.167755
v -0.234289 1.193115 -0.160619
v -0.214585 1.148230 -0.151769
v -0.234287 4.853615 -0.106885
v -0.258716 4.805199 -0.112204
v -0.274029 4.750735 -0.116992
v -0.274031 1.242259 -0.116992
v -0.258718 1.187796 -0.112204
v -0.234289 1.139380 -0.106885
v -0.246830 4.860750 -0.055196
v -0.274029 4.809987 -0.057740
v -0.291313 4.753202 -0.060207
v -0.291315 1.239793 -0.060207
v -0.274031 1.183008 -0.057740
v -0.246832 1.132245 -0.055196
v -0.251101 4.863470 0.000000
v -0.279210 4.811969 0.000000
v -0.297249 4.754284 0.000000
v -0.297251 1.238711 0.000000
v -0.279212 1.181026 -0.000000
v -0.251103 1.129524 0.000000
v -0.246830 4.860750 0.055196
v -0.274029 4.809987 0.057740
v -0.291313 4.753201 0.060207
v -0.291315 1.239793 0.060207
v -0.274031 1.183008 0.057740
v -0.246832 1.132245 0.055196
v -0.234287 4.853615 0.106885
v -0.258716 4.805199 0.112204
v -0.274029 4.750735 0.116992
v -0.274031 1.242259 0.116992
v -0.258718 1.187796 0.112204
v -0.234289 1.139380 0.106885
v -0.214583 4.844764 0.151769
v -0.234287 4.799880 0.160619
v -0.246830 4.748191 0.167755
v -0.246832 1.244803 0.167755
v -0.234289 1.193115 0.160619
v -0.214585 1.148230 0.151769
v 0.214435 4.695787 -0.214433
v 0.214433 1.297207 -0.214433
v -0.214432 1.297207 -0.214433
v -0.214430 4.695787 -0.214433
v 0.214433 1.297207 0.214433
v 0.214435 4.695787 0.214433
v -0.214430 4.695787 0.214433
v -0.214432 1.297207 0.214433
v 0.170340 4.695787 -0.250887
v 0.170338 1.297207 -0.250887
v 0.118879 1.297208 -0.278963
v 0.118881 4.695786 -0.278963
v 0.061239 1.297209 -0.296976
v 0.061241 4.695785 -0.296976
v 0.000001 1.297210 -0.303219
v 0.000003 4.695785 -0.303219
v -0.061238 1.297209 -0.296976
v -0.061236 4.695785 -0.296976
v -0.118877 1.297209 -0.278963
v -0.118875 4.695786 -0.278963
v -0.170337 1.297208 -0.250887
v -0.170335 4.695787 -0.250887
v 0.170338 1.297207 0.250887
v 0.170340 4.695787 0.250887
v 0.118881 4.695786 0.278963
v 0.118879 1.297208 0.278963
v 0.061241 4.695785 0.296976
v 0.061239 1.297209 0.296976
v 0.000003 4.695785 0.303219
v 0.000001 1.297210 0.303219
v -0.061236 4.695785 0.296976
v -0.061238 1.297209 0.296976
v -0.118875 4.695786 0.278963
v -0.118877 1.297209 0.278963
v -0.170335 4.695787 0.250887
v -0.170337 1.297208 0.250887
v 0.250888 1.297207 -0.170338
v 0.250890 4.695787 -0.170338
v 0.278965 4.695786 -0.118878
v 0.278963 1.297208 -0.118878
v 0.296979 4.695785 -0.061238
v 0.296977 1.297209 -0.061238
v 0.303222 4.695785 -0.000000
v 0.303220 1.297210 0.000000
v 0.296979 4.695785 0.061238
v 0.296977 1.297209 0.061238
v 0.278965 4.695786 0.118878
v 0.278963 1.297208 0.118878
v 0.250890 4.695787 0.170338
v 0.250888 1.297207 0.170338
v -0.250885 4.695787 -0.170338
v -0.250887 1.297208 -0.170338
v -0.278962 1.297209 -0.118878
v -0.278960 4.695786 -0.118878
v -0.296976 1.297210 -0.061238
v -0.296974 4.695785 -0.061238
v -0.303219 1.297210 0.000000
v -0.303217 4.695785 0.000000
v -0.296976 1.297210 0.061238
v -0.296974 4.695785 0.061238
v -0.278962 1.297209 0.118878
v -0.278960 4.695786 0.118878
v -0.250887 1.297208 0.170338
v -0.250885 4.695787 0.170338
v 0.175228 -0.175228 -1.124771
v 0.175228 0.175228 -1.124771
v -0.175228 -0.175228 -1.124771
v -0.175228 0.175228 -1.124771
v 0.175229 -0.175228 -4.868223
v 0.175229 0.175228 -4.868223
v -0.175227 -0.175228 -4.868223
v -0.175227 0.175228 -4.868223
v -0.146971 -0.187769 -1.112231
v -0.104346 -0.201527 -1.098472
v -0.054025 -0.211182 -1.088817
v 0.000000 -0.214610 -1.085390
v 0.054026 -0.211182 -1.088817
v 0.104346 -0.201527 -1.098472
v 0.146971 -0.187769 -1.112231
v 0.187769 -0.146971 -1.112231
v 0.201528 -0.104346 -1.098472
v 0.211183 -0.054025 -1.088817
v 0.214610 -0.000000 -1.085390
v 0.211183 0.054025 -1.088817
v 0.201528 0.104346 -1.098472
v 0.187769 0.146971 -1.112231
v 0.146971 0.187769 -1.112231
v 0.104346 0.201527 -1.098472
v 0.054026 0.211182 -1.088817
v 0.000000 0.214610 -1.085390
v -0.054025 0.211182 -1.088817
v -0.104346 0.201527 -1.098472
v -0.146971 0.187769 -1.112231
v -0.187768 0.146971 -1.112231
v -0.201527 0.104346 -1.098472
v -0.211182 0.054025 -1.088817
v -0.214610 -0.000000 -1.085390
v -0.211182 -0.054025 -1.088817
v -0.201527 -0.104346 -1.098472
v -0.187768 -0.146971 -1.112231
v -0.187768 -0.187769 -4.839966
v -0.201527 -0.201527 -4.797341
v -0.211181 -0.211182 -4.747021
v -0.211182 -0.211182 -1.245974
v -0.201527 -0.201527 -1.195654
v -0.187768 -0.187769 -1.153028
v -0.187768 0.187769 -1.153028
v -0.201527 0.201527 -1.195654
v -0.211182 0.211182 -1.245974
v -0.211181 0.211182 -4.747021
v -0.201527 0.201527 -4.797341
v -0.187768 0.187769 -4.839966
v -0.187768 0.146971 -4.880764
v -0.201526 0.104346 -4.894523
v -0.211181 0.054025 -4.904178
v -0.214609 -0.000000 -4.907605
v -0.211181 -0.054025 -4.904178
v -0.201526 -0.104346 -4.894523
v -0.187768 -0.146971 -4.880764
v 0.146972 -0.187769 -4.880764
v 0.104347 -0.201527 -4.894523
v 0.054026 -0.211182 -4.904178
v 0.000001 -0.214610 -4.907605
v -0.054024 -0.211182 -4.904178
v -0.104345 -0.201527 -4.894523
v -0.146970 -0.187769 -4.880764
v -0.146970 0.187769 -4.880764
v -0.104345 0.201527 -4.894523
v -0.054024 0.211182 -4.904178
v 0.000001 0.214610 -4.907605
v 0.054026 0.211182 -4.904178
v 0.104347 0.201527 -4.894523
v 0.146972 0.187769 -4.880764
v 0.187770 0.146971 -4.880764
v 0.201528 0.104346 -4.894523
v 0.211183 0.054025 -4.904178
v 0.214611 -0.000000 -4.907605
v 0.211183 -0.054025 -4.904178
v 0.201528 -0.104346 -4.894523
v 0.187770 -0.146971 -4.880764
v 0.187769 -0.187769 -1.153028
v 0.201528 -0.201527 -1.195654
v 0.211183 -0.211182 -1.245974
v 0.211183 -0.211182 -4.747021
v 0.201528 -0.201527 -4.797341
v 0.187770 -0.187769 -4.839966
v 0.187770 0.187769 -4.839966
v 0.201528 0.201527 -4.797341
v 0.211183 0.211182 -4.747021
v 0.211183 0.211182 -1.245974
v 0.201528 0.201527 -1.195654
v 0.187769 0.187769 -1.153028
v 0.151769 -0.151769 -1.085414
v 0.160620 -0.106885 -1.065710
v 0.167755 -0.055196 -1.053167
v 0.170475 -0.000000 -1.048896
v 0.167755 0.055196 -1.053167
v 0.160620 0.106885 -1.065710
v 0.151769 0.151769 -1.085414
v 0.106885 -0.160619 -1.065710
v 0.112204 -0.112204 -1.041281
v 0.116992 -0.057740 -1.025967
v 0.118974 -0.000000 -1.020787
v 0.116992 0.057740 -1.025967
v 0.112204 0.112204 -1.041281
v 0.106885 0.160619 -1.065710
v 0.055196 -0.167755 -1.053167
v 0.057740 -0.116992 -1.025967
v 0.060207 -0.060207 -1.008684
v 0.061289 0.000000 -1.002748
v 0.060207 0.060207 -1.008684
v 0.057740 0.116992 -1.025967
v 0.055196 0.167755 -1.053167
v 0.000000 -0.170475 -1.048896
v 0.000000 -0.118974 -1.020787
v 0.000000 -0.061289 -1.002748
v 0.000000 0.000000 -0.996495
v 0.000000 0.061288 -1.002748
v 0.000000 0.118974 -1.020787
v 0.000000 0.170475 -1.048896
v -0.055196 -0.167755 -1.053167
v -0.057740 -0.116992 -1.025967
v -0.060206 -0.060207 -1.008684
v -0.061288 0.000000 -1.002748
v -0.060206 0.060207 -1.008684
v -0.057740 0.116992 -1.025967
v -0.055196 0.167755 -1.053167
v -0.106885 -0.160619 -1.065710
v -0.112204 -0.112204 -1.041281
v -0.116992 -0.057740 -1.025967
v -0.118974 0.000000 -1.020787
v -0.116992 0.057740 -1.025967
v -0.112204 0.112204 -1.041281
v -0.106885 0.160619 -1.065710
v -0.151769 -0.151769 -1.085414
v -0.160619 -0.106885 -1.065710
v -0.167755 -0.055196 -1.053167
v -0.170475 0.000000 -1.048896
v -0.167755 0.055196 -1.053167
v -0.160619 0.106885 -1.065710
v -0.151769 0.151769 -1.085414
v -0.214585 -0.151769 -1.148230
v -0.234290 -0.106885 -1.139380
v -0.246832 -0.055196 -1.132244
v -0.251103 -0.000000 -1.129524
v -0.246832 0.055196 -1.132244
v -0.234290 0.106885 -1.139380
v -0.214585 0.151769 -1.148230
v -0.234290 -0.160619 -1.193115
v -0.258718 -0.112204 -1.187795
v -0.274032 -0.057740 -1.183007
v -0.279213 -0.000000 -1.181026
v -0.274032 0.057740 -1.183007
v -0.258718 0.112204 -1.187795
v -0.234290 0.160619 -1.193115
v -0.246832 -0.167755 -1.244803
v -0.274032 -0.116992 -1.242259
v -0.291316 -0.060207 -1.239793
v -0.297251 -0.000000 -1.238711
v -0.291316 0.060207 -1.239793
v -0.274032 0.116992 -1.242259
v -0.246832 0.167755 -1.244803
v -0.246832 -0.167755 -4.748191
v -0.274031 -0.116992 -4.750735
v -0.291315 -0.060207 -4.753201
v -0.297250 0.000000 -4.754284
v -0.291315 0.060207 -4.753201
v -0.274031 0.116992 -4.750735
v -0.246832 0.167755 -4.748191
v -0.234289 -0.160619 -4.799880
v -0.258717 -0.112204 -4.805199
v -0.274031 -0.057740 -4.809987
v -0.279212 0.000000 -4.811969
v -0.274031 0.057740 -4.809987
v -0.258717 0.112204 -4.805199
v -0.234289 0.160619 -4.799880
v -0.214585 -0.151769 -4.844764
v -0.234289 -0.106885 -4.853615
v -0.246832 -0.055196 -4.860750
v -0.251102 0.000000 -4.863470
v -0.246832 0.055196 -4.860750
v -0.234289 0.106885 -4.853615
v -0.214585 0.151769 -4.844764
v -0.151768 -0.151769 -4.907580
v -0.160618 -0.106885 -4.927285
v -0.167754 -0.055196 -4.939828
v -0.170474 -0.000000 -4.944098
v -0.167754 0.055196 -4.939828
v -0.160618 0.106885 -4.927285
v -0.151768 0.151769 -4.907580
v -0.106884 -0.160619 -4.927285
v -0.112203 -0.112204 -4.951714
v -0.116991 -0.057740 -4.967028
v -0.118973 -0.000000 -4.972208
v -0.116991 0.057740 -4.967028
v -0.112203 0.112204 -4.951714
v -0.106884 0.160619 -4.927285
v -0.055195 -0.167755 -4.939828
v -0.057739 -0.116992 -4.967028
v -0.060206 -0.060207 -4.984311
v -0.061288 -0.000000 -4.990247
v -0.060206 0.060207 -4.984311
v -0.057739 0.116992 -4.967028
v -0.055195 0.167755 -4.939828
v 0.000001 -0.170475 -4.944098
v 0.000001 -0.118974 -4.972208
v 0.000001 -0.061289 -4.990247
v 0.000001 0.000000 -4.996499
v 0.000001 0.061289 -4.990247
v 0.000001 0.118974 -4.972208
v 0.000001 0.170475 -4.944098
v 0.055197 -0.167755 -4.939828
v 0.057741 -0.116992 -4.967028
v 0.060208 -0.060207 -4.984311
v 0.061289 0.000000 -4.990247
v 0.060208 0.060207 -4.984311
v 0.057741 0.116992 -4.967028
v 0.055197 0.167755 -4.939828
v 0.106886 -0.160619 -4.927285
v 0.112205 -0.112204 -4.951714
v 0.116993 -0.057740 -4.967028
v 0.118975 0.000000 -4.972208
v 0.116993 0.057740 -4.967028
v 0.112205 0.112204 -4.951714
v 0.106886 0.160619 -4.927285
v 0.151770 -0.151769 -4.907580
v 0.160620 -0.106885 -4.927285
v 0.167756 -0.055196 -4.939828
v 0.170476 0.000000 -4.944098
v 0.167756 0.055196 -4.939828
v 0.160620 0.106885 -4.927285
v 0.151770 0.151769 -4.907580
v 0.214586 -0.151769 -4.844764
v 0.234291 -0.106885 -4.853615
v 0.246833 -0.055196 -4.860750
v 0.251104 -0.000000 -4.863470
v 0.246833 0.055196 -4.860750
v 0.234291 0.106885 -4.853615
v 0.214586 0.151769 -4.844764
v 0.234291 -0.160619 -4.799880
v 0.258719 -0.112204 -4.805199
v 0.274033 -0.057740 -4.809987
v 0.279214 -0.000000 -4.811969
v 0.274033 0.057740 -4.809987
v 0.258719 0.112204 -4.805199
v 0.234291 0.160619 -4.799880
v 0.246833 -0.167755 -4.748191
v 0.274033 -0.116992 -4.750735
v 0.291317 -0.060207 -4.753201
v 0.297252 -0.000000 -4.754284
v 0.291317 0.060207 -4.753201
v 0.274033 0.116992 -4.750735
v 0.246833 0.167755 -4.748191
v 0.246833 -0.167755 -1.244803
v 0.274032 -0.116992 -1.242259
v 0.291316 -0.060207 -1.239793
v 0.297252 0.000000 -1.238711
v 0.291316 0.060207 -1.239793
v 0.274032 0.116992 -1.242259
v 0.246833 0.167755 -1.244803
v 0.234290 -0.160619 -1.193115
v 0.258719 -0.112204 -1.187795
v 0.274032 -0.057740 -1.183007
v 0.279213 0.000000 -1.181026
v 0.274032 0.057740 -1.183007
v 0.258719 0.112204 -1.187795
v 0.234290 0.160619 -1.193115
v 0.214586 -0.151769 -1.148230
v 0.234290 -0.106885 -1.139380
v 0.246833 -0.055196 -1.132244
v 0.251103 0.000000 -1.129524
v 0.246833 0.055196 -1.132244
v 0.234290 0.106885 -1.139380
v 0.214586 0.151769 -1.148230
v -0.151769 -0.214585 -1.148230
v -0.160619 -0.234290 -1.193115
v -0.167755 -0.246833 -1.244803
v -0.167754 -0.246833 -4.748191
v -0.160618 -0.234290 -4.799880
v -0.151768 -0.214585 -4.844764
v -0.106885 -0.234290 -1.139380
v -0.112204 -0.258718 -1.187795
v -0.116992 -0.274032 -1.242259
v -0.116991 -0.274032 -4.750735
v -0.112203 -0.258718 -4.805199
v -0.106884 -0.234290 -4.853615
v -0.055196 -0.246833 -1.132244
v -0.057740 -0.274032 -1.183007
v -0.060206 -0.291316 -1.239793
v -0.060206 -0.291316 -4.753201
v -0.057739 -0.274032 -4.809987
v -0.055195 -0.246833 -4.860750
v 0.000000 -0.251103 -1.129524
v 0.000000 -0.279213 -1.181026
v 0.000000 -0.297251 -1.238711
v 0.000001 -0.297251 -4.754284
v 0.000001 -0.279213 -4.811969
v 0.000001 -0.251103 -4.863470
v 0.055196 -0.246833 -1.132244
v 0.057740 -0.274032 -1.183007
v 0.060207 -0.291316 -1.239793
v 0.060208 -0.291316 -4.753201
v 0.057741 -0.274032 -4.809987
v 0.055197 -0.246833 -4.860750
v 0.106885 -0.234290 -1.139380
v 0.112204 -0.258718 -1.187795
v 0.116992 -0.274032 -1.242259
v 0.116993 -0.274032 -4.750735
v 0.112205 -0.258718 -4.805199
v 0.106886 -0.234290 -4.853615
v 0.151769 -0.214585 -1.148230
v 0.160620 -0.234290 -1.193115
v 0.167755 -0.246833 -1.244803
v 0.167756 -0.246833 -4.748191
v 0.160620 -0.234290 -4.799880
v 0.151770 -0.214585 -4.844764
v -0.151768 0.214585 -4.844764
v -0.160618 0.234290 -4.799880
v -0.167754 0.246832 -4.748191
v -0.167755 0.246833 -1.244803
v -0.160619 0.234290 -1.193115
v -0.151769 0.214585 -1.148230
v -0.106884 0.234290 -4.853615
v -0.112203 0.258718 -4.805199
v -0.116991 0.274032 -4.750735
v -0.116992 0.274032 -1.242259
v -0.112204 0.258718 -1.187795
v -0.106885 0.234290 -1.139380
v -0.055195 0.246833 -4.860750
v -0.057739 0.274032 -4.809987
v -0.060206 0.291316 -4.753202
v -0.060206 0.291316 -1.239793
v -0.057740 0.274032 -1.183007
v -0.055196 0.246833 -1.132244
v 0.000001 0.251103 -4.863470
v 0.000001 0.279213 -4.811969
v 0.000001 0.297251 -4.754284
v 0.000000 0.297251 -1.238711
v 0.000000 0.279213 -1.181026
v 0.000000 0.251103 -1.129524
v 0.055197 0.246833 -4.860750
v 0.057741 0.274032 -4.809987
v 0.060208 0.291316 -4.753201
v 0.060207 0.291316 -1.239793
v 0.057740 0.274032 -1.183007
v 0.055196 0.246833 -1.132244
v 0.106886 0.234290 -4.853615
v 0.112205 0.258718 -4.805199
v 0.116993 0.274032 -4.750735
v 0.116992 0.274032 -1.242259
v 0.112204 0.258718 -1.187795
v 0.106885 0.234290 -1.139380
v 0.151770 0.214585 -4.844764
v 0.160620 0.234290 -4.799880
v 0.167756 0.246832 -4.748191
v 0.167755 0.246833 -1.244803
v 0.160620 0.234290 -1.193115
v 0.151769 0.214585 -1.148230
v -0.214432 -0.214433 -4.695787
v -0.214432 -0.214433 -1.297207
v -0.214432 0.214433 -1.297207
v -0.214432 0.214433 -4.695787
v 0.214433 -0.214433 -1.297207
v 0.214433 -0.214433 -4.695787
v 0.214433 0.214433 -4.695787
v 0.214433 0.214433 -1.297207
v -0.250886 -0.170338 -4.695787
v -0.250887 -0.170338 -1.297207
v -0.278962 -0.118878 -1.297208
v -0.278962 -0.118878 -4.695786
v -0.296976 -0.061238 -1.297209
v -0.296975 -0.061238 -4.695785
v -0.303219 0.000000 -1.297210
v -0.303218 0.000000 -4.695785
v -0.296976 0.061238 -1.297209
v -0.296975 0.061238 -4.695785
v -0.278962 0.118878 -1.297208
v -0.278962 0.118878 -4.695786
v -0.250887 0.170338 -1.297207
v -0.250886 0.170338 -4.695787
v 0.250887 -0.170338 -1.297207
v 0.250888 -0.170338 -4.695787
v 0.278963 -0.118878 -4.695786
v 0.278963 -0.118878 -1.297208
v 0.296977 -0.061238 -4.695785
v 0.296977 -0.061238 -1.297209
v 0.303220 0.000000 -4.695785
v 0.303220 0.000000 -1.297210
v 0.296977 0.061238 -4.695785
v 0.296977 0.061238 -1.297209
v 0.278963 0.118878 -4.695786
v 0.278963 0.118878 -1.297208
v 0.250888 0.170338 -4.695787
v 0.250887 0.170338 -1.297207
v -0.170337 -0.250887 -1.297207
v -0.170337 -0.250887 -4.695787
v -0.118877 -0.278963 -4.695786
v -0.118878 -0.278963 -1.297208
v -0.061237 -0.296976 -4.695785
v -0.061238 -0.296976 -1.297209
v 0.000001 -0.303219 -4.695785
v 0.000000 -0.303219 -1.297210
v 0.061239 -0.296976 -4.695785
v 0.061239 -0.296976 -1.297209
v 0.118879 -0.278963 -4.695786
v 0.118878 -0.278963 -1.297208
v 0.170339 -0.250887 -4.695787
v 0.170338 -0.250887 -1.297207
v -0.170337 0.250887 -4.695787
v -0.170337 0.250887 -1.297207
v -0.118878 0.278963 -1.297208
v -0.118877 0.278963 -4.695786
v -0.061238 0.296976 -1.297209
v -0.061237 0.296976 -4.695785
v 0.000000 0.303219 -1.297210
v 0.000001 0.303219 -4.695785
v 0.061239 0.296976 -1.297209
v 0.061239 0.296976 -4.695785
v 0.118878 0.278963 -1.297208
v 0.118879 0.278963 -4.695786
v 0.170338 0.250887 -1.297207
v 0.170339 0.250887 -4.695787
v 0.175228 0.175229 1.124771
v 0.175228 -0.175227 1.124771
v -0.175228 0.175229 1.124771
v -0.175228 -0.175227 1.124771
v 0.175228 0.175231 4.868223
v 0.175228 -0.175225 4.868223
v -0.175228 0.175231 4.868223
v -0.175228 -0.175225 4.868223
v -0.146971 0.187769 1.112231
v -0.104346 0.201528 1.098472
v -0.054025 0.211183 1.088817
v 0.000000 0.214610 1.085390
v 0.054025 0.211183 1.088817
v 0.104346 0.201528 1.098472
v 0.146971 0.187769 1.112231
v 0.187769 0.146972 1.112231
v 0.201527 0.104346 1.098472
v 0.211182 0.054026 1.088817
v 0.214610 0.000001 1.085390
v 0.211182 -0.054025 1.088817
v 0.201527 -0.104345 1.098472
v 0.187769 -0.146970 1.112231
v 0.146971 -0.187768 1.112231
v 0.104346 -0.201527 1.098472
v 0.054025 -0.211182 1.088817
v 0.000000 -0.214609 1.085390
v -0.054025 -0.211182 1.088817
v -0.104346 -0.201527 1.098472
v -0.146971 -0.187768 1.112231
v -0.187769 -0.146970 1.112231
v -0.201527 -0.104345 1.098472
v -0.211182 -0.054025 1.088817
v -0.214610 0.000001 1.085390
v -0.211182 0.054026 1.088817
v -0.201527 0.104346 1.098472
v -0.187769 0.146972 1.112231
v -0.187769 0.187772 4.839966
v -0.201527 0.201530 4.797341
v -0.211182 0.211185 4.747021
v -0.211182 0.211183 1.245974
v -0.201527 0.201528 1.195654
v -0.187769 0.187769 1.153028
v -0.187769 -0.187768 1.153028
v -0.201527 -0.201527 1.195654
v -0.211182 -0.211182 1.245974
v -0.211182 -0.211179 4.747021
v -0.201527 -0.201524 4.797341
v -0.187769 -0.187766 4.839966
v -0.187769 -0.146968 4.880764
v -0.201527 -0.104343 4.894523
v -0.211182 -0.054022 4.904178
v -0.214610 0.000003 4.907605
v -0.211182 0.054028 4.904178
v -0.201527 0.104349 4.894523
v -0.187768 0.146974 4.880764
v 0.146971 0.187772 4.880764
v 0.104346 0.201531 4.894523
v 0.054026 0.211185 4.904178
v 0.000000 0.214613 4.907605
v -0.054025 0.211185 4.904178
v -0.104346 0.201531 4.894523
v -0.146971 0.187772 4.880764
v -0.146971 -0.187766 4.880764
v -0.104346 -0.201524 4.894523
v -0.054025 -0.211179 4.904178
v 0.000000 -0.214607 4.907605
v 0.054026 -0.211179 4.904178
v 0.104346 -0.201524 4.894523
v 0.146971 -0.187766 4.880764
v 0.187769 -0.146968 4.880764
v 0.201528 -0.104343 4.894523
v 0.211183 -0.054022 4.904178
v 0.214610 0.000003 4.907605
v 0.211183 0.054028 4.904178
v 0.201528 0.104349 4.894523
v 0.187769 0.146974 4.880764
v 0.187769 0.187769 1.153028
v 0.201528 0.201528 1.195654
v 0.211182 0.211183 1.245974
v 0.211182 0.211185 4.747021
v 0.201528 0.201530 4.797341
v 0.187769 0.187772 4.839966
v 0.187769 -0.187766 4.839966
v 0.201528 -0.201524 4.797341
v 0.211183 -0.211179 4.747021
v 0.211182 -0.211182 1.245974
v 0.201528 -0.201527 1.195654
v 0.187769 -0.187768 1.153028
v 0.151769 0.151770 1.085414
v 0.160619 0.106885 1.065710
v 0.167755 0.055197 1.053167
v 0.170475 0.000001 1.048896
v 0.167755 -0.055196 1.053167
v 0.160619 -0.106884 1.065710
v 0.151769 -0.151768 1.085414
v 0.106885 0.160620 1.065710
v 0.112204 0.112205 1.041281
v 0.116992 0.057741 1.025967
v 0.118974 0.000001 1.020787
v 0.116992 -0.057740 1.025967
v 0.112204 -0.112203 1.041281
v 0.106885 -0.160619 1.065710
v 0.055196 0.167756 1.053167
v 0.057740 0.116993 1.025967
v 0.060207 0.060207 1.008684
v 0.061289 0.000001 1.002748
v 0.060207 -0.060206 1.008684
v 0.057740 -0.116991 1.025967
v 0.055196 -0.167754 1.053167
v 0.000000 0.170476 1.048896
v 0.000000 0.118974 1.020786
v 0.000000 0.061289 1.002748
v 0.000000 0.000001 0.996495
v 0.000000 -0.061288 1.002748
v 0.000000 -0.118973 1.020787
v 0.000000 -0.170475 1.048896
v -0.055196 0.167756 1.053167
v -0.057740 0.116993 1.025967
v -0.060207 0.060207 1.008684
v -0.061288 0.000001 1.002748
v -0.060207 -0.060206 1.008684
v -0.057740 -0.116991 1.025967
v -0.055196 -0.167754 1.053167
v -0.106885 0.160620 1.065710
v -0.112204 0.112205 1.041281
v -0.116992 0.057741 1.025967
v -0.118974 0.000001 1.020787
v -0.116992 -0.057740 1.025967
v -0.112204 -0.112203 1.041281
v -0.106885 -0.160619 1.065710
v -0.151769 0.151770 1.085414
v -0.160619 0.106885 1.065710
v -0.167755 0.055197 1.053167
v -0.170475 0.000001 1.048896
v -0.167755 -0.055196 1.053167
v -0.160619 -0.106884 1.065710
v -0.151769 -0.151768 1.085414
v -0.214585 0.151770 1.148230
v -0.234290 0.106886 1.139380
v -0.246832 0.055197 1.132244
v -0.251103 0.000001 1.129524
v -0.246832 -0.055195 1.132244
v -0.234290 -0.106884 1.139380
v -0.214585 -0.151768 1.148230
v -0.234290 0.160620 1.193115
v -0.258718 0.112205 1.187795
v -0.274032 0.057741 1.183007
v -0.279213 0.000001 1.181026
v -0.274032 -0.057739 1.183007
v -0.258718 -0.112203 1.187796
v -0.234290 -0.160619 1.193115
v -0.246832 0.167756 1.244803
v -0.274032 0.116993 1.242259
v -0.291316 0.060207 1.239793
v -0.297251 0.000001 1.238711
v -0.291316 -0.060206 1.239793
v -0.274032 -0.116991 1.242259
v -0.246832 -0.167754 1.244803
v -0.246832 0.167758 4.748191
v -0.274032 0.116995 4.750735
v -0.291316 0.060210 4.753201
v -0.297251 0.000003 4.754284
v -0.291316 -0.060204 4.753201
v -0.274032 -0.116989 4.750735
v -0.246832 -0.167752 4.748191
v -0.234290 0.160622 4.799880
v -0.258718 0.112207 4.805199
v -0.274032 0.057743 4.809987
v -0.279213 0.000003 4.811969
v -0.274032 -0.057737 4.809987
v -0.258718 -0.112201 4.805199
v -0.234290 -0.160616 4.799880
v -0.214585 0.151772 4.844764
v -0.234290 0.106888 4.853615
v -0.246832 0.055199 4.860750
v -0.251103 0.000003 4.863470
v -0.246832 -0.055193 4.860750
v -0.234290 -0.106882 4.853615
v -0.214585 -0.151766 4.844764
v -0.151769 0.151772 4.907580
v -0.160619 0.106888 4.927285
v -0.167755 0.055199 4.939828
v -0.170475 0.000003 4.944098
v -0.167755 -0.055193 4.939828
v -0.160619 -0.106882 4.927285
v -0.151769 -0.151766 4.907580
v -0.106885 0.160623 4.927285
v -0.112204 0.112207 4.951714
v -0.116992 0.057743 4.967028
v -0.118974 0.000003 4.972208
v -0.116992 -0.057737 4.967028
v -0.112204 -0.112201 4.951714
v -0.106885 -0.160616 4.927285
v -0.055196 0.167758 4.939828
v -0.057740 0.116995 4.967028
v -0.060206 0.060210 4.984311
v -0.061288 0.000003 4.990247
v -0.060206 -0.060204 4.984311
v -0.057740 -0.116989 4.967028
v -0.055196 -0.167752 4.939828
v 0.000000 0.170478 4.944098
v 0.000000 0.118977 4.972208
v 0.000000 0.061292 4.990247
v 0.000000 0.000003 4.996499
v 0.000000 -0.061285 4.990247
v 0.000000 -0.118971 4.972208
v 0.000000 -0.170472 4.944098
v 0.055196 0.167758 4.939828
v 0.057740 0.116995 4.967028
v 0.060207 0.060210 4.984311
v 0.061289 0.000003 4.990247
v 0.060207 -0.060204 4.984311
v 0.057740 -0.116989 4.967028
v 0.055196 -0.167752 4.939828
v 0.106885 0.160623 4.927285
v 0.112204 0.112207 4.951714
v 0.116992 0.057743 4.967028
v 0.118974 0.000003 4.972208
v 0.116992 -0.057737 4.967028
v 0.112204 -0.112201 4.951714
v 0.106885 -0.160616 4.927285
v 0.151769 0.151772 4.907580
v 0.160620 0.106888 4.927285
v 0.167755 0.055199 4.939828
v 0.170475 0.000003 4.944098
v 0.167755 -0.055193 4.939828
v 0.160620 -0.106882 4.927285
v 0.151769 -0.151766 4.907580
v 0.214586 0.151772 4.844764
v 0.234290 0.106888 4.853615
v 0.246833 0.055199 4.860750
v 0.251103 0.000003 4.863470
v 0.246833 -0.055193 4.860750
v 0.234290 -0.106882 4.853615
v 0.214586 -0.151766 4.844764
v 0.234290 0.160622 4.799880
v 0.258718 0.112207 4.805199
v 0.274032 0.057743 4.809987
v 0.279213 0.000003 4.811969
v 0.274032 -0.057737 4.809987
v 0.258718 -0.112201 4.805199
v 0.234290 -0.160616 4.799880
v 0.246833 0.167758 4.748191
v 0.274032 0.116995 4.750735
v 0.291316 0.060210 4.753201
v 0.297252 0.000003 4.754284
v 0.291316 -0.060204 4.753201
v 0.274032 -0.116989 4.750735
v 0.246833 -0.167752 4.748191
v 0.246833 0.167756 1.244803
v 0.274032 0.116993 1.242259
v 0.291316 0.060207 1.239793
v 0.297251 0.000001 1.238711
v 0.291316 -0.060206 1.239793
v 0.274032 -0.116991 1.242259
v 0.246833 -0.167754 1.244803
v 0.234290 0.160620 1.193115
v 0.258718 0.112205 1.187795
v 0.274032 0.057741 1.183007
v 0.279213 0.000001 1.181026
v 0.274032 -0.057739 1.183007
v 0.258718 -0.112203 1.187796
v 0.234290 -0.160619 1.193115
v 0.214586 0.151770 1.148230
v 0.234290 0.106886 1.139380
v 0.246833 0.055197 1.132244
v 0.251103 0.000001 1.129524
v 0.246833 -0.055195 1.132244
v 0.234290 -0.106884 1.139380
v 0.214586 -0.151768 1.148230
v -0.151769 0.214586 1.148230
v -0.160619 0.234291 1.193115
v -0.167755 0.246833 1.244803
v -0.167755 0.246835 4.748191
v -0.160619 0.234293 4.799880
v -0.151769 0.214589 4.844764
v -0.106885 0.234290 1.139380
v -0.112204 0.258719 1.187795
v -0.116992 0.274033 1.242259
v -0.116992 0.274035 4.750735
v -0.112204 0.258721 4.805199
v -0.106885 0.234293 4.853615
v -0.055196 0.246833 1.132244
v -0.057740 0.274033 1.183007
v -0.060207 0.291317 1.239793
v -0.060206 0.291319 4.753201
v -0.057740 0.274035 4.809987
v -0.055196 0.246836 4.860750
v 0.000000 0.251104 1.129524
v 0.000000 0.279214 1.181026
v 0.000000 0.297252 1.238711
v 0.000000 0.297254 4.754284
v 0.000000 0.279216 4.811969
v 0.000000 0.251106 4.863470
v 0.055196 0.246833 1.132244
v 0.057740 0.274033 1.183007
v 0.060207 0.291317 1.239793
v 0.060207 0.291319 4.753201
v 0.057740 0.274035 4.809987
v 0.055196 0.246836 4.860750
v 0.106885 0.234290 1.139380
v 0.112204 0.258719 1.187795
v 0.116992 0.274033 1.242259
v 0.116992 0.274035 4.750735
v 0.112204 0.258721 4.805199
v 0.106885 0.234293 4.853615
v 0.151769 0.214586 1.148230
v 0.160619 0.234291 1.193115
v 0.167755 0.246833 1.244803
v 0.167755 0.246835 4.748191
v 0.160620 0.234293 4.799880
v 0.151769 0.214589 4.844764
v -0.151769 -0.214582 4.844764
v -0.160619 -0.234287 4.799880
v -0.167755 -0.246830 4.748191
v -0.167755 -0.246832 1.244803
v -0.160619 -0.234289 1.193115
v -0.151769 -0.214585 1.148230
v -0.106885 -0.234287 4.853615
v -0.112204 -0.258715 4.805199
v -0.116992 -0.274029 4.750735
v -0.116992 -0.274031 1.242259
v -0.112204 -0.258718 1.187796
v -0.106885 -0.234289 1.139380
v -0.055196 -0.246829 4.860750
v -0.057740 -0.274029 4.809987
v -0.060206 -0.291313 4.753202
v -0.060207 -0.291315 1.239793
v -0.057740 -0.274031 1.183008
v -0.055196 -0.246832 1.132245
v 0.000000 -0.251100 4.863470
v 0.000000 -0.279210 4.811969
v 0.000000 -0.297248 4.754284
v 0.000000 -0.297251 1.238711
v 0.000000 -0.279212 1.181026
v 0.000000 -0.251103 1.129524
v 0.055196 -0.246829 4.860750
v 0.057740 -0.274029 4.809987
v 0.060207 -0.291313 4.753201
v 0.060207 -0.291315 1.239793
v 0.057740 -0.274031 1.183008
v 0.055196 -0.246832 1.132245
v 0.106885 -0.234287 4.853615
v 0.112204 -0.258715 4.805199
v 0.116992 -0.274029 4.750735
v 0.116992 -0.274031 1.242259
v 0.112204 -0.258718 1.187796
v 0.106885 -0.234289 1.139380
v 0.151769 -0.214582 4.844764
v 0.160620 -0.234287 4.799880
v 0.167755 -0.246830 4.748191
v 0.167755 -0.246832 1.244803
v 0.160619 -0.234289 1.193115
v 0.151769 -0.214585 1.148230
v -0.214432 0.214436 4.695787
v -0.214432 0.214433 1.297207
v -0.214432 -0.214432 1.297207
v -0.214432 -0.214430 4.695787
v 0.214433 0.214433 1.297207
v 0.214433 0.214436 4.695787
v 0.214433 -0.214430 4.695787
v 0.214433 -0.214432 1.297207
v -0.250887 0.170341 4.695787
v -0.250887 0.170338 1.297207
v -0.278962 0.118879 1.297208
v -0.278962 0.118881 4.695786
v -0.296976 0.061239 1.297209
v -0.296976 0.061241 4.695785
v -0.303219 0.000001 1.297210
v -0.303219 0.000003 4.695785
v -0.296976 -0.061238 1.297209
v -0.296976 -0.061235 4.695785
v -0.278962 -0.118877 1.297209
v -0.278962 -0.118875 4.695786
v -0.250887 -0.170337 1.297208
v -0.250887 -0.170335 4.695787
v 0.250887 0.170338 1.297207
v 0.250887 0.170341 4.695787
v 0.278963 0.118881 4.695786
v 0.278963 0.118879 1.297208
v 0.296977 0.061241 4.695785
v 0.296976 0.061239 1.297209
v 0.303220 0.000003 4.695785
v 0.303219 0.000001 1.297210
v 0.296977 -0.061235 4.695785
v 0.296976 -0.061238 1.297209
v 0.278963 -0.118875 4.695786
v 0.278963 -0.118877 1.297209
v 0.250887 -0.170335 4.695787
v 0.250887 -0.170337 1.297208
v -0.170338 0.250888 1.297207
v -0.170337 0.250890 4.695787
v -0.118878 0.278966 4.695786
v -0.118878 0.278963 1.297208
v -0.061238 0.296979 4.695785
v -0.061238 0.296977 1.297209
v 0.000000 0.303222 4.695785
v 0.000000 0.303220 1.297210
v 0.061239 0.296979 4.695785
v 0.061238 0.296977 1.297209
v 0.118878 0.278966 4.695786
v 0.118878 0.278963 1.297208
v 0.170338 0.250890 4.695787
v 0.170338 0.250888 1.297207
v -0.170337 -0.250884 4.695787
v -0.170338 -0.250886 1.297208
v -0.118878 -0.278962 1.297209
v -0.118878 -0.278960 4.695786
v -0.061238 -0.296975 1.297210
v -0.061238 -0.296973 4.695785
v 0.000000 -0.303219 1.297210
v 0.000000 -0.303216 4.695785
v 0.061238 -0.296976 1.297210
v 0.061239 -0.296973 4.695785
v 0.118878 -0.278962 1.297209
v 0.118878 -0.278960 4.695786
v 0.170338 -0.250886 1.297208
v 0.170338 -0.250884 4.695787
v 0.000000 -0.282594 -5.508045
v 0.718944 -0.282594 -5.460923
v 0.718944 0.282594 -5.460923
v 0.000000 0.282594 -5.508045
v 1.425587 -0.282594 -5.320363
v 1.425587 0.282594 -5.320363
v 2.107837 -0.282594 -5.088769
v 2.107837 0.282594 -5.088769
v 2.754022 -0.282594 -4.770106
v 2.754022 0.282594 -4.770106
v 3.353085 -0.282594 -4.369826
v 3.353085 0.282594 -4.369826
v 3.894776 -0.282594 -3.894776
v 3.894776 0.282594 -3.894776
v 4.369826 -0.282594 -3.353085
v 4.369826 0.282594 -3.353085
v 4.770106 -0.282594 -2.754022
v 4.770106 0.282594 -2.754022
v 5.088769 -0.282594 -2.107837
v 5.088769 0.282594 -2.107837
v 5.320363 -0.282594 -1.425587
v 5.320363 0.282594 -1.425587
v 5.460923 -0.282594 -0.718944
v 5.460923 0.282594 -0.718944
v 5.508045 -0.282594 0.000000
v 5.508045 0.282594 0.000000
v 5.460923 -0.282594 0.718944
v 5.460923 0.282594 0.718944
v 5.320363 -0.282594 1.425587
v 5.320363 0.282594 1.425587
v 5.088769 -0.282594 2.107837
v 5.088769 0.282594 2.107837
v 4.770106 -0.282594 2.754022
v 4.770106 0.282594 2.754022
v 4.369826 -0.282594 3.353085
v 4.369826 0.282594 3.353085
v 3.894776 -0.282594 3.894776
v 3.894776 0.282594 3.894776
v 3.353085 -0.282594 4.369826
v 3.353085 0.282594 4.369826
v 2.754022 -0.282594 4.770106
v 2.754022 0.282594 4.770106
v 2.107837 -0.282594 5.088769
v 2.107837 0.282594 5.088769
v 1.425587 -0.282594 5.320363
v 1.425587 0.282594 5.320363
v 0.718944 -0.282594 5.460923
v 0.718944 0.282594 5.460923
v 0.000000 -0.282594 5.508045
v 0.000000 0.282594 5.508045
v -0.718944 -0.282594 5.460923
v -0.718944 0.282594 5.460923
v -1.425587 -0.282594 5.320363
v -1.425587 0.282594 5.320363
v -2.107837 -0.282594 5.088769
v -2.107837 0.282594 5.088769
v -2.754022 -0.282594 4.770106
v -2.754022 0.282594 4.770106
v -3.353085 -0.282594 4.369826
v -3.353085 0.282594 4.369826
v -3.894776 -0.282594 3.894776
v -3.894776 0.282594 3.894776
v -4.369826 -0.282594 3.353085
v -4.369826 0.282594 3.353085
v -4.770106 -0.282594 2.754022
v -4.770106 0.282594 2.754022
v -5.088769 -0.282594 2.107837
v -5.088769 0.282594 2.107837
v -5.320363 -0.282594 1.425587
v -5.320363 0.282594 1.425587
v -5.460923 -0.282594 0.718944
v -5.460923 0.282594 0.718944
v -5.508045 -0.282594 0.000000
v -5.508045 0.282594 0.000000
v -5.460923 -0.282594 -0.718944
v -5.460923 0.282594 -0.718944
v -5.320363 -0.282594 -1.425587
v -5.320363 0.282594 -1.425587
v -5.088769 -0.282594 -2.107837
v -5.088769 0.282594 -2.107837
v -4.770106 -0.282594 -2.754022
v -4.770106 0.282594 -2.754022
v -4.369826 -0.282594 -3.353085
v -4.369826 0.282594 -3.353085
v -3.894776 -0.282594 -3.894776
v -3.894776 0.282594 -3.894776
v -3.353085 -0.282594 -4.369826
v -3.353085 0.282594 -4.369826
v -2.754022 -0.282594 -4.770106
v -2.754022 0.282594 -4.770106
v -2.107837 -0.282594 -5.088769
v -2.107837 0.282594 -5.088769
v -1.425587 -0.282594 -5.320363
v -1.425587 0.282594 -5.320363
v -0.718944 -0.282594 -5.460923
v -0.718944 0.282594 -5.460923
v 0.000000 5.508045 -0.282594
v 0.718944 5.460923 -0.282594
v 0.718944 5.460923 0.282593
v 0.000000 5.508045 0.282593
v 1.425587 5.320363 -0.282594
v 1.425587 5.320363 0.282593
v 2.107837 5.088769 -0.282594
v 2.107837 5.088769 0.282593
v 2.754022 4.770106 -0.282594
v 2.754022 4.770106 0.282593
v 3.353085 4.369826 -0.282594
v 3.353085 4.369826 0.282594
v 3.894776 3.894776 -0.282594
v 3.894776 3.894776 0.282594
v 4.369826 3.353085 -0.282594
v 4.369826 3.353085 0.282594
v 4.770106 2.754022 -0.282594
v 4.770106 2.754022 0.282594
v 5.088769 2.107837 -0.282594
v 5.088769 2.107837 0.282594
v 5.320363 1.425587 -0.282594
v 5.320363 1.425587 0.282594
v 5.460923 0.718944 -0.282594
v 5.460923 0.718944 0.282594
v 5.460923 -0.718944 -0.282594
v 5.460923 -0.718944 0.282594
v 5.320363 -1.425587 -0.282594
v 5.320363 -1.425587 0.282594
v 5.088769 -2.107837 -0.282594
v 5.088769 -2.107837 0.282594
v 4.770106 -2.754022 -0.282594
v 4.770106 -2.754022 0.282594
v 4.369826 -3.353085 -0.282594
v 4.369826 -3.353085 0.282594
v 3.894776 -3.894776 -0.282594
v 3.894776 -3.894776 0.282594
v 3.353085 -4.369826 -0.282594
v 3.353085 -4.369826 0.282594
v 2.754022 -4.770106 -0.282593
v 2.754022 -4.770106 0.282594
v 2.107837 -5.088769 -0.282593
v 2.107837 -5.088769 0.282594
v 1.425587 -5.320363 -0.282593
v 1.425587 -5.320363 0.282594
v 0.718944 -5.460923 -0.282593
v 0.718944 -5.460923 0.282594
v 0.000000 -5.508045 -0.282593
v 0.000000 -5.508045 0.282594
v -0.718944 -5.460923 -0.282593
v -0.718944 -5.460923 0.282594
v -1.425587 -5.320363 -0.282593
v -1.425587 -5.320363 0.282594
v -2.107837 -5.088769 -0.282593
v -2.107837 -5.088769 0.282594
v -2.754022 -4.770106 -0.282593
v -2.754022 -4.770106 0.282594
v -3.353085 -4.369826 -0.282594
v -3.353085 -4.369826 0.282594
v -3.894776 -3.894776 -0.282594
v -3.894776 -3.894776 0.282594
v -4.369826 -3.353085 -0.282594
v -4.369826 -3.353085 0.282594
v -4.770106 -2.754022 -0.282594
v -4.770106 -2.754022 0.282594
v -5.088769 -2.107837 -0.282594
v -5.088769 -2.107837 0.282594
v -5.320363 -1.425587 -0.282594
v -5.320363 -1.425587 0.282594
v -5.460923 -0.718944 -0.282594
v -5.460923 -0.718944 0.282594
v -5.460923 0.718944 -0.282594
v -5.460923 0.718944 0.282594
v -5.320363 1.425587 -0.282594
v -5.320363 1.425587 0.282594
v -5.088769 2.107837 -0.282594
v -5.088769 2.107837 0.282594
v -4.770106 2.754022 -0.282594
v -4.770106 2.754022 0.282594
v -4.369826 3.353085 -0.282594
v -4.369826 3.353085 0.282594
v -3.894776 3.894776 -0.282594
v -3.894776 3.894776 0.282594
v -3.353085 4.369826 -0.282594
v -3.353085 4.369826 0.282594
v -2.754022 4.770106 -0.282594
v -2.754022 4.770106 0.282593
v -2.107837 5.088769 -0.282594
v -2.107837 5.088769 0.282593
v -1.425587 5.320363 -0.282594
v -1.425587 5.320363 0.282593
v -0.718944 5.460923 -0.282594
v -0.718944 5.460923 0.282593
vn 0.1305 -0.0000 -0.9914
vn 0.2588 -0.0000 -0.9659
vn -0.0000 -0.0000 -1.0000
vn 0.3827 -0.0000 -0.9239
vn 0.5000 -0.0000 -0.8660
vn 0.6088 -0.0000 -0.7934
vn 0.7071 -0.0000 -0.7071
vn 0.7934 -0.0000 -0.6088
vn 0.8660 -0.0000 -0.5000
vn 0.9239 -0.0000 -0.3827
vn 0.9659 -0.0000 -0.2588
vn 0.9914 -0.0000 -0.1305
vn 1.0000 -0.0000 -0.0000
vn 0.9914 -0.0000 0.1305
vn 0.9659 -0.0000 0.2588
vn 0.9239 -0.0000 0.3827
vn 0.8660 -0.0000 0.5000
vn 0.7934 -0.0000 0.6088
vn 0.7071 -0.0000 0.7071
vn 0.6088 -0.0000 0.7934
vn 0.5000 -0.0000 0.8660
vn 0.3827 -0.0000 0.9239
vn 0.2588 -0.0000 0.9659
vn 0.1305 -0.0000 0.9914
vn -0.0000 -0.0000 1.0000
vn -0.1305 -0.0000 0.9914
vn -0.2588 -0.0000 0.9659
vn -0.3827 -0.0000 0.9239
vn -0.5000 -0.0000 0.8660
vn -0.6088 -0.0000 0.7934
vn -0.7071 -0.0000 0.7071
vn -0.7934 -0.0000 0.6088
vn -0.8660 -0.0000 0.5000
vn -0.9239 -0.0000 0.3827
vn -0.9659 -0.0000 0.2588
vn -0.9914 -0.0000 0.1305
vn -1.0000 -0.0000 -0.0000
vn -0.9914 -0.0000 -0.1305
vn -0.9659 -0.0000 -0.2588
vn -0.9239 -0.0000 -0.3827
vn -0.8660 -0.0000 -0.5000
vn -0.7934 -0.0000 -0.6088
vn -0.7071 -0.0000 -0.7071
vn -0.6088 -0.0000 -0.7934
vn -0.5000 -0.0000 -0.8660
vn -0.3827 -0.0000 -0.9239
vn -0.2588 -0.0000 -0.9659
vn -0.1305 -0.0000 -0.9914
vn -0.0000 -1.0000 -0.0000
vn -0.0000 1.0000 -0.0000
vn -0.7150 -0.4944 0.4944
vn -0.7756 -0.3476 0.5269
vn -0.8554 -0.3663 0.3663
vn -0.7756 -0.5269 0.3476
vn -0.8151 -0.1797 0.5507
vn -0.9046 -0.1882 0.3824
vn -0.8288 -0.0000 0.5595
vn -0.9213 -0.0000 0.3888
vn -0.8151 0.1797 0.5507
vn -0.9046 0.1882 0.3824
vn -0.7756 0.3476 0.5269
vn -0.8554 0.3663 0.3663
vn -0.7150 0.4944 0.4944
vn -0.7756 0.5269 0.3476
vn -0.9046 -0.3824 0.1882
vn -0.8151 -0.5507 0.1797
vn -0.9607 -0.1963 0.1963
vn -0.9799 -0.0000 0.1996
vn -0.9607 0.1963 0.1963
vn -0.9046 0.3824 0.1882
vn -0.8151 0.5507 0.1797
vn -0.9213 -0.3888 -0.0000
vn -0.8288 -0.5595 -0.0000
vn -0.9799 -0.1996 -0.0000
vn -0.9799 0.1996 -0.0000
vn -0.9213 0.3888 -0.0000
vn -0.8288 0.5595 -0.0000
vn -0.9046 -0.3824 -0.1882
vn -0.8151 -0.5507 -0.1797
vn -0.9607 -0.1963 -0.1963
vn -0.9799 -0.0000 -0.1996
vn -0.9607 0.1963 -0.1963
vn -0.9046 0.3824 -0.1882
vn -0.8151 0.5507 -0.1797
vn -0.8554 -0.3663 -0.3663
vn -0.7756 -0.5269 -0.3476
vn -0.9046 -0.1882 -0.3824
vn -0.9213 -0.0000 -0.3888
vn -0.9046 0.1882 -0.3824
vn -0.8554 0.3663 -0.3663
vn -0.7756 0.5269 -0.3476
vn -0.7756 -0.3476 -0.5269
vn -0.7150 -0.4944 -0.4944
vn -0.8151 -0.1797 -0.5507
vn -0.8288 -0.0000 -0.5595
vn -0.8151 0.1797 -0.5507
vn -0.7756 0.3476 -0.5269
vn -0.7150 0.4944 -0.4944
vn -0.5774 -0.5774 0.5773
vn -0.6222 -0.4752 0.6222
vn -0.6222 -0.6222 0.4752
vn -0.6654 -0.3385 0.6654
vn -0.6961 -0.1758 0.6961
vn -0.6961 0.1758 0.6961
vn -0.6654 0.3385 0.6654
vn -0.6222 0.4752 0.6222
vn -0.5774 0.5774 0.5773
vn -0.6222 0.6222 0.4752
vn -0.6654 0.6654 0.3385
vn -0.6961 0.6961 0.1758
vn -0.7071 0.7071 -0.0000
vn -0.6961 0.6961 -0.1758
vn -0.6654 0.6654 -0.3385
vn -0.6222 0.6222 -0.4752
vn -0.5774 0.5774 -0.5773
vn -0.6222 0.4752 -0.6222
vn -0.6654 0.3385 -0.6654
vn -0.6961 0.1758 -0.6961
vn -0.6961 -0.1758 -0.6961
vn -0.6654 -0.3385 -0.6654
vn -0.6222 -0.4752 -0.6222
vn -0.6222 -0.6222 -0.4752
vn -0.5774 -0.5774 -0.5774
vn -0.6654 -0.6654 -0.3385
vn -0.6961 -0.6961 -0.1758
vn -0.7071 -0.7071 -0.0000
vn -0.6961 -0.6961 0.1758
vn -0.6654 -0.6654 0.3385
vn -0.4944 -0.4944 -0.7150
vn -0.5269 -0.3476 -0.7756
vn -0.3663 -0.3663 -0.8554
vn -0.3476 -0.5269 -0.7756
vn -0.5507 -0.1797 -0.8151
vn -0.3824 -0.1882 -0.9046
vn -0.5595 -0.0000 -0.8288
vn -0.3888 -0.0000 -0.9213
vn -0.5507 0.1797 -0.8151
vn -0.3824 0.1882 -0.9046
vn -0.5269 0.3476 -0.7756
vn -0.3663 0.3663 -0.8554
vn -0.4944 0.4944 -0.7150
vn -0.3476 0.5269 -0.7756
vn -0.1882 -0.3824 -0.9046
vn -0.1797 -0.5507 -0.8152
vn -0.1963 -0.1962 -0.9607
vn -0.1996 -0.0000 -0.9799
vn -0.1963 0.1962 -0.9607
vn -0.1882 0.3824 -0.9046
vn -0.1797 0.5507 -0.8152
vn 0.1797 -0.5507 -0.8152
vn 0.1882 -0.3824 -0.9046
vn 0.3663 -0.3663 -0.8554
vn 0.3476 -0.5269 -0.7756
vn 0.1963 -0.1962 -0.9607
vn 0.3824 -0.1882 -0.9046
vn 0.1996 -0.0000 -0.9799
vn 0.3888 -0.0000 -0.9213
vn 0.1963 0.1962 -0.9607
vn 0.3824 0.1882 -0.9046
vn 0.1882 0.3824 -0.9046
vn 0.3663 0.3663 -0.8554
vn 0.1797 0.5507 -0.8152
vn 0.3476 0.5269 -0.7756
vn 0.5269 -0.3476 -0.7756
vn 0.4944 -0.4944 -0.7150
vn 0.5507 -0.1797 -0.8151
vn 0.5595 -0.0000 -0.8288
vn 0.5507 0.1797 -0.8151
vn 0.5269 0.3476 -0.7756
vn 0.4944 0.4944 -0.7150
vn -0.4752 -0.6222 -0.6222
vn -0.4752 0.6222 -0.6222
vn -0.3385 0.6654 -0.6654
vn -0.1758 0.6961 -0.6961
vn 0.1758 0.6961 -0.6961
vn 0.3385 0.6654 -0.6654
vn 0.4752 0.6222 -0.6222
vn 0.5773 0.5773 -0.5774
vn 0.6222 0.4752 -0.6222
vn 0.6654 0.3385 -0.6654
vn 0.6961 0.1758 -0.6961
vn 0.6961 -0.1758 -0.6961
vn 0.6654 -0.3385 -0.6654
vn 0.6222 -0.4752 -0.6222
vn 0.4752 -0.6222 -0.6222
vn 0.5774 -0.5774 -0.5773
vn 0.3385 -0.6654 -0.6654
vn 0.1758 -0.6961 -0.6961
vn -0.3385 -0.6654 -0.6654
vn -0.1758 -0.6961 -0.6961
vn 0.7150 -0.4944 -0.4944
vn 0.7756 -0.3476 -0.5269
vn 0.8554 -0.3663 -0.3663
vn 0.7756 -0.5269 -0.3476
vn 0.8151 -0.1797 -0.5507
vn 0.9046 -0.1882 -0.3824
vn 0.8288 -0.0000 -0.5595
vn 0.9213 -0.0000 -0.3888
vn 0.8151 0.1797 -0.5507
vn 0.9046 0.1882 -0.3824
vn 0.7756 0.3476 -0.5269
vn 0.8554 0.3663 -0.3663
vn 0.7150 0.4944 -0.4944
vn 0.7756 0.5269 -0.3476
vn 0.9046 -0.3824 -0.1882
vn 0.8151 -0.5507 -0.1797
vn 0.9607 -0.1963 -0.1963
vn 0.9799 -0.0000 -0.1996
vn 0.9607 0.1963 -0.1963
vn 0.9046 0.3824 -0.1882
vn 0.8151 0.5507 -0.1797
vn 0.9213 -0.3888 -0.0000
vn 0.8288 -0.5595 -0.0000
vn 0.9799 -0.1996 -0.0000
vn 0.9799 0.1996 -0.0000
vn 0.9213 0.3888 -0.0000
vn 0.8288 0.5595 -0.0000
vn 0.9046 -0.3824 0.1882
vn 0.8151 -0.5507 0.1797
vn 0.9607 -0.1963 0.1963
vn 0.9799 -0.0000 0.1996
vn 0.9607 0.1963 0.1963
vn 0.9046 0.3824 0.1882
vn 0.8151 0.5507 0.1797
vn 0.8554 -0.3663 0.3663
vn 0.7756 -0.5269 0.3476
vn 0.9046 -0.1882 0.3824
vn 0.9213 -0.0000 0.3888
vn 0.9046 0.1882 0.3824
vn 0.8554 0.3663 0.3663
vn 0.7756 0.5269 0.3476
vn 0.7756 -0.3476 0.5269
vn 0.7150 -0.4944 0.4944
vn 0.8151 -0.1797 0.5507
vn 0.8288 -0.0000 0.5595
vn 0.8151 0.1797 0.5507
vn 0.7756 0.3476 0.5269
vn 0.7150 0.4944 0.4944
vn 0.6222 -0.6222 -0.4752
vn 0.6222 0.6221 -0.4752
vn 0.6654 0.6654 -0.3385
vn 0.6961 0.6961 -0.1758
vn 0.7071 0.7071 -0.0000
vn 0.6961 0.6961 0.1758
vn 0.6654 0.6654 0.3385
vn 0.6222 0.6222 0.4752
vn 0.5773 0.5773 0.5774
vn 0.6222 0.4752 0.6222
vn 0.6654 0.3385 0.6654
vn 0.6961 0.1758 0.6961
vn 0.6961 -0.1758 0.6961
vn 0.6654 -0.3385 0.6654
vn 0.6222 -0.4752 0.6222
vn 0.6222 -0.6222 0.4752
vn 0.5773 -0.5773 0.5774
vn 0.6654 -0.6654 0.3385
vn 0.6961 -0.6961 0.1758
vn 0.7071 -0.7071 -0.0000
vn 0.6961 -0.6961 -0.1758
vn 0.6654 -0.6654 -0.3385
vn 0.4944 -0.4944 0.7150
vn 0.5269 -0.3476 0.7756
vn 0.3663 -0.3663 0.8554
vn 0.3476 -0.5269 0.7756
vn 0.5507 -0.1797 0.8151
vn 0.3824 -0.1882 0.9046
vn 0.5595 -0.0000 0.8288
vn 0.3888 -0.0000 0.9213
vn 0.5507 0.1797 0.8151
vn 0.3824 0.1882 0.9046
vn 0.5269 0.3476 0.7756
vn 0.3663 0.3663 0.8554
vn 0.4944 0.4944 0.7150
vn 0.3476 0.5269 0.7756
vn 0.1882 -0.3824 0.9046
vn 0.1797 -0.5507 0.8152
vn 0.1963 -0.1962 0.9607
vn 0.1996 -0.0000 0.9799
vn 0.1963 0.1962 0.9607
vn 0.1882 0.3824 0.9046
vn 0.1797 0.5507 0.8152
vn -0.1797 -0.5507 0.8152
vn -0.1882 -0.3824 0.9046
vn -0.3663 -0.3663 0.8554
vn -0.3476 -0.5269 0.7756
vn -0.1963 -0.1962 0.9607
vn -0.3824 -0.1882 0.9046
vn -0.1996 -0.0000 0.9799
vn -0.3888 -0.0000 0.9213
vn -0.1963 0.1962 0.9607
vn -0.3824 0.1882 0.9046
vn -0.1882 0.3824 0.9046
vn -0.3663 0.3663 0.8554
vn -0.1797 0.5507 0.8152
vn -0.3476 0.5269 0.7756
vn -0.5269 -0.3476 0.7756
vn -0.4944 -0.4944 0.7150
vn -0.5507 -0.1797 0.8151
vn -0.5595 -0.0000 0.8288
vn -0.5507 0.1797 0.8151
vn -0.5269 0.3476 0.7756
vn -0.4944 0.4944 0.7150
vn 0.4752 -0.6222 0.6222
vn 0.4752 0.6222 0.6222
vn 0.3385 0.6654 0.6654
vn 0.1758 0.6961 0.6961
vn -0.1758 0.6961 0.6961
vn -0.3385 0.6654 0.6654
vn -0.4752 0.6222 0.6222
vn -0.4752 -0.6222 0.6222
vn -0.3385 -0.6654 0.6654
vn -0.1758 -0.6961 0.6961
vn 0.3385 -0.6654 0.6654
vn 0.1758 -0.6961 0.6961
vn -0.4944 -0.7150 -0.4944
vn -0.3476 -0.7756 -0.5269
vn -0.3663 -0.8554 -0.3663
vn -0.5269 -0.7756 -0.3476
vn -0.1797 -0.8152 -0.5507
vn -0.1882 -0.9046 -0.3824
vn 0.1797 -0.8152 -0.5507
vn 0.3476 -0.7756 -0.5269
vn 0.3663 -0.8554 -0.3663
vn 0.1882 -0.9046 -0.3824
vn 0.4944 -0.7150 -0.4944
vn 0.5269 -0.7756 -0.3476
vn -0.3824 -0.9046 -0.1882
vn -0.5507 -0.8151 -0.1797
vn -0.1963 -0.9607 -0.1962
vn 0.3824 -0.9046 -0.1882
vn 0.1963 -0.9607 -0.1962
vn 0.5507 -0.8151 -0.1797
vn -0.3888 -0.9213 -0.0000
vn -0.5595 -0.8288 -0.0000
vn -0.1996 -0.9799 -0.0000
vn 0.3888 -0.9213 -0.0000
vn 0.1996 -0.9799 -0.0000
vn 0.5595 -0.8288 -0.0000
vn -0.3824 -0.9046 0.1882
vn -0.5507 -0.8151 0.1797
vn -0.1963 -0.9607 0.1962
vn 0.3824 -0.9046 0.1882
vn 0.1963 -0.9607 0.1962
vn 0.5507 -0.8151 0.1797
vn -0.3663 -0.8554 0.3663
vn -0.5269 -0.7756 0.3476
vn -0.1882 -0.9046 0.3824
vn 0.3663 -0.8554 0.3663
vn 0.1882 -0.9046 0.3824
vn 0.5269 -0.7756 0.3476
vn -0.3476 -0.7756 0.5269
vn -0.4944 -0.7150 0.4944
vn -0.1797 -0.8152 0.5507
vn 0.3476 -0.7756 0.5269
vn 0.1797 -0.8152 0.5507
vn 0.4944 -0.7150 0.4944
vn 0.4944 0.7150 -0.4944
vn 0.3476 0.7756 -0.5269
vn 0.3663 0.8554 -0.3663
vn 0.5269 0.7756 -0.3476
vn 0.1797 0.8152 -0.5507
vn 0.1882 0.9046 -0.3824
vn -0.1797 0.8152 -0.5507
vn -0.3476 0.7756 -0.5269
vn -0.3663 0.8554 -0.3663
vn -0.1882 0.9046 -0.3824
vn -0.4944 0.7150 -0.4944
vn -0.5269 0.7756 -0.3476
vn 0.3824 0.9046 -0.1882
vn 0.5507 0.8151 -0.1797
vn 0.1963 0.9607 -0.1962
vn -0.3824 0.9046 -0.1882
vn -0.1963 0.9607 -0.1962
vn -0.5507 0.8151 -0.1797
vn 0.3888 0.9213 -0.0000
vn 0.5595 0.8288 -0.0000
vn 0.1996 0.9799 -0.0000
vn -0.3888 0.9213 -0.0000
vn -0.1996 0.9799 -0.0000
vn -0.5595 0.8288 -0.0000
vn 0.3824 0.9046 0.1882
vn 0.5507 0.8151 0.1797
vn 0.1963 0.9607 0.1962
vn -0.3824 0.9046 0.1882
vn -0.1963 0.9607 0.1962
vn -0.5507 0.8151 0.1797
vn 0.3663 0.8554 0.3663
vn 0.5269 0.7756 0.3476
vn 0.1882 0.9046 0.3824
vn -0.3663 0.8554 0.3663
vn -0.1882 0.9046 0.3824
vn -0.5269 0.7756 0.3476
vn 0.3476 0.7756 0.5269
vn 0.4944 0.7150 0.4944
vn 0.1797 0.8152 0.5507
vn -0.3476 0.7756 0.5269
vn -0.1797 0.8152 0.5507
vn -0.4944 0.7150 0.4944
vn -0.0458 -0.5595 -0.8276
vn -0.0477 -0.3892 -0.9199
vn 0.0477 -0.3892 -0.9199
vn 0.0458 -0.5595 -0.8276
vn -0.0495 -0.2000 -0.9785
vn 0.0495 -0.2000 -0.9785
vn -0.0503 -0.0000 -0.9987
vn 0.0503 -0.0000 -0.9987
vn -0.0495 0.2000 -0.9785
vn 0.0495 0.2000 -0.9785
vn -0.0477 0.3892 -0.9199
vn 0.0477 0.3892 -0.9199
vn -0.0458 0.5595 -0.8276
vn 0.0458 0.5595 -0.8276
vn 0.0450 0.7064 -0.7064
vn -0.0450 0.7064 -0.7064
vn -0.0450 -0.7064 -0.7064
vn 0.0450 -0.7064 -0.7064
vn 0.0458 -0.5595 0.8276
vn 0.0477 -0.3892 0.9199
vn -0.0477 -0.3892 0.9199
vn -0.0458 -0.5595 0.8276
vn 0.0495 -0.2000 0.9785
vn -0.0495 -0.2000 0.9785
vn 0.0503 -0.0000 0.9987
vn -0.0503 -0.0000 0.9987
vn 0.0495 0.2000 0.9785
vn -0.0495 0.2000 0.9785
vn 0.0477 0.3892 0.9199
vn -0.0477 0.3892 0.9199
vn 0.0458 0.5595 0.8276
vn -0.0458 0.5595 0.8276
vn -0.0450 0.7064 0.7064
vn 0.0450 0.7064 0.7064
vn 0.0450 -0.7064 0.7064
vn -0.0450 -0.7064 0.7064
vn 0.0458 -0.8276 -0.5595
vn 0.0477 -0.9199 -0.3892
vn -0.0477 -0.9199 -0.3892
vn -0.0458 -0.8276 -0.5595
vn 0.0495 -0.9785 -0.2000
vn -0.0495 -0.9785 -0.2000
vn 0.0503 -0.9987 -0.0000
vn -0.0503 -0.9987 -0.0000
vn 0.0495 -0.9785 0.2000
vn -0.0495 -0.9785 0.2000
vn 0.0477 -0.9199 0.3892
vn -0.0477 -0.9199 0.3892
vn 0.0458 -0.8276 0.5595
vn -0.0458 -0.8276 0.5595
vn -0.0458 0.8276 -0.5595
vn -0.0477 0.9199 -0.3892
vn 0.0477 0.9199 -0.3892
vn 0.0458 0.8276 -0.5595
vn -0.0495 0.9785 -0.2000
vn 0.0495 0.9785 -0.2000
vn -0.0503 0.9987 -0.0000
vn 0.0503 0.9987 -0.0000
vn -0.0495 0.9785 0.2000
vn 0.0495 0.9785 0.2000
vn -0.0477 0.9199 0.3892
vn 0.0477 0.9199 0.3892
vn -0.0458 0.8276 0.5595
vn 0.0458 0.8276 0.5595
vn 0.5774 0.5773 0.5774
vn 0.5773 -0.5774 0.5773
vn 0.5773 -0.5774 -0.5773
vn 0.6222 0.6222 -0.4752
vn 0.5774 0.5773 -0.5774
vn -0.5774 -0.5773 -0.5774
vn -0.5774 0.5773 -0.5774
vn -0.6222 -0.6221 -0.4752
vn -0.5773 -0.5773 0.5774
vn -0.5773 0.5773 0.5774
vn -0.1797 0.8151 0.5507
vn -0.0000 0.8288 0.5595
vn -0.0000 0.9213 0.3888
vn 0.1797 0.8151 0.5507
vn -0.1963 0.9607 0.1963
vn -0.0000 0.9799 0.1996
vn 0.1963 0.9607 0.1963
vn -0.1963 0.9607 -0.1963
vn -0.0000 0.9799 -0.1996
vn 0.1963 0.9607 -0.1963
vn -0.0000 0.9213 -0.3888
vn -0.1797 0.8151 -0.5507
vn -0.0000 0.8288 -0.5595
vn 0.1797 0.8151 -0.5507
vn -0.5773 0.5774 0.5773
vn -0.0000 0.7071 0.7071
vn 0.5773 0.5774 0.5774
vn 0.5774 0.5774 -0.5774
vn -0.0000 0.7071 -0.7071
vn -0.5773 0.5774 -0.5774
vn -0.1797 0.5507 -0.8151
vn -0.0000 0.5595 -0.8288
vn -0.0000 0.3888 -0.9213
vn 0.1797 0.5507 -0.8151
vn -0.5507 0.1797 -0.8152
vn -0.1962 0.1963 -0.9607
vn -0.0000 0.1996 -0.9799
vn 0.1962 0.1963 -0.9607
vn 0.5507 0.1797 -0.8152
vn -0.5507 -0.1797 -0.8152
vn -0.1962 -0.1963 -0.9607
vn -0.0000 -0.1996 -0.9799
vn -0.0000 -0.3888 -0.9213
vn 0.1962 -0.1963 -0.9607
vn 0.5507 -0.1797 -0.8152
vn -0.1797 -0.5507 -0.8151
vn -0.0000 -0.5595 -0.8288
vn 0.1797 -0.5507 -0.8151
vn 0.5774 -0.5774 -0.5774
vn -0.0000 -0.7071 -0.7071
vn -0.5774 -0.5774 -0.5773
vn -0.1797 -0.8151 -0.5507
vn -0.0000 -0.8288 -0.5595
vn -0.0000 -0.9213 -0.3888
vn 0.1797 -0.8151 -0.5507
vn -0.1963 -0.9607 -0.1963
vn -0.0000 -0.9799 -0.1996
vn 0.1963 -0.9607 -0.1963
vn -0.1963 -0.9607 0.1963
vn -0.0000 -0.9799 0.1996
vn 0.1963 -0.9607 0.1963
vn -0.0000 -0.9213 0.3888
vn -0.1797 -0.8151 0.5507
vn -0.0000 -0.8288 0.5595
vn 0.1797 -0.8151 0.5507
vn 0.5774 -0.5773 0.5773
vn -0.0000 -0.7071 0.7071
vn -0.5774 -0.5773 0.5773
vn -0.1797 -0.5507 0.8151
vn -0.0000 -0.5595 0.8288
vn -0.0000 -0.3888 0.9213
vn 0.1797 -0.5507 0.8151
vn -0.5507 -0.1797 0.8152
vn -0.1962 -0.1963 0.9607
vn -0.0000 -0.1996 0.9799
vn 0.1962 -0.1963 0.9607
vn 0.5507 -0.1797 0.8152
vn -0.5507 0.1797 0.8152
vn -0.1962 0.1963 0.9607
vn -0.0000 0.1996 0.9799
vn -0.0000 0.3888 0.9213
vn 0.1962 0.1963 0.9607
vn 0.5507 0.1797 0.8152
vn -0.1797 0.5507 0.8151
vn -0.0000 0.5595 0.8288
vn 0.1797 0.5507 0.8151
vn -0.8152 0.1797 -0.5507
vn -0.8152 -0.1797 -0.5507
vn -0.9607 0.1963 -0.1962
vn -0.9607 -0.1963 -0.1962
vn -0.9607 0.1963 0.1962
vn -0.9607 -0.1963 0.1962
vn -0.8152 0.1797 0.5507
vn -0.8152 -0.1797 0.5507
vn 0.8152 -0.1797 -0.5507
vn 0.8152 0.1797 -0.5507
vn 0.9607 -0.1963 -0.1962
vn 0.9607 0.1963 -0.1962
vn 0.9607 -0.1963 0.1962
vn 0.9607 0.1963 0.1962
vn 0.8152 -0.1797 0.5507
vn 0.8152 0.1797 0.5507
vn -0.5595 0.0458 -0.8276
vn -0.3892 0.0477 -0.9199
vn -0.3892 -0.0477 -0.9199
vn -0.5595 -0.0458 -0.8276
vn -0.2000 0.0495 -0.9785
vn -0.2000 -0.0495 -0.9785
vn -0.0000 0.0503 -0.9987
vn -0.0000 -0.0503 -0.9987
vn 0.2000 0.0495 -0.9785
vn 0.2000 -0.0495 -0.9785
vn 0.3892 0.0477 -0.9199
vn 0.3892 -0.0477 -0.9199
vn 0.5595 0.0458 -0.8276
vn 0.5595 -0.0458 -0.8276
vn 0.7064 -0.0450 -0.7064
vn 0.7064 0.0450 -0.7064
vn -0.7064 0.0450 -0.7064
vn -0.7064 -0.0450 -0.7064
vn -0.5595 -0.0458 0.8276
vn -0.3892 -0.0477 0.9199
vn -0.3892 0.0477 0.9199
vn -0.5595 0.0458 0.8276
vn -0.2000 -0.0495 0.9785
vn -0.2000 0.0495 0.9785
vn -0.0000 -0.0503 0.9987
vn -0.0000 0.0503 0.9987
vn 0.2000 -0.0495 0.9785
vn 0.2000 0.0495 0.9785
vn 0.3892 -0.0477 0.9199
vn 0.3892 0.0477 0.9199
vn 0.5595 -0.0458 0.8276
vn 0.5595 0.0458 0.8276
vn 0.7064 0.0450 0.7064
vn 0.7064 -0.0450 0.7064
vn -0.7064 -0.0450 0.7064
vn -0.7064 0.0450 0.7064
vn -0.8276 -0.0458 -0.5595
vn -0.9199 -0.0477 -0.3892
vn -0.9199 0.0477 -0.3892
vn -0.8276 0.0458 -0.5595
vn -0.9785 -0.0495 -0.2000
vn -0.9785 0.0495 -0.2000
vn -0.9987 -0.0503 -0.0000
vn -0.9987 0.0503 -0.0000
vn -0.9785 -0.0495 0.2000
vn -0.9785 0.0495 0.2000
vn -0.9199 -0.0477 0.3892
vn -0.9199 0.0477 0.3892
vn -0.8276 -0.0458 0.5595
vn -0.8276 0.0458 0.5595
vn 0.8276 0.0458 -0.5595
vn 0.9199 0.0477 -0.3892
vn 0.9199 -0.0477 -0.3892
vn 0.8276 -0.0458 -0.5595
vn 0.9785 0.0495 -0.2000
vn 0.9785 -0.0495 -0.2000
vn 0.9987 0.0503 -0.0000
vn 0.9987 -0.0503 -0.0000
vn 0.9785 0.0495 0.2000
vn 0.9785 -0.0495 0.2000
vn 0.9199 0.0477 0.3892
vn 0.9199 -0.0477 0.3892
vn 0.8276 0.0458 0.5595
vn 0.8276 -0.0458 0.5595
vn -0.5773 0.5774 -0.5773
vn 0.5774 0.5774 -0.5773
vn -0.5774 0.5773 0.5773
vn 0.5774 0.5773 0.5773
vn 0.1963 -0.1963 0.9607
vn 0.1963 0.1963 0.9607
vn -0.1963 -0.1963 0.9607
vn -0.1963 0.1963 0.9607
vn -0.5774 -0.5773 0.5774
vn -0.8152 -0.5507 0.1797
vn -0.9607 -0.1962 0.1963
vn -0.9607 0.1962 0.1963
vn -0.8152 0.5507 0.1797
vn -0.8152 -0.5507 -0.1797
vn -0.9607 -0.1962 -0.1963
vn -0.9607 0.1962 -0.1963
vn -0.8152 0.5507 -0.1797
vn -0.5773 -0.5774 -0.5774
vn -0.1963 -0.1963 -0.9607
vn -0.1963 0.1963 -0.9607
vn 0.1963 -0.1963 -0.9607
vn 0.1963 0.1963 -0.9607
vn 0.8152 -0.5507 -0.1797
vn 0.9607 -0.1962 -0.1963
vn 0.9607 0.1962 -0.1963
vn 0.8152 0.5507 -0.1797
vn 0.8152 -0.5507 0.1797
vn 0.9607 -0.1962 0.1963
vn 0.9607 0.1962 0.1963
vn 0.8152 0.5507 0.1797
vn 0.6222 -0.6221 -0.4752
vn -0.5507 -0.8152 0.1797
vn -0.5507 -0.8152 -0.1797
vn -0.1962 -0.9607 0.1963
vn -0.1962 -0.9607 -0.1963
vn 0.1962 -0.9607 0.1963
vn 0.1962 -0.9607 -0.1963
vn 0.5507 -0.8152 0.1797
vn 0.5507 -0.8152 -0.1797
vn -0.5507 0.8152 -0.1797
vn -0.5507 0.8152 0.1797
vn -0.1962 0.9607 -0.1963
vn -0.1962 0.9607 0.1963
vn 0.1962 0.9607 -0.1963
vn 0.1962 0.9607 0.1963
vn 0.5507 0.8152 -0.1797
vn 0.5507 0.8152 0.1797
vn -0.8276 -0.5595 0.0458
vn -0.9199 -0.3892 0.0477
vn -0.9199 -0.3892 -0.0477
vn -0.8276 -0.5595 -0.0458
vn -0.9785 -0.2000 0.0495
vn -0.9785 -0.2000 -0.0495
vn -0.9987 -0.0000 0.0503
vn -0.9987 -0.0000 -0.0503
vn -0.9785 0.2000 0.0495
vn -0.9785 0.2000 -0.0495
vn -0.9199 0.3892 0.0477
vn -0.9199 0.3892 -0.0477
vn -0.8276 0.5595 0.0458
vn -0.8276 0.5595 -0.0458
vn -0.7064 0.7064 -0.0450
vn -0.7064 0.7064 0.0450
vn -0.7064 -0.7064 0.0450
vn -0.7064 -0.7064 -0.0450
vn 0.8276 -0.5595 -0.0458
vn 0.9199 -0.3892 -0.0477
vn 0.9199 -0.3892 0.0477
vn 0.8276 -0.5595 0.0458
vn 0.9785 -0.2000 -0.0495
vn 0.9785 -0.2000 0.0495
vn 0.9987 -0.0000 -0.0503
vn 0.9987 -0.0000 0.0503
vn 0.9785 0.2000 -0.0495
vn 0.9785 0.2000 0.0495
vn 0.9199 0.3892 -0.0477
vn 0.9199 0.3892 0.0477
vn 0.8276 0.5595 -0.0458
vn 0.8276 0.5595 0.0458
vn 0.7064 0.7064 0.0450
vn 0.7064 0.7064 -0.0450
vn 0.7064 -0.7064 -0.0450
vn 0.7064 -0.7064 0.0450
vn -0.5595 -0.8276 -0.0458
vn -0.3892 -0.9199 -0.0477
vn -0.3892 -0.9199 0.0477
vn -0.5595 -0.8276 0.0458
vn -0.2000 -0.9785 -0.0495
vn -0.2000 -0.9785 0.0495
vn -0.0000 -0.9987 -0.0503
vn -0.0000 -0.9987 0.0503
vn 0.2000 -0.9785 -0.0495
vn 0.2000 -0.9785 0.0495
vn 0.3892 -0.9199 -0.0477
vn 0.3892 -0.9199 0.0477
vn 0.5595 -0.8276 -0.0458
vn 0.5595 -0.8276 0.0458
vn -0.5595 0.8276 0.0458
vn -0.3892 0.9199 0.0477
vn -0.3892 0.9199 -0.0477
vn -0.5595 0.8276 -0.0458
vn -0.2000 0.9785 0.0495
vn -0.2000 0.9785 -0.0495
vn -0.0000 0.9987 0.0503
vn -0.0000 0.9987 -0.0503
vn 0.2000 0.9785 0.0495
vn 0.2000 0.9785 -0.0495
vn 0.3892 0.9199 0.0477
vn 0.3892 0.9199 -0.0477
vn 0.5595 0.8276 0.0458
vn 0.5595 0.8276 -0.0458
vn 0.5773 -0.5774 -0.5774
vn -0.5773 0.5774 0.5774
vn 0.5773 0.5774 0.5773
vn 0.1305 0.9914 -0.0000
vn 0.2588 0.9659 -0.0000
vn 0.3827 0.9239 -0.0000
vn 0.5000 0.8660 -0.0000
vn 0.6088 0.7934 -0.0000
vn 0.7934 0.6088 -0.0000
vn 0.8660 0.5000 -0.0000
vn 0.9239 0.3827 -0.0000
vn 0.9659 0.2588 -0.0000
vn 0.9808 0.1951 -0.0000
vn 0.9808 -0.1951 -0.0000
vn 0.9659 -0.2588 -0.0000
vn 0.9239 -0.3827 -0.0000
vn 0.8660 -0.5000 -0.0000
vn 0.7934 -0.6088 -0.0000
vn 0.6088 -0.7934 -0.0000
vn 0.5000 -0.8660 -0.0000
vn 0.3827 -0.9239 -0.0000
vn 0.2588 -0.9659 -0.0000
vn 0.1305 -0.9914 -0.0000
vn -0.1305 -0.9914 -0.0000
vn -0.2588 -0.9659 -0.0000
vn -0.3827 -0.9239 -0.0000
vn -0.5000 -0.8660 -0.0000
vn -0.6088 -0.7934 -0.0000
vn -0.7934 -0.6088 -0.0000
vn -0.8660 -0.5000 -0.0000
vn -0.9239 -0.3827 -0.0000
vn -0.9659 -0.2588 -0.0000
vn -0.9808 -0.1951 -0.0000
vn -0.9808 0.1951 -0.0000
vn -0.9659 0.2588 -0.0000
vn -0.9239 0.3827 -0.0000
vn -0.8660 0.5000 -0.0000
vn -0.7934 0.6088 -0.0000
vn -0.6088 0.7934 -0.0000
vn -0.5000 0.8660 -0.0000
vn -0.3827 0.9239 -0.0000
vn -0.2588 0.9659 -0.0000
vn -0.1305 0.9914 -0.0000
vn -0.9660 -0.2584 -0.0000
vn -0.9810 -0.1942 -0.0000
vn -0.9810 0.1942 -0.0000
vn -0.9660 0.2584 -0.0000
vn 0.9660 0.2584 -0.0000
vn 0.9810 0.1942 -0.0000
vn 0.9810 -0.1942 -0.0000
vn 0.9660 -0.2584 -0.0000
vn 0.1951 -0.9808 -0.0000
vn 0.1951 0.9808 -0.0000
vn -0.1951 0.9808 -0.0000
vn -0.1951 -0.9808 -0.0000
vn -0.5774 -0.5774 0.5774
vn 0.5774 0.5774 0.5774
vn 0.5774 -0.5774 0.5774
vt 0.979167 0.500000
vt 0.979167 1.000000
vt 0.958333 1.000000
vt 0.958333 0.500000
vt 1.000000 0.500000
vt 1.000000 1.000000
vt 0.937500 1.000000
vt 0.937500 0.500000
vt 0.916667 1.000000
vt 0.916667 0.500000
vt 0.895833 1.000000
vt 0.895833 0.500000
vt 0.875000 1.000000
vt 0.875000 0.500000
vt 0.854167 1.000000
vt 0.854167 0.500000
vt 0.833333 1.000000
vt 0.833333 0.500000
vt 0.812500 1.000000
vt 0.812500 0.500000
vt 0.791667 1.000000
vt 0.791667 0.500000
vt 0.770834 1.000000
vt 0.770834 0.500000
vt 0.750000 1.000000
vt 0.750000 0.500000
vt 0.729167 1.000000
vt 0.729167 0.500000
vt 0.708334 1.000000
vt 0.708334 0.500000
vt 0.687500 1.000000
vt 0.687500 0.500000
vt 0.666667 1.000000
vt 0.666667 0.500000
vt 0.645834 1.000000
vt 0.645834 0.500000
vt 0.625000 1.000000
vt 0.625000 0.500000
vt 0.604167 1.000000
vt 0.604167 0.500000
vt 0.583334 1.000000
vt 0.583334 0.500000
vt 0.562500 1.000000
vt 0.562500 0.500000
vt 0.541667 1.000000
vt 0.541667 0.500000
vt 0.520834 1.000000
vt 0.520834 0.500000
vt 0.500000 1.000000
vt 0.500000 0.500000
vt 0.479167 1.000000
vt 0.479167 0.500000
vt 0.458334 1.000000
vt 0.458334 0.500000
vt 0.437500 1.000000
vt 0.437500 0.500000
vt 0.416667 1.000000
vt 0.416667 0.500000
vt 0.395834 1.000000
vt 0.395834 0.500000
vt 0.375000 1.000000
vt 0.375000 0.500000
vt 0.354167 1.000000
vt 0.354167 0.500000
vt 0.333334 1.000000
vt 0.333334 0.500000
vt 0.312500 1.000000
vt 0.312500 0.500000
vt 0.291667 1.000000
vt 0.291667 0.500000
vt 0.270834 1.000000
vt 0.270834 0.500000
vt 0.250000 1.000000
vt 0.250000 0.500000
vt 0.229167 1.000000
vt 0.229167 0.500000
vt 0.208334 1.000000
vt 0.208334 0.500000
vt 0.187500 1.000000
vt 0.187500 0.500000
vt 0.166667 1.000000
vt 0.166667 0.500000
vt 0.145834 1.000000
vt 0.145834 0.500000
vt 0.125000 1.000000
vt 0.125000 0.500000
vt 0.104167 1.000000
vt 0.104167 0.500000
vt 0.083334 1.000000
vt 0.083334 0.500000
vt 0.062500 1.000000
vt 0.062500 0.500000
vt 0.041667 1.000000
vt 0.041667 0.500000
vt 0.020834 1.000000
vt 0.020834 0.500000
vt 0.000000 1.000000
vt 0.000000 0.500000
vt 0.406250 0.031250
vt 0.437500 0.031250
vt 0.437500 0.062500
vt 0.406250 0.062500
vt 0.468750 0.031250
vt 0.468750 0.062500
vt 0.500000 0.031250
vt 0.500000 0.062500
vt 0.531250 0.031250
vt 0.531250 0.062500
vt 0.562500 0.031250
vt 0.562500 0.062500
vt 0.593750 0.031250
vt 0.593750 0.062500
vt 0.437500 0.093750
vt 0.406250 0.093750
vt 0.468750 0.093750
vt 0.500000 0.093750
vt 0.531250 0.093750
vt 0.562500 0.093750
vt 0.593750 0.093750
vt 0.437500 0.125000
vt 0.406250 0.125000
vt 0.468750 0.125000
vt 0.500000 0.125000
vt 0.531250 0.125000
vt 0.562500 0.125000
vt 0.593750 0.125000
vt 0.437500 0.156250
vt 0.406250 0.156250
vt 0.468750 0.156250
vt 0.500000 0.156250
vt 0.531250 0.156250
vt 0.562500 0.156250
vt 0.593750 0.156250
vt 0.437500 0.187500
vt 0.406250 0.187500
vt 0.468750 0.187500
vt 0.500000 0.187500
vt 0.531250 0.187500
vt 0.562500 0.187500
vt 0.593750 0.187500
vt 0.437500 0.218750
vt 0.406250 0.218750
vt 0.468750 0.218750
vt 0.500000 0.218750
vt 0.531250 0.218750
vt 0.562500 0.218750
vt 0.593750 0.218750
vt 0.375000 0.000000
vt 0.406250 0.000000
vt 0.375000 0.031250
vt 0.437500 0.000000
vt 0.468750 0.000000
vt 0.500000 0.000000
vt 0.531250 0.000000
vt 0.562500 0.000000
vt 0.593750 0.000000
vt 0.625000 0.000000
vt 0.625000 0.031250
vt 0.625000 0.062500
vt 0.625000 0.093750
vt 0.625000 0.125000
vt 0.625000 0.156250
vt 0.625000 0.187500
vt 0.625000 0.218750
vt 0.625000 0.250000
vt 0.593750 0.250000
vt 0.562500 0.250000
vt 0.531250 0.250000
vt 0.500000 0.250000
vt 0.468750 0.250000
vt 0.437500 0.250000
vt 0.406250 0.250000
vt 0.375000 0.218750
vt 0.375000 0.250000
vt 0.375000 0.187500
vt 0.375000 0.156250
vt 0.375000 0.125000
vt 0.375000 0.093750
vt 0.375000 0.062500
vt 0.406250 0.281250
vt 0.437500 0.281250
vt 0.437500 0.312500
vt 0.406250 0.312500
vt 0.468750 0.281250
vt 0.468750 0.312500
vt 0.500000 0.281250
vt 0.500000 0.312500
vt 0.531250 0.281250
vt 0.531250 0.312500
vt 0.562500 0.281250
vt 0.562500 0.312500
vt 0.593750 0.281250
vt 0.593750 0.312500
vt 0.437500 0.343750
vt 0.406250 0.343750
vt 0.468750 0.343750
vt 0.500000 0.343750
vt 0.531250 0.343750
vt 0.562500 0.343750
vt 0.593750 0.343750
vt 0.406250 0.406250
vt 0.437500 0.406250
vt 0.437500 0.437500
vt 0.406250 0.437500
vt 0.468750 0.406250
vt 0.468750 0.437500
vt 0.500000 0.406250
vt 0.500000 0.437500
vt 0.531250 0.406250
vt 0.531250 0.437500
vt 0.562500 0.406250
vt 0.562500 0.437500
vt 0.593750 0.406250
vt 0.593750 0.437500
vt 0.437500 0.468750
vt 0.406250 0.468750
vt 0.468750 0.468750
vt 0.500000 0.468750
vt 0.531250 0.468750
vt 0.562500 0.468750
vt 0.593750 0.468750
vt 0.375000 0.281250
vt 0.625000 0.281250
vt 0.625000 0.312500
vt 0.625000 0.343750
vt 0.625000 0.406250
vt 0.625000 0.437500
vt 0.625000 0.468750
vt 0.625000 0.500000
vt 0.593750 0.500000
vt 0.562500 0.500000
vt 0.531250 0.500000
vt 0.500000 0.500000
vt 0.468750 0.500000
vt 0.437500 0.500000
vt 0.406250 0.500000
vt 0.375000 0.468750
vt 0.375000 0.500000
vt 0.375000 0.437500
vt 0.375000 0.406250
vt 0.375000 0.312500
vt 0.375000 0.343750
vt 0.406250 0.531250
vt 0.437500 0.531250
vt 0.437500 0.562500
vt 0.406250 0.562500
vt 0.468750 0.531250
vt 0.468750 0.562500
vt 0.500000 0.531250
vt 0.500000 0.562500
vt 0.531250 0.531250
vt 0.531250 0.562500
vt 0.562500 0.531250
vt 0.562500 0.562500
vt 0.593750 0.531250
vt 0.593750 0.562500
vt 0.437500 0.593750
vt 0.406250 0.593750
vt 0.468750 0.593750
vt 0.500000 0.593750
vt 0.531250 0.593750
vt 0.562500 0.593750
vt 0.593750 0.593750
vt 0.437500 0.625000
vt 0.406250 0.625000
vt 0.468750 0.625000
vt 0.500000 0.625000
vt 0.531250 0.625000
vt 0.562500 0.625000
vt 0.593750 0.625000
vt 0.437500 0.656250
vt 0.406250 0.656250
vt 0.468750 0.656250
vt 0.500000 0.656250
vt 0.531250 0.656250
vt 0.562500 0.656250
vt 0.593750 0.656250
vt 0.437500 0.687500
vt 0.406250 0.687500
vt 0.468750 0.687500
vt 0.500000 0.687500
vt 0.531250 0.687500
vt 0.562500 0.687500
vt 0.593750 0.687500
vt 0.437500 0.718750
vt 0.406250 0.718750
vt 0.468750 0.718750
vt 0.500000 0.718750
vt 0.531250 0.718750
vt 0.562500 0.718750
vt 0.593750 0.718750
vt 0.375000 0.531250
vt 0.625000 0.531250
vt 0.625000 0.562500
vt 0.625000 0.593750
vt 0.625000 0.625000
vt 0.625000 0.656250
vt 0.625000 0.687500
vt 0.625000 0.718750
vt 0.625000 0.750000
vt 0.593750 0.750000
vt 0.562500 0.750000
vt 0.531250 0.750000
vt 0.500000 0.750000
vt 0.468750 0.750000
vt 0.437500 0.750000
vt 0.406250 0.750000
vt 0.375000 0.718750
vt 0.375000 0.750000
vt 0.375000 0.687500
vt 0.375000 0.656250
vt 0.375000 0.625000
vt 0.375000 0.593750
vt 0.375000 0.562500
vt 0.406250 0.781250
vt 0.437500 0.781250
vt 0.437500 0.812500
vt 0.406250 0.812500
vt 0.468750 0.781250
vt 0.468750 0.812500
vt 0.500000 0.781250
vt 0.500000 0.812500
vt 0.531250 0.781250
vt 0.531250 0.812500
vt 0.562500 0.781250
vt 0.562500 0.812500
vt 0.593750 0.781250
vt 0.593750 0.812500
vt 0.437500 0.843750
vt 0.406250 0.843750
vt 0.468750 0.843750
vt 0.500000 0.843750
vt 0.531250 0.843750
vt 0.562500 0.843750
vt 0.593750 0.843750
vt 0.406250 0.906250
vt 0.437500 0.906250
vt 0.437500 0.937500
vt 0.406250 0.937500
vt 0.468750 0.906250
vt 0.468750 0.937500
vt 0.500000 0.906250
vt 0.500000 0.937500
vt 0.531250 0.906250
vt 0.531250 0.937500
vt 0.562500 0.906250
vt 0.562500 0.937500
vt 0.593750 0.906250
vt 0.593750 0.937500
vt 0.437500 0.968750
vt 0.406250 0.968750
vt 0.468750 0.968750
vt 0.500000 0.968750
vt 0.531250 0.968750
vt 0.562500 0.968750
vt 0.593750 0.968750
vt 0.375000 0.781250
vt 0.625000 0.781250
vt 0.625000 0.812500
vt 0.625000 0.843750
vt 0.625000 0.906250
vt 0.625000 0.937500
vt 0.625000 0.968750
vt 0.625000 1.000000
vt 0.593750 1.000000
vt 0.562500 1.000000
vt 0.531250 1.000000
vt 0.500000 1.000000
vt 0.468750 1.000000
vt 0.437500 1.000000
vt 0.406250 1.000000
vt 0.375000 0.968750
vt 0.375000 1.000000
vt 0.375000 0.937500
vt 0.375000 0.906250
vt 0.375000 0.812500
vt 0.375000 0.843750
vt 0.156250 0.531250
vt 0.187500 0.531250
vt 0.187500 0.562500
vt 0.156250 0.562500
vt 0.218750 0.531250
vt 0.218750 0.562500
vt 0.281250 0.531250
vt 0.312500 0.531250
vt 0.312500 0.562500
vt 0.281250 0.562500
vt 0.343750 0.531250
vt 0.343750 0.562500
vt 0.187500 0.593750
vt 0.156250 0.593750
vt 0.218750 0.593750
vt 0.312500 0.593750
vt 0.281250 0.593750
vt 0.343750 0.593750
vt 0.187500 0.625000
vt 0.156250 0.625000
vt 0.218750 0.625000
vt 0.312500 0.625000
vt 0.281250 0.625000
vt 0.343750 0.625000
vt 0.187500 0.656250
vt 0.156250 0.656250
vt 0.218750 0.656250
vt 0.312500 0.656250
vt 0.281250 0.656250
vt 0.343750 0.656250
vt 0.187500 0.687500
vt 0.156250 0.687500
vt 0.218750 0.687500
vt 0.312500 0.687500
vt 0.281250 0.687500
vt 0.343750 0.687500
vt 0.187500 0.718750
vt 0.156250 0.718750
vt 0.218750 0.718750
vt 0.312500 0.718750
vt 0.281250 0.718750
vt 0.343750 0.718750
vt 0.125000 0.500000
vt 0.156250 0.500000
vt 0.125000 0.531250
vt 0.187500 0.500000
vt 0.218750 0.500000
vt 0.281250 0.500000
vt 0.312500 0.500000
vt 0.343750 0.500000
vt 0.343750 0.750000
vt 0.312500 0.750000
vt 0.281250 0.750000
vt 0.218750 0.750000
vt 0.187500 0.750000
vt 0.156250 0.750000
vt 0.125000 0.718750
vt 0.125000 0.750000
vt 0.125000 0.687500
vt 0.125000 0.656250
vt 0.125000 0.625000
vt 0.125000 0.593750
vt 0.125000 0.562500
vt 0.656250 0.531250
vt 0.687500 0.531250
vt 0.687500 0.562500
vt 0.656250 0.562500
vt 0.718750 0.531250
vt 0.718750 0.562500
vt 0.781250 0.531250
vt 0.812500 0.531250
vt 0.812500 0.562500
vt 0.781250 0.562500
vt 0.843750 0.531250
vt 0.843750 0.562500
vt 0.687500 0.593750
vt 0.656250 0.593750
vt 0.718750 0.593750
vt 0.812500 0.593750
vt 0.781250 0.593750
vt 0.843750 0.593750
vt 0.687500 0.625000
vt 0.656250 0.625000
vt 0.718750 0.625000
vt 0.812500 0.625000
vt 0.781250 0.625000
vt 0.843750 0.625000
vt 0.687500 0.656250
vt 0.656250 0.656250
vt 0.718750 0.656250
vt 0.812500 0.656250
vt 0.781250 0.656250
vt 0.843750 0.656250
vt 0.687500 0.687500
vt 0.656250 0.687500
vt 0.718750 0.687500
vt 0.812500 0.687500
vt 0.781250 0.687500
vt 0.843750 0.687500
vt 0.687500 0.718750
vt 0.656250 0.718750
vt 0.718750 0.718750
vt 0.812500 0.718750
vt 0.781250 0.718750
vt 0.843750 0.718750
vt 0.656250 0.500000
vt 0.687500 0.500000
vt 0.718750 0.500000
vt 0.781250 0.500000
vt 0.812500 0.500000
vt 0.843750 0.500000
vt 0.875000 0.500000
vt 0.875000 0.531250
vt 0.875000 0.562500
vt 0.875000 0.593750
vt 0.875000 0.625000
vt 0.875000 0.656250
vt 0.875000 0.687500
vt 0.875000 0.718750
vt 0.875000 0.750000
vt 0.843750 0.750000
vt 0.812500 0.750000
vt 0.781250 0.750000
vt 0.718750 0.750000
vt 0.687500 0.750000
vt 0.656250 0.750000
vt 0.406250 0.373419
vt 0.437500 0.373489
vt 0.437500 0.376511
vt 0.406250 0.376581
vt 0.468750 0.373552
vt 0.468750 0.376448
vt 0.500000 0.373578
vt 0.500000 0.376422
vt 0.531250 0.373552
vt 0.531250 0.376448
vt 0.562500 0.373489
vt 0.562500 0.376511
vt 0.593750 0.373419
vt 0.593750 0.376581
vt 0.625000 0.376615
vt 0.625000 0.373385
vt 0.375000 0.373385
vt 0.375000 0.376615
vt 0.406250 0.873419
vt 0.437500 0.873489
vt 0.437500 0.876511
vt 0.406250 0.876581
vt 0.468750 0.873552
vt 0.468750 0.876448
vt 0.500000 0.873578
vt 0.500000 0.876422
vt 0.531250 0.873552
vt 0.531250 0.876448
vt 0.562500 0.873489
vt 0.562500 0.876511
vt 0.593750 0.873419
vt 0.593750 0.876581
vt 0.625000 0.876615
vt 0.625000 0.873385
vt 0.375000 0.873385
vt 0.375000 0.876615
vt 0.251581 0.531250
vt 0.251511 0.562500
vt 0.248489 0.562500
vt 0.248419 0.531250
vt 0.251448 0.593750
vt 0.248552 0.593750
vt 0.251422 0.625000
vt 0.248578 0.625000
vt 0.251448 0.656250
vt 0.248552 0.656250
vt 0.251511 0.687500
vt 0.248489 0.687500
vt 0.251581 0.718750
vt 0.248419 0.718750
vt 0.251615 0.500000
vt 0.248385 0.500000
vt 0.248385 0.750000
vt 0.251615 0.750000
vt 0.751581 0.531250
vt 0.751511 0.562500
vt 0.748489 0.562500
vt 0.748419 0.531250
vt 0.751448 0.593750
vt 0.748552 0.593750
vt 0.751422 0.625000
vt 0.748578 0.625000
vt 0.751448 0.656250
vt 0.748552 0.656250
vt 0.751511 0.687500
vt 0.748489 0.687500
vt 0.751581 0.718750
vt 0.748419 0.718750
vt 0.751615 0.500000
vt 0.748385 0.500000
vt 0.748385 0.750000
vt 0.751615 0.750000
vt 0.437500 0.375000
vt 0.406250 0.375000
vt 0.468750 0.375000
vt 0.500000 0.375000
vt 0.531250 0.375000
vt 0.562500 0.375000
vt 0.593750 0.375000
vt 0.625000 0.375000
vt 0.375000 0.375000
vt 0.437500 0.875000
vt 0.406250 0.875000
vt 0.468750 0.875000
vt 0.500000 0.875000
vt 0.531250 0.875000
vt 0.562500 0.875000
vt 0.593750 0.875000
vt 0.625000 0.875000
vt 0.375000 0.875000
vt 0.250000 0.531250
vt 0.250000 0.562500
vt 0.250000 0.593750
vt 0.250000 0.625000
vt 0.250000 0.656250
vt 0.250000 0.687500
vt 0.250000 0.718750
vt 0.250000 0.500000
vt 0.250000 0.750000
vt 0.750000 0.531250
vt 0.750000 0.562500
vt 0.750000 0.593750
vt 0.750000 0.625000
vt 0.750000 0.656250
vt 0.750000 0.687500
vt 0.750000 0.718750
vt 0.750000 0.500000
vt 0.750000 0.750000
s 1
usemtl Alpha
f 2/1/1 3/2/1 6/3/2 5/4/2
f 1/5/3 4/6/3 3/2/1 2/1/1
f 5/4/2 6/3/2 8/7/4 7/8/4
f 7/8/4 8/7/4 10/9/5 9/10/5
f 9/10/5 10/9/5 12/11/6 11/12/6
f 11/12/6 12/11/6 14/13/7 13/14/7
f 13/14/7 14/13/7 16/15/8 15/16/8
f 15/16/8 16/15/8 18/17/9 17/18/9
f 17/18/9 18/17/9 20/19/10 19/20/10
f 19/20/10 20/19/10 22/21/11 21/22/11
f 21/22/11 22/21/11 24/23/12 23/24/12
f 23/24/12 24/23/12 26/25/13 25/26/13
f 25/26/13 26/25/13 28/27/14 27/28/14
f 27/28/14 28/27/14 30/29/15 29/30/15
f 29/30/15 30/29/15 32/31/16 31/32/16
f 31/32/16 32/31/16 34/33/17 33/34/17
f 33/34/17 34/33/17 36/35/18 35/36/18
f 35/36/18 36/35/18 38/37/19 37/38/19
f 37/38/19 38/37/19 40/39/20 39/40/20
f 39/40/20 40/39/20 42/41/21 41/42/21
f 41/42/21 42/41/21 44/43/22 43/44/22
f 43/44/22 44/43/22 46/45/23 45/46/23
f 45/46/23 46/45/23 48/47/24 47/48/24
f 47/48/24 48/47/24 50/49/25 49/50/25
f 49/50/25 50/49/25 52/51/26 51/52/26
f 51/52/26 52/51/26 54/53/27 53/54/27
f 53/54/27 54/53/27 56/55/28 55/56/28
f 55/56/28 56/55/28 58/57/29 57/58/29
f 57/58/29 58/57/29 60/59/30 59/60/30
f 59/60/30 60/59/30 62/61/31 61/62/31
f 61/62/31 62/61/31 64/63/32 63/64/32
f 63/64/32 64/63/32 66/65/33 65/66/33
f 65/66/33 66/65/33 68/67/34 67/68/34
f 67/68/34 68/67/34 70/69/35 69/70/35
f 69/70/35 70/69/35 72/71/36 71/72/36
f 71/72/36 72/71/36 74/73/37 73/74/37
f 73/74/37 74/73/37 76/75/38 75/76/38
f 75/76/38 76/75/38 78/77/39 77/78/39
f 77/78/39 78/77/39 80/79/40 79/80/40
f 79/80/40 80/79/40 82/81/41 81/82/41
f 81/82/41 82/81/41 84/83/42 83/84/42
f 83/84/42 84/83/42 86/85/43 85/86/43
f 85/86/43 86/85/43 88/87/44 87/88/44
f 87/88/44 88/87/44 90/89/45 89/90/45
f 89/90/45 90/89/45 92/91/46 91/92/46
f 91/92/46 92/91/46 94/93/47 93/94/47
f 93/94/47 94/93/47 96/95/48 95/96/48
f 95/96/48 96/95/48 4/97/3 1/98/3
f 98/1/26 101/4/27 102/3/27 99/2/26
f 97/5/25 98/1/26 99/2/26 100/6/25
f 101/4/27 103/8/28 104/7/28 102/3/27
f 103/8/28 105/10/29 106/9/29 104/7/28
f 105/10/29 107/12/30 108/11/30 106/9/29
f 107/12/30 109/14/31 110/13/31 108/11/30
f 109/14/31 111/16/32 112/15/32 110/13/31
f 111/16/32 113/18/33 114/17/33 112/15/32
f 113/18/33 115/20/34 116/19/34 114/17/33
f 115/20/34 117/22/35 118/21/35 116/19/34
f 117/22/35 119/24/36 120/23/36 118/21/35
f 119/24/36 121/26/37 122/25/37 120/23/36
f 121/26/37 123/28/38 124/27/38 122/25/37
f 123/28/38 125/30/39 126/29/39 124/27/38
f 125/30/39 127/32/40 128/31/40 126/29/39
f 127/32/40 129/34/41 130/33/41 128/31/40
f 129/34/41 131/36/42 132/35/42 130/33/41
f 131/36/42 133/38/43 134/37/43 132/35/42
f 133/38/43 135/40/44 136/39/44 134/37/43
f 135/40/44 137/42/45 138/41/45 136/39/44
f 137/42/45 139/44/46 140/43/46 138/41/45
f 139/44/46 141/46/47 142/45/47 140/43/46
f 141/46/47 143/48/48 144/47/48 142/45/47
f 143/48/48 145/50/3 146/49/3 144/47/48
f 145/50/3 147/52/1 148/51/1 146/49/3
f 147/52/1 149/54/2 150/53/2 148/51/1
f 149/54/2 151/56/4 152/55/4 150/53/2
f 151/56/4 153/58/5 154/57/5 152/55/4
f 153/58/5 155/60/6 156/59/6 154/57/5
f 155/60/6 157/62/7 158/61/7 156/59/6
f 157/62/7 159/64/8 160/63/8 158/61/7
f 159/64/8 161/66/9 162/65/9 160/63/8
f 161/66/9 163/68/10 164/67/10 162/65/9
f 163/68/10 165/70/11 166/69/11 164/67/10
f 165/70/11 167/72/12 168/71/12 166/69/11
f 167/72/12 169/74/13 170/73/13 168/71/12
f 169/74/13 171/76/14 172/75/14 170/73/13
f 171/76/14 173/78/15 174/77/15 172/75/14
f 173/78/15 175/80/16 176/79/16 174/77/15
f 175/80/16 177/82/17 178/81/17 176/79/16
f 177/82/17 179/84/18 180/83/18 178/81/17
f 179/84/18 181/86/19 182/85/19 180/83/18
f 181/86/19 183/88/20 184/87/20 182/85/19
f 183/88/20 185/90/21 186/89/21 184/87/20
f 185/90/21 187/92/22 188/91/22 186/89/21
f 187/92/22 189/94/23 190/93/23 188/91/22
f 189/94/23 191/96/24 192/95/24 190/93/23
f 191/96/24 97/98/25 100/97/25 192/95/24
f 1/5/49 2/1/49 98/1/49 97/5/49
f 3/2/50 4/6/50 100/6/50 99/2/50
f 2/1/49 5/4/49 101/4/49 98/1/49
f 6/3/50 3/2/50 99/2/50 102/3/50
f 5/4/49 7/8/49 103/8/49 101/4/49
f 8/7/50 6/3/50 102/3/50 104/7/50
f 7/8/49 9/10/49 105/10/49 103/8/49
f 10/9/50 8/7/50 104/7/50 106/9/50
f 9/10/49 11/12/49 107/12/49 105/10/49
f 12/11/50 10/9/50 106/9/50 108/11/50
f 11/12/49 13/14/49 109/14/49 107/12/49
f 14/13/50 12/11/50 108/11/50 110/13/50
f 13/14/49 15/16/49 111/16/49 109/14/49
f 16/15/50 14/13/50 110/13/50 112/15/50
f 15/16/49 17/18/49 113/18/49 111/16/49
f 18/17/50 16/15/50 112/15/50 114/17/50
f 17/18/49 19/20/49 115/20/49 113/18/49
f 20/19/50 18/17/50 114/17/50 116/19/50
f 19/20/49 21/22/49 117/22/49 115/20/49
f 22/21/50 20/19/50 116/19/50 118/21/50
f 21/22/49 23/24/49 119/24/49 117/22/49
f 24/23/50 22/21/50 118/21/50 120/23/50
f 23/24/49 25/26/49 121/26/49 119/24/49
f 26/25/50 24/23/50 120/23/50 122/25/50
f 25/26/49 27/28/49 123/28/49 121/26/49
f 28/27/50 26/25/50 122/25/50 124/27/50
f 27/28/49 29/30/49 125/30/49 123/28/49
f 30/29/50 28/27/50 124/27/50 126/29/50
f 29/30/49 31/32/49 127/32/49 125/30/49
f 32/31/50 30/29/50 126/29/50 128/31/50
f 31/32/49 33/34/49 129/34/49 127/32/49
f 34/33/50 32/31/50 128/31/50 130/33/50
f 33/34/49 35/36/49 131/36/49 129/34/49
f 36/35/50 34/33/50 130/33/50 132/35/50
f 35/36/49 37/38/49 133/38/49 131/36/49
f 38/37/50 36/35/50 132/35/50 134/37/50
f 37/38/49 39/40/49 135/40/49 133/38/49
f 40/39/50 38/37/50 134/37/50 136/39/50
f 39/40/49 41/42/49 137/42/49 135/40/49
f 42/41/50 40/39/50 136/39/50 138/41/50
f 41/42/49 43/44/49 139/44/49 137/42/49
f 44/43/50 42/41/50 138/41/50 140/43/50
f 43/44/49 45/46/49 141/46/49 139/44/49
f 46/45/50 44/43/50 140/43/50 142/45/50
f 45/46/49 47/48/49 143/48/49 141/46/49
f 48/47/50 46/45/50 142/45/50 144/47/50
f 47/48/49 49/50/49 145/50/49 143/48/49
f 50/49/50 48/47/50 144/47/50 146/49/50
f 49/50/49 51/52/49 147/52/49 145/50/49
f 52/51/50 50/49/50 146/49/50 148/51/50
f 51/52/49 53/54/49 149/54/49 147/52/49
f 54/53/50 52/51/50 148/51/50 150/53/50
f 53/54/49 55/56/49 151/56/49 149/54/49
f 56/55/50 54/53/50 150/53/50 152/55/50
f 55/56/49 57/58/49 153/58/49 151/56/49
f 58/57/50 56/55/50 152/55/50 154/57/50
f 57/58/49 59/60/49 155/60/49 153/58/49
f 60/59/50 58/57/50 154/57/50 156/59/50
f 59/60/49 61/62/49 157/62/49 155/60/49
f 62/61/50 60/59/50 156/59/50 158/61/50
f 61/62/49 63/64/49 159/64/49 157/62/49
f 64/63/50 62/61/50 158/61/50 160/63/50
f 63/64/49 65/66/49 161/66/49 159/64/49
f 66/65/50 64/63/50 160/63/50 162/65/50
f 65/66/49 67/68/49 163/68/49 161/66/49
f 68/67/50 66/65/50 162/65/50 164/67/50
f 67/68/49 69/70/49 165/70/49 163/68/49
f 70/69/50 68/67/50 164/67/50 166/69/50
f 69/70/49 71/72/49 167/72/49 165/70/49
f 72/71/50 70/69/50 166/69/50 168/71/50
f 71/72/49 73/74/49 169/74/49 167/72/49
f 74/73/50 72/71/50 168/71/50 170/73/50
f 73/74/49 75/76/49 171/76/49 169/74/49
f 76/75/50 74/73/50 170/73/50 172/75/50
f 75/76/49 77/78/49 173/78/49 171/76/49
f 78/77/50 76/75/50 172/75/50 174/77/50
f 77/78/49 79/80/49 175/80/49 173/78/49
f 80/79/50 78/77/50 174/77/50 176/79/50
f 79/80/49 81/82/49 177/82/49 175/80/49
f 82/81/50 80/79/50 176/79/50 178/81/50
f 81/82/49 83/84/49 179/84/49 177/82/49
f 84/83/50 82/81/50 178/81/50 180/83/50
f 83/84/49 85/86/49 181/86/49 179/84/49
f 86/85/50 84/83/50 180/83/50 182/85/50
f 85/86/49 87/88/49 183/88/49 181/86/49
f 88/87/50 86/85/50 182/85/50 184/87/50
f 87/88/49 89/90/49 185/90/49 183/88/49
f 90/89/50 88/87/50 184/87/50 186/89/50
f 89/90/49 91/92/49 187/92/49 185/90/49
f 92/91/50 90/89/50 186/89/50 188/91/50
f 91/92/49 93/94/49 189/94/49 187/92/49
f 94/93/50 92/91/50 188/91/50 190/93/50
f 93/94/49 95/96/49 191/96/49 189/94/49
f 96/95/50 94/93/50 190/93/50 192/95/50
f 95/96/49 1/98/49 97/98/49 191/96/49
f 4/97/50 96/95/50 192/95/50 100/97/50
f 281/99/51 282/100/52 289/101/53 288/102/54
f 282/100/52 283/103/55 290/104/56 289/101/53
f 283/103/55 284/105/57 291/106/58 290/104/56
f 284/105/57 285/107/59 292/108/60 291/106/58
f 285/107/59 286/109/61 293/110/62 292/108/60
f 286/109/61 287/111/63 294/112/64 293/110/62
f 288/102/54 289/101/53 296/113/65 295/114/66
f 289/101/53 290/104/56 297/115/67 296/113/65
f 290/104/56 291/106/58 298/116/68 297/115/67
f 291/106/58 292/108/60 299/117/69 298/116/68
f 292/108/60 293/110/62 300/118/70 299/117/69
f 293/110/62 294/112/64 301/119/71 300/118/70
f 295/114/66 296/113/65 303/120/72 302/121/73
f 296/113/65 297/115/67 304/122/74 303/120/72
f 297/115/67 298/116/68 305/123/37 304/122/74
f 298/116/68 299/117/69 306/124/75 305/123/37
f 299/117/69 300/118/70 307/125/76 306/124/75
f 300/118/70 301/119/71 308/126/77 307/125/76
f 302/121/73 303/120/72 310/127/78 309/128/79
f 303/120/72 304/122/74 311/129/80 310/127/78
f 304/122/74 305/123/37 312/130/81 311/129/80
f 305/123/37 306/124/75 313/131/82 312/130/81
f 306/124/75 307/125/76 314/132/83 313/131/82
f 307/125/76 308/126/77 315/133/84 314/132/83
f 309/128/79 310/127/78 317/134/85 316/135/86
f 310/127/78 311/129/80 318/136/87 317/134/85
f 311/129/80 312/130/81 319/137/88 318/136/87
f 312/130/81 313/131/82 320/138/89 319/137/88
f 313/131/82 314/132/83 321/139/90 320/138/89
f 314/132/83 315/133/84 322/140/91 321/139/90
f 316/135/86 317/134/85 324/141/92 323/142/93
f 317/134/85 318/136/87 325/143/94 324/141/92
f 318/136/87 319/137/88 326/144/95 325/143/94
f 319/137/88 320/138/89 327/145/96 326/144/95
f 320/138/89 321/139/90 328/146/97 327/145/96
f 321/139/90 322/140/91 329/147/98 328/146/97
f 193/148/99 208/149/100 281/99/51 207/150/101
f 208/149/100 209/151/102 282/100/52 281/99/51
f 209/151/102 210/152/103 283/103/55 282/100/52
f 210/152/103 211/153/31 284/105/57 283/103/55
f 211/153/31 212/154/104 285/107/59 284/105/57
f 212/154/104 213/155/105 286/109/61 285/107/59
f 213/155/105 214/156/106 287/111/63 286/109/61
f 214/156/106 194/157/107 215/158/108 287/111/63
f 287/111/63 215/158/108 216/159/109 294/112/64
f 294/112/64 216/159/109 217/160/110 301/119/71
f 301/119/71 217/160/110 218/161/111 308/126/77
f 308/126/77 218/161/111 219/162/112 315/133/84
f 315/133/84 219/162/112 220/163/113 322/140/91
f 322/140/91 220/163/113 221/164/114 329/147/98
f 329/147/98 221/164/114 196/165/115 222/166/116
f 328/146/97 329/147/98 222/166/116 223/167/117
f 327/145/96 328/146/97 223/167/117 224/168/118
f 326/144/95 327/145/96 224/168/118 225/169/43
f 325/143/94 326/144/95 225/169/43 226/170/119
f 324/141/92 325/143/94 226/170/119 227/171/120
f 323/142/93 324/141/92 227/171/120 228/172/121
f 201/173/122 323/142/93 228/172/121 195/174/123
f 202/175/124 316/135/86 323/142/93 201/173/122
f 203/176/125 309/128/79 316/135/86 202/175/124
f 204/177/126 302/121/73 309/128/79 203/176/125
f 205/178/127 295/114/66 302/121/73 204/177/126
f 206/179/128 288/102/54 295/114/66 205/178/127
f 207/150/101 281/99/51 288/102/54 206/179/128
f 330/180/129 331/181/130 338/182/131 337/183/132
f 331/181/130 332/184/133 339/185/134 338/182/131
f 332/184/133 333/186/135 340/187/136 339/185/134
f 333/186/135 334/188/137 341/189/138 340/187/136
f 334/188/137 335/190/139 342/191/140 341/189/138
f 335/190/139 336/192/141 343/193/142 342/191/140
f 337/183/132 338/182/131 345/194/143 344/195/144
f 338/182/131 339/185/134 346/196/145 345/194/143
f 339/185/134 340/187/136 347/197/146 346/196/145
f 340/187/136 341/189/138 348/198/147 347/197/146
f 341/189/138 342/191/140 349/199/148 348/198/147
f 342/191/140 343/193/142 350/200/149 349/199/148
f 351/201/150 352/202/151 359/203/152 358/204/153
f 352/202/151 353/205/154 360/206/155 359/203/152
f 353/205/154 354/207/156 361/208/157 360/206/155
f 354/207/156 355/209/158 362/210/159 361/208/157
f 355/209/158 356/211/160 363/212/161 362/210/159
f 356/211/160 357/213/162 364/214/163 363/212/161
f 358/204/153 359/203/152 366/215/164 365/216/165
f 359/203/152 360/206/155 367/217/166 366/215/164
f 360/206/155 361/208/157 368/218/167 367/217/166
f 361/208/157 362/210/159 369/219/168 368/218/167
f 362/210/159 363/212/161 370/220/169 369/219/168
f 363/212/161 364/214/163 371/221/170 370/220/169
f 195/174/123 228/172/121 330/180/129 234/222/171
f 228/172/121 227/171/120 331/181/130 330/180/129
f 227/171/120 226/170/119 332/184/133 331/181/130
f 226/170/119 225/169/43 333/186/135 332/184/133
f 225/169/43 224/168/118 334/188/137 333/186/135
f 224/168/118 223/167/117 335/190/139 334/188/137
f 223/167/117 222/166/116 336/192/141 335/190/139
f 222/166/116 196/165/115 235/223/172 336/192/141
f 336/192/141 235/223/172 236/224/173 343/193/142
f 343/193/142 236/224/173 237/225/174 350/200/149
f 357/213/162 238/226/175 239/227/176 364/214/163
f 364/214/163 239/227/176 240/228/177 371/221/170
f 371/221/170 240/228/177 200/229/178 241/230/179
f 370/220/169 371/221/170 241/230/179 242/231/180
f 369/219/168 370/220/169 242/231/180 243/232/181
f 368/218/167 369/219/168 243/232/181 244/233/7
f 367/217/166 368/218/167 244/233/7 245/234/182
f 366/215/164 367/217/166 245/234/182 246/235/183
f 365/216/165 366/215/164 246/235/183 247/236/184
f 229/237/185 365/216/165 247/236/184 199/238/186
f 230/239/187 358/204/153 365/216/165 229/237/185
f 231/240/188 351/201/150 358/204/153 230/239/187
f 233/241/189 337/183/132 344/195/144 232/242/190
f 234/222/171 330/180/129 337/183/132 233/241/189
f 372/243/191 373/244/192 380/245/193 379/246/194
f 373/244/192 374/247/195 381/248/196 380/245/193
f 374/247/195 375/249/197 382/250/198 381/248/196
f 375/249/197 376/251/199 383/252/200 382/250/198
f 376/251/199 377/253/201 384/254/202 383/252/200
f 377/253/201 378/255/203 385/256/204 384/254/202
f 379/246/194 380/245/193 387/257/205 386/258/206
f 380/245/193 381/248/196 388/259/207 387/257/205
f 381/248/196 382/250/198 389/260/208 388/259/207
f 382/250/198 383/252/200 390/261/209 389/260/208
f 383/252/200 384/254/202 391/262/210 390/261/209
f 384/254/202 385/256/204 392/263/211 391/262/210
f 386/258/206 387/257/205 394/264/212 393/265/213
f 387/257/205 388/259/207 395/266/214 394/264/212
f 388/259/207 389/260/208 396/267/13 395/266/214
f 389/260/208 390/261/209 397/268/215 396/267/13
f 390/261/209 391/262/210 398/269/216 397/268/215
f 391/262/210 392/263/211 399/270/217 398/269/216
f 393/265/213 394/264/212 401/271/218 400/272/219
f 394/264/212 395/266/214 402/273/220 401/271/218
f 395/266/214 396/267/13 403/274/221 402/273/220
f 396/267/13 397/268/215 404/275/222 403/274/221
f 397/268/215 398/269/216 405/276/223 404/275/222
f 398/269/216 399/270/217 406/277/224 405/276/223
f 400/272/219 401/271/218 408/278/225 407/279/226
f 401/271/218 402/273/220 409/280/227 408/278/225
f 402/273/220 403/274/221 410/281/228 409/280/227
f 403/274/221 404/275/222 411/282/229 410/281/228
f 404/275/222 405/276/223 412/283/230 411/282/229
f 405/276/223 406/277/224 413/284/231 412/283/230
f 407/279/226 408/278/225 415/285/232 414/286/233
f 408/278/225 409/280/227 416/287/234 415/285/232
f 409/280/227 410/281/228 417/288/235 416/287/234
f 410/281/228 411/282/229 418/289/236 417/288/235
f 411/282/229 412/283/230 419/290/237 418/289/236
f 412/283/230 413/284/231 420/291/238 419/290/237
f 199/238/186 247/236/184 372/243/191 254/292/239
f 247/236/184 246/235/183 373/244/192 372/243/191
f 246/235/183 245/234/182 374/247/195 373/244/192
f 245/234/182 244/233/7 375/249/197 374/247/195
f 244/233/7 243/232/181 376/251/199 375/249/197
f 243/232/181 242/231/180 377/253/201 376/251/199
f 242/231/180 241/230/179 378/255/203 377/253/201
f 241/230/179 200/229/178 255/293/240 378/255/203
f 378/255/203 255/293/240 256/294/241 385/256/204
f 385/256/204 256/294/241 257/295/242 392/263/211
f 392/263/211 257/295/242 258/296/243 399/270/217
f 399/270/217 258/296/243 259/297/244 406/277/224
f 406/277/224 259/297/244 260/298/245 413/284/231
f 413/284/231 260/298/245 261/299/246 420/291/238
f 420/291/238 261/299/246 198/300/247 262/301/248
f 419/290/237 420/291/238 262/301/248 263/302/249
f 418/289/236 419/290/237 263/302/249 264/303/250
f 417/288/235 418/289/236 264/303/250 265/304/19
f 416/287/234 417/288/235 265/304/19 266/305/251
f 415/285/232 416/287/234 266/305/251 267/306/252
f 414/286/233 415/285/232 267/306/252 268/307/253
f 248/308/254 414/286/233 268/307/253 197/309/255
f 249/310/256 407/279/226 414/286/233 248/308/254
f 250/311/257 400/272/219 407/279/226 249/310/256
f 251/312/258 393/265/213 400/272/219 250/311/257
f 252/313/259 386/258/206 393/265/213 251/312/258
f 253/314/260 379/246/194 386/258/206 252/313/259
f 254/292/239 372/243/191 379/246/194 253/314/260
f 421/315/261 422/316/262 429/317/263 428/318/264
f 422/316/262 423/319/265 430/320/266 429/317/263
f 423/319/265 424/321/267 431/322/268 430/320/266
f 424/321/267 425/323/269 432/324/270 431/322/268
f 425/323/269 426/325/271 433/326/272 432/324/270
f 426/325/271 427/327/273 434/328/274 433/326/272
f 428/318/264 429/317/263 436/329/275 435/330/276
f 429/317/263 430/320/266 437/331/277 436/329/275
f 430/320/266 431/322/268 438/332/278 437/331/277
f 431/322/268 432/324/270 439/333/279 438/332/278
f 432/324/270 433/326/272 440/334/280 439/333/279
f 433/326/272 434/328/274 441/335/281 440/334/280
f 442/336/282 443/337/283 450/338/284 449/339/285
f 443/337/283 444/340/286 451/341/287 450/338/284
f 444/340/286 445/342/288 452/343/289 451/341/287
f 445/342/288 446/344/290 453/345/291 452/343/289
f 446/344/290 447/346/292 454/347/293 453/345/291
f 447/346/292 448/348/294 455/349/295 454/347/293
f 449/339/285 450/338/284 457/350/296 456/351/297
f 450/338/284 451/341/287 458/352/298 457/350/296
f 451/341/287 452/343/289 459/353/299 458/352/298
f 452/343/289 453/345/291 460/354/300 459/353/299
f 453/345/291 454/347/293 461/355/301 460/354/300
f 454/347/293 455/349/295 462/356/302 461/355/301
f 197/309/255 268/307/253 421/315/261 274/357/303
f 268/307/253 267/306/252 422/316/262 421/315/261
f 267/306/252 266/305/251 423/319/265 422/316/262
f 266/305/251 265/304/19 424/321/267 423/319/265
f 265/304/19 264/303/250 425/323/269 424/321/267
f 264/303/250 263/302/249 426/325/271 425/323/269
f 263/302/249 262/301/248 427/327/273 426/325/271
f 262/301/248 198/300/247 275/358/304 427/327/273
f 427/327/273 275/358/304 276/359/305 434/328/274
f 434/328/274 276/359/305 277/360/306 441/335/281
f 448/348/294 278/361/307 279/362/308 455/349/295
f 455/349/295 279/362/308 280/363/309 462/356/302
f 462/356/302 280/363/309 194/364/107 214/365/106
f 461/355/301 462/356/302 214/365/106 213/366/105
f 460/354/300 461/355/301 213/366/105 212/367/104
f 459/353/299 460/354/300 212/367/104 211/368/31
f 458/352/298 459/353/299 211/368/31 210/369/103
f 457/350/296 458/352/298 210/369/103 209/370/102
f 456/351/297 457/350/296 209/370/102 208/371/100
f 269/372/310 456/351/297 208/371/100 193/373/99
f 270/374/311 449/339/285 456/351/297 269/372/310
f 271/375/312 442/336/282 449/339/285 270/374/311
f 273/376/313 428/318/264 435/330/276 272/377/314
f 274/357/303 421/315/261 428/318/264 273/376/313
f 463/378/315 464/379/316 470/380/317 469/381/318
f 464/379/316 465/382/319 471/383/320 470/380/317
f 466/384/321 467/385/322 473/386/323 472/387/324
f 467/385/322 468/388/325 474/389/326 473/386/323
f 469/381/318 470/380/317 476/390/327 475/391/328
f 470/380/317 471/383/320 477/392/329 476/390/327
f 472/387/324 473/386/323 479/393/330 478/394/331
f 473/386/323 474/389/326 480/395/332 479/393/330
f 475/391/328 476/390/327 482/396/333 481/397/334
f 476/390/327 477/392/329 483/398/335 482/396/333
f 478/394/331 479/393/330 485/399/336 484/400/337
f 479/393/330 480/395/332 486/401/338 485/399/336
f 481/397/334 482/396/333 488/402/339 487/403/340
f 482/396/333 483/398/335 489/404/341 488/402/339
f 484/400/337 485/399/336 491/405/342 490/406/343
f 485/399/336 486/401/338 492/407/344 491/405/342
f 487/403/340 488/402/339 494/408/345 493/409/346
f 488/402/339 489/404/341 495/410/347 494/408/345
f 490/406/343 491/405/342 497/411/348 496/412/349
f 491/405/342 492/407/344 498/413/350 497/411/348
f 493/409/346 494/408/345 500/414/351 499/415/352
f 494/408/345 495/410/347 501/416/353 500/414/351
f 496/412/349 497/411/348 503/417/354 502/418/355
f 497/411/348 498/413/350 504/419/356 503/417/354
f 195/420/123 234/421/171 463/378/315 201/422/122
f 234/421/171 233/423/189 464/379/316 463/378/315
f 233/423/189 232/424/190 465/382/319 464/379/316
f 231/425/188 230/426/187 467/385/322 466/384/321
f 230/426/187 229/427/185 468/388/325 467/385/322
f 229/427/185 199/238/186 254/292/239 468/388/325
f 468/388/325 254/292/239 253/314/260 474/389/326
f 474/389/326 253/314/260 252/313/259 480/395/332
f 480/395/332 252/313/259 251/312/258 486/401/338
f 486/401/338 251/312/258 250/311/257 492/407/344
f 492/407/344 250/311/257 249/310/256 498/413/350
f 498/413/350 249/310/256 248/308/254 504/419/356
f 504/419/356 248/308/254 197/309/255 274/428/303
f 503/417/354 504/419/356 274/428/303 273/429/313
f 502/418/355 503/417/354 273/429/313 272/430/314
f 500/414/351 501/416/353 271/431/312 270/432/311
f 499/415/352 500/414/351 270/432/311 269/433/310
f 207/434/101 499/415/352 269/433/310 193/435/99
f 206/436/128 493/409/346 499/415/352 207/434/101
f 205/437/127 487/403/340 493/409/346 206/436/128
f 204/438/126 481/397/334 487/403/340 205/437/127
f 203/439/125 475/391/328 481/397/334 204/438/126
f 202/440/124 469/381/318 475/391/328 203/439/125
f 201/422/122 463/378/315 469/381/318 202/440/124
f 505/441/357 506/442/358 512/443/359 511/444/360
f 506/442/358 507/445/361 513/446/362 512/443/359
f 508/447/363 509/448/364 515/449/365 514/450/366
f 509/448/364 510/451/367 516/452/368 515/449/365
f 511/444/360 512/443/359 518/453/369 517/454/370
f 512/443/359 513/446/362 519/455/371 518/453/369
f 514/450/366 515/449/365 521/456/372 520/457/373
f 515/449/365 516/452/368 522/458/374 521/456/372
f 517/454/370 518/453/369 524/459/375 523/460/376
f 518/453/369 519/455/371 525/461/377 524/459/375
f 520/457/373 521/456/372 527/462/378 526/463/379
f 521/456/372 522/458/374 528/464/380 527/462/378
f 523/460/376 524/459/375 530/465/381 529/466/382
f 524/459/375 525/461/377 531/467/383 530/465/381
f 526/463/379 527/462/378 533/468/384 532/469/385
f 527/462/378 528/464/380 534/470/386 533/468/384
f 529/466/382 530/465/381 536/471/387 535/472/388
f 530/465/381 531/467/383 537/473/389 536/471/387
f 532/469/385 533/468/384 539/474/390 538/475/391
f 533/468/384 534/470/386 540/476/392 539/474/390
f 535/472/388 536/471/387 542/477/393 541/478/394
f 536/471/387 537/473/389 543/479/395 542/477/393
f 538/475/391 539/474/390 545/480/396 544/481/397
f 539/474/390 540/476/392 546/482/398 545/480/396
f 200/229/178 240/483/177 505/441/357 255/293/240
f 240/483/177 239/484/176 506/442/358 505/441/357
f 239/484/176 238/485/175 507/445/361 506/442/358
f 237/486/174 236/487/173 509/448/364 508/447/363
f 236/487/173 235/488/172 510/451/367 509/448/364
f 235/488/172 196/489/115 221/490/114 510/451/367
f 510/451/367 221/490/114 220/491/113 516/452/368
f 516/452/368 220/491/113 219/492/112 522/458/374
f 522/458/374 219/492/112 218/493/111 528/464/380
f 528/464/380 218/493/111 217/494/110 534/470/386
f 534/470/386 217/494/110 216/495/109 540/476/392
f 540/476/392 216/495/109 215/496/108 546/482/398
f 546/482/398 215/496/108 194/497/107 280/498/309
f 545/480/396 546/482/398 280/498/309 279/499/308
f 544/481/397 545/480/396 279/499/308 278/500/307
f 542/477/393 543/479/395 277/501/306 276/502/305
f 541/478/394 542/477/393 276/502/305 275/503/304
f 261/299/246 541/478/394 275/503/304 198/300/247
f 260/298/245 535/472/388 541/478/394 261/299/246
f 259/297/244 529/466/382 535/472/388 260/298/245
f 258/296/243 523/460/376 529/466/382 259/297/244
f 257/295/242 517/454/370 523/460/376 258/296/243
f 256/294/241 511/444/360 517/454/370 257/295/242
f 255/293/240 505/441/357 511/444/360 256/294/241
f 556/504/399 557/505/400 558/506/401 555/507/402
f 557/505/400 559/508/403 560/509/404 558/506/401
f 559/508/403 561/510/405 562/511/406 560/509/404
f 561/510/405 563/512/407 564/513/408 562/511/406
f 563/512/407 565/514/409 566/515/410 564/513/408
f 565/514/409 567/516/411 568/517/412 566/515/410
f 550/518/413 568/517/412 567/516/411 549/519/414
f 548/520/415 556/504/399 555/507/402 547/521/416
f 570/522/417 571/523/418 572/524/419 569/525/420
f 571/523/418 573/526/421 574/527/422 572/524/419
f 573/526/421 575/528/423 576/529/424 574/527/422
f 575/528/423 577/530/425 578/531/426 576/529/424
f 577/530/425 579/532/427 580/533/428 578/531/426
f 579/532/427 581/534/429 582/535/430 580/533/428
f 554/536/431 582/535/430 581/534/429 553/537/432
f 552/538/433 570/522/417 569/525/420 551/539/434
f 584/540/435 585/541/436 586/542/437 583/543/438
f 585/541/436 587/544/439 588/545/440 586/542/437
f 587/544/439 589/546/441 590/547/442 588/545/440
f 589/546/441 591/548/443 592/549/444 590/547/442
f 591/548/443 593/550/445 594/551/446 592/549/444
f 593/550/445 595/552/447 596/553/448 594/551/446
f 547/554/416 584/540/435 583/543/438 548/555/415
f 551/556/434 596/553/448 595/552/447 552/557/433
f 598/558/449 599/559/450 600/560/451 597/561/452
f 599/559/450 601/562/453 602/563/454 600/560/451
f 601/562/453 603/564/455 604/565/456 602/563/454
f 603/564/455 605/566/457 606/567/458 604/565/456
f 605/566/457 607/568/459 608/569/460 606/567/458
f 607/568/459 609/570/461 610/571/462 608/569/460
f 549/572/414 598/558/449 597/561/452 550/573/413
f 553/574/432 610/571/462 609/570/461 554/575/431
f 547/554/416 231/425/188 466/384/321 584/540/435
f 232/242/190 344/195/144 556/504/399 548/520/415
f 547/521/416 555/507/402 351/201/150 231/240/188
f 232/424/190 548/555/415 583/543/438 465/382/319
f 549/572/414 237/486/174 508/447/363 598/558/449
f 568/517/412 550/518/413 238/226/175 357/213/162
f 350/200/149 237/225/174 549/519/414 567/516/411
f 238/485/175 550/573/413 597/561/452 507/445/361
f 501/416/353 596/553/448 551/556/434 271/431/312
f 272/377/314 435/330/276 570/522/417 552/538/433
f 551/539/434 569/525/420 442/336/282 271/375/312
f 595/552/447 502/418/355 272/430/314 552/557/433
f 543/479/395 610/571/462 553/574/432 277/501/306
f 582/535/430 554/536/431 278/361/307 448/348/294
f 441/335/281 277/360/306 553/537/432 581/534/429
f 609/570/461 544/481/397 278/500/307 554/575/431
f 344/195/144 345/194/143 557/505/400 556/504/399
f 555/507/402 558/506/401 352/202/151 351/201/150
f 345/194/143 346/196/145 559/508/403 557/505/400
f 558/506/401 560/509/404 353/205/154 352/202/151
f 346/196/145 347/197/146 561/510/405 559/508/403
f 560/509/404 562/511/406 354/207/156 353/205/154
f 347/197/146 348/198/147 563/512/407 561/510/405
f 562/511/406 564/513/408 355/209/158 354/207/156
f 348/198/147 349/199/148 565/514/409 563/512/407
f 564/513/408 566/515/410 356/211/160 355/209/158
f 349/199/148 350/200/149 567/516/411 565/514/409
f 566/515/410 568/517/412 357/213/162 356/211/160
f 435/330/276 436/329/275 571/523/418 570/522/417
f 569/525/420 572/524/419 443/337/283 442/336/282
f 436/329/275 437/331/277 573/526/421 571/523/418
f 572/524/419 574/527/422 444/340/286 443/337/283
f 437/331/277 438/332/278 575/528/423 573/526/421
f 574/527/422 576/529/424 445/342/288 444/340/286
f 438/332/278 439/333/279 577/530/425 575/528/423
f 576/529/424 578/531/426 446/344/290 445/342/288
f 439/333/279 440/334/280 579/532/427 577/530/425
f 578/531/426 580/533/428 447/346/292 446/344/290
f 440/334/280 441/335/281 581/534/429 579/532/427
f 580/533/428 582/535/430 448/348/294 447/346/292
f 584/540/435 466/384/321 472/387/324 585/541/436
f 465/382/319 583/543/438 586/542/437 471/383/320
f 585/541/436 472/387/324 478/394/331 587/544/439
f 471/383/320 586/542/437 588/545/440 477/392/329
f 587/544/439 478/394/331 484/400/337 589/546/441
f 477/392/329 588/545/440 590/547/442 483/398/335
f 589/546/441 484/400/337 490/406/343 591/548/443
f 483/398/335 590/547/442 592/549/444 489/404/341
f 591/548/443 490/406/343 496/412/349 593/550/445
f 489/404/341 592/549/444 594/551/446 495/410/347
f 593/550/445 496/412/349 502/418/355 595/552/447
f 495/410/347 594/551/446 596/553/448 501/416/353
f 598/558/449 508/447/363 514/450/366 599/559/450
f 507/445/361 597/561/452 600/560/451 513/446/362
f 599/559/450 514/450/366 520/457/373 601/562/453
f 513/446/362 600/560/451 602/563/454 519/455/371
f 601/562/453 520/457/373 526/463/379 603/564/455
f 519/455/371 602/563/454 604/565/456 525/461/377
f 603/564/455 526/463/379 532/469/385 605/566/457
f 525/461/377 604/565/456 606/567/458 531/467/383
f 605/566/457 532/469/385 538/475/391 607/568/459
f 531/467/383 606/567/458 608/569/460 537/473/389
f 607/568/459 538/475/391 544/481/397 609/570/461
f 537/473/389 608/569/460 610/571/462 543/479/395
f 699/99/238 700/100/237 707/101/230 706/102/231
f 700/100/237 701/103/236 708/104/229 707/101/230
f 701/103/236 702/105/235 709/106/228 708/104/229
f 702/105/235 703/107/234 710/108/227 709/106/228
f 703/107/234 704/109/232 711/110/225 710/108/227
f 704/109/232 705/111/233 712/112/226 711/110/225
f 706/102/231 707/101/230 714/113/223 713/114/224
f 707/101/230 708/104/229 715/115/222 714/113/223
f 708/104/229 709/106/228 716/116/221 715/115/222
f 709/106/228 710/108/227 717/117/220 716/116/221
f 710/108/227 711/110/225 718/118/218 717/117/220
f 711/110/225 712/112/226 719/119/219 718/118/218
f 713/114/224 714/113/223 721/120/216 720/121/217
f 714/113/223 715/115/222 722/122/215 721/120/216
f 715/115/222 716/116/221 723/123/13 722/122/215
f 716/116/221 717/117/220 724/124/214 723/123/13
f 717/117/220 718/118/218 725/125/212 724/124/214
f 718/118/218 719/119/219 726/126/213 725/125/212
f 720/121/217 721/120/216 728/127/210 727/128/211
f 721/120/216 722/122/215 729/129/209 728/127/210
f 722/122/215 723/123/13 730/130/208 729/129/209
f 723/123/13 724/124/214 731/131/207 730/130/208
f 724/124/214 725/125/212 732/132/205 731/131/207
f 725/125/212 726/126/213 733/133/206 732/132/205
f 727/128/211 728/127/210 735/134/202 734/135/204
f 728/127/210 729/129/209 736/136/200 735/134/202
f 729/129/209 730/130/208 737/137/198 736/136/200
f 730/130/208 731/131/207 738/138/196 737/137/198
f 731/131/207 732/132/205 739/139/193 738/138/196
f 732/132/205 733/133/206 740/140/194 739/139/193
f 734/135/204 735/134/202 742/141/201 741/142/203
f 735/134/202 736/136/200 743/143/199 742/141/201
f 736/136/200 737/137/198 744/144/197 743/143/199
f 737/137/198 738/138/196 745/145/195 744/144/197
f 738/138/196 739/139/193 746/146/192 745/145/195
f 739/139/193 740/140/194 747/147/191 746/146/192
f 611/148/463 626/149/248 699/99/238 625/150/246
f 626/149/248 627/151/249 700/100/237 699/99/238
f 627/151/249 628/152/250 701/103/236 700/100/237
f 628/152/250 629/153/19 702/105/235 701/103/236
f 629/153/19 630/154/251 703/107/234 702/105/235
f 630/154/251 631/155/252 704/109/232 703/107/234
f 631/155/252 632/156/253 705/111/233 704/109/232
f 632/156/253 612/157/464 633/158/254 705/111/233
f 705/111/233 633/158/254 634/159/256 712/112/226
f 712/112/226 634/159/256 635/160/257 719/119/219
f 719/119/219 635/160/257 636/161/258 726/126/213
f 726/126/213 636/161/258 637/162/259 733/133/206
f 733/133/206 637/162/259 638/163/260 740/140/194
f 740/140/194 638/163/260 639/164/239 747/147/191
f 747/147/191 639/164/239 614/165/465 640/166/184
f 746/146/192 747/147/191 640/166/184 641/167/183
f 745/145/195 746/146/192 641/167/183 642/168/182
f 744/144/197 745/145/195 642/168/182 643/169/7
f 743/143/199 744/144/197 643/169/7 644/170/181
f 742/141/201 743/143/199 644/170/181 645/171/180
f 741/142/203 742/141/201 645/171/180 646/172/179
f 619/173/466 741/142/203 646/172/179 613/174/467
f 620/175/241 734/135/204 741/142/203 619/173/466
f 621/176/242 727/128/211 734/135/204 620/175/241
f 622/177/243 720/121/217 727/128/211 621/176/242
f 623/178/244 713/114/224 720/121/217 622/177/243
f 624/179/245 706/102/231 713/114/224 623/178/244
f 625/150/246 699/99/238 706/102/231 624/179/245
f 748/180/170 749/181/169 756/182/161 755/183/163
f 749/181/169 750/184/168 757/185/159 756/182/161
f 750/184/168 751/186/167 758/187/157 757/185/159
f 751/186/167 752/188/166 759/189/155 758/187/157
f 752/188/166 753/190/164 760/191/152 759/189/155
f 753/190/164 754/192/165 761/193/153 760/191/152
f 755/183/163 756/182/161 763/194/160 762/195/162
f 756/182/161 757/185/159 764/196/158 763/194/160
f 757/185/159 758/187/157 765/197/156 764/196/158
f 758/187/157 759/189/155 766/198/154 765/197/156
f 759/189/155 760/191/152 767/199/151 766/198/154
f 760/191/152 761/193/153 768/200/150 767/199/151
f 769/201/149 770/202/148 777/203/140 776/204/142
f 770/202/148 771/205/147 778/206/138 777/203/140
f 771/205/147 772/207/146 779/208/136 778/206/138
f 772/207/146 773/209/145 780/210/134 779/208/136
f 773/209/145 774/211/143 781/212/131 780/210/134
f 774/211/143 775/213/144 782/214/132 781/212/131
f 776/204/142 777/203/140 784/215/139 783/216/141
f 777/203/140 778/206/138 785/217/137 784/215/139
f 778/206/138 779/208/136 786/218/135 785/217/137
f 779/208/136 780/210/134 787/219/133 786/218/135
f 780/210/134 781/212/131 788/220/130 787/219/133
f 781/212/131 782/214/132 789/221/129 788/220/130
f 613/174/467 646/172/179 748/180/170 652/222/177
f 646/172/179 645/171/180 749/181/169 748/180/170
f 645/171/180 644/170/181 750/184/168 749/181/169
f 644/170/181 643/169/7 751/186/167 750/184/168
f 643/169/7 642/168/182 752/188/166 751/186/167
f 642/168/182 641/167/183 753/190/164 752/188/166
f 641/167/183 640/166/184 754/192/165 753/190/164
f 640/166/184 614/165/465 653/223/185 754/192/165
f 754/192/165 653/223/185 654/224/187 761/193/153
f 761/193/153 654/224/187 655/225/188 768/200/150
f 775/213/144 656/226/190 657/227/189 782/214/132
f 782/214/132 657/227/189 658/228/171 789/221/129
f 789/221/129 658/228/171 618/229/468 659/230/121
f 788/220/130 789/221/129 659/230/121 660/231/120
f 787/219/133 788/220/130 660/231/120 661/232/119
f 786/218/135 787/219/133 661/232/119 662/233/43
f 785/217/137 786/218/135 662/233/43 663/234/118
f 784/215/139 785/217/137 663/234/118 664/235/117
f 783/216/141 784/215/139 664/235/117 665/236/116
f 647/237/172 783/216/141 665/236/116 617/238/469
f 648/239/173 776/204/142 783/216/141 647/237/172
f 649/240/174 769/201/149 776/204/142 648/239/173
f 651/241/176 755/183/163 762/195/162 650/242/175
f 652/222/177 748/180/170 755/183/163 651/241/176
f 790/243/98 791/244/97 798/245/90 797/246/91
f 791/244/97 792/247/96 799/248/89 798/245/90
f 792/247/96 793/249/95 800/250/88 799/248/89
f 793/249/95 794/251/94 801/252/87 800/250/88
f 794/251/94 795/253/92 802/254/85 801/252/87
f 795/253/92 796/255/93 803/256/86 802/254/85
f 797/246/91 798/245/90 805/257/83 804/258/84
f 798/245/90 799/248/89 806/259/82 805/257/83
f 799/248/89 800/250/88 807/260/81 806/259/82
f 800/250/88 801/252/87 808/261/80 807/260/81
f 801/252/87 802/254/85 809/262/78 808/261/80
f 802/254/85 803/256/86 810/263/79 809/262/78
f 804/258/84 805/257/83 812/264/76 811/265/77
f 805/257/83 806/259/82 813/266/75 812/264/76
f 806/259/82 807/260/81 814/267/37 813/266/75
f 807/260/81 808/261/80 815/268/74 814/267/37
f 808/261/80 809/262/78 816/269/72 815/268/74
f 809/262/78 810/263/79 817/270/73 816/269/72
f 811/265/77 812/264/76 819/271/70 818/272/71
f 812/264/76 813/266/75 820/273/69 819/271/70
f 813/266/75 814/267/37 821/274/68 820/273/69
f 814/267/37 815/268/74 822/275/67 821/274/68
f 815/268/74 816/269/72 823/276/65 822/275/67
f 816/269/72 817/270/73 824/277/66 823/276/65
f 818/272/71 819/271/70 826/278/62 825/279/64
f 819/271/70 820/273/69 827/280/60 826/278/62
f 820/273/69 821/274/68 828/281/58 827/280/60
f 821/274/68 822/275/67 829/282/56 828/281/58
f 822/275/67 823/276/65 830/283/53 829/282/56
f 823/276/65 824/277/66 831/284/54 830/283/53
f 825/279/64 826/278/62 833/285/61 832/286/63
f 826/278/62 827/280/60 834/287/59 833/285/61
f 827/280/60 828/281/58 835/288/57 834/287/59
f 828/281/58 829/282/56 836/289/55 835/288/57
f 829/282/56 830/283/53 837/290/52 836/289/55
f 830/283/53 831/284/54 838/291/51 837/290/52
f 617/238/469 665/236/116 790/243/98 672/292/114
f 665/236/116 664/235/117 791/244/97 790/243/98
f 664/235/117 663/234/118 792/247/96 791/244/97
f 663/234/118 662/233/43 793/249/95 792/247/96
f 662/233/43 661/232/119 794/251/94 793/249/95
f 661/232/119 660/231/120 795/253/92 794/251/94
f 660/231/120 659/230/121 796/255/93 795/253/92
f 659/230/121 618/229/468 673/293/470 796/255/93
f 796/255/93 673/293/470 674/294/124 803/256/86
f 803/256/86 674/294/124 675/295/125 810/263/79
f 810/263/79 675/295/125 676/296/126 817/270/73
f 817/270/73 676/296/126 677/297/127 824/277/66
f 824/277/66 677/297/127 678/298/128 831/284/54
f 831/284/54 678/298/128 679/299/101 838/291/51
f 838/291/51 679/299/101 616/300/471 680/301/100
f 837/290/52 838/291/51 680/301/100 681/302/102
f 836/289/55 837/290/52 681/302/102 682/303/103
f 835/288/57 836/289/55 682/303/103 683/304/31
f 834/287/59 835/288/57 683/304/31 684/305/104
f 833/285/61 834/287/59 684/305/104 685/306/105
f 832/286/63 833/285/61 685/306/105 686/307/106
f 666/308/108 832/286/63 686/307/106 615/309/472
f 667/310/109 825/279/64 832/286/63 666/308/108
f 668/311/110 818/272/71 825/279/64 667/310/109
f 669/312/111 811/265/77 818/272/71 668/311/110
f 670/313/112 804/258/84 811/265/77 669/312/111
f 671/314/113 797/246/91 804/258/84 670/313/112
f 672/292/114 790/243/98 797/246/91 671/314/113
f 839/315/302 840/316/301 847/317/293 846/318/295
f 840/316/301 841/319/300 848/320/291 847/317/293
f 841/319/300 842/321/299 849/322/289 848/320/291
f 842/321/299 843/323/298 850/324/287 849/322/289
f 843/323/298 844/325/296 851/326/284 850/324/287
f 844/325/296 845/327/297 852/328/285 851/326/284
f 846/318/295 847/317/293 854/329/292 853/330/294
f 847/317/293 848/320/291 855/331/290 854/329/292
f 848/320/291 849/322/289 856/332/288 855/331/290
f 849/322/289 850/324/287 857/333/286 856/332/288
f 850/324/287 851/326/284 858/334/283 857/333/286
f 851/326/284 852/328/285 859/335/282 858/334/283
f 860/336/281 861/337/280 868/338/272 867/339/274
f 861/337/280 862/340/279 869/341/270 868/338/272
f 862/340/279 863/342/278 870/343/268 869/341/270
f 863/342/278 864/344/277 871/345/266 870/343/268
f 864/344/277 865/346/275 872/347/263 871/345/266
f 865/346/275 866/348/276 873/349/264 872/347/263
f 867/339/274 868/338/272 875/350/271 874/351/273
f 868/338/272 869/341/270 876/352/269 875/350/271
f 869/341/270 870/343/268 877/353/267 876/352/269
f 870/343/268 871/345/266 878/354/265 877/353/267
f 871/345/266 872/347/263 879/355/262 878/354/265
f 872/347/263 873/349/264 880/356/261 879/355/262
f 615/309/472 686/307/106 839/315/302 692/357/309
f 686/307/106 685/306/105 840/316/301 839/315/302
f 685/306/105 684/305/104 841/319/300 840/316/301
f 684/305/104 683/304/31 842/321/299 841/319/300
f 683/304/31 682/303/103 843/323/298 842/321/299
f 682/303/103 681/302/102 844/325/296 843/323/298
f 681/302/102 680/301/100 845/327/297 844/325/296
f 680/301/100 616/300/471 693/358/310 845/327/297
f 845/327/297 693/358/310 694/359/311 852/328/285
f 852/328/285 694/359/311 695/360/312 859/335/282
f 866/348/276 696/361/314 697/362/313 873/349/264
f 873/349/264 697/362/313 698/363/303 880/356/261
f 880/356/261 698/363/303 612/364/464 632/365/253
f 879/355/262 880/356/261 632/365/253 631/366/252
f 878/354/265 879/355/262 631/366/252 630/367/251
f 877/353/267 878/354/265 630/367/251 629/368/19
f 876/352/269 877/353/267 629/368/19 628/369/250
f 875/350/271 876/352/269 628/369/250 627/370/249
f 874/351/273 875/350/271 627/370/249 626/371/248
f 687/372/304 874/351/273 626/371/248 611/373/463
f 688/374/305 867/339/274 874/351/273 687/372/304
f 689/375/306 860/336/281 867/339/274 688/374/305
f 691/376/308 846/318/295 853/330/294 690/377/307
f 692/357/309 839/315/302 846/318/295 691/376/308
f 881/378/357 882/379/358 888/380/359 887/381/360
f 882/379/358 883/382/361 889/383/362 888/380/359
f 884/384/363 885/385/364 891/386/365 890/387/366
f 885/385/364 886/388/367 892/389/368 891/386/365
f 887/381/360 888/380/359 894/390/369 893/391/370
f 888/380/359 889/383/362 895/392/371 894/390/369
f 890/387/366 891/386/365 897/393/372 896/394/373
f 891/386/365 892/389/368 898/395/374 897/393/372
f 893/391/370 894/390/369 900/396/375 899/397/376
f 894/390/369 895/392/371 901/398/377 900/396/375
f 896/394/373 897/393/372 903/399/378 902/400/379
f 897/393/372 898/395/374 904/401/380 903/399/378
f 899/397/376 900/396/375 906/402/381 905/403/382
f 900/396/375 901/398/377 907/404/383 906/402/381
f 902/400/379 903/399/378 909/405/384 908/406/385
f 903/399/378 904/401/380 910/407/386 909/405/384
f 905/403/382 906/402/381 912/408/387 911/409/388
f 906/402/381 907/404/383 913/410/389 912/408/387
f 908/406/385 909/405/384 915/411/390 914/412/391
f 909/405/384 910/407/386 916/413/392 915/411/390
f 911/409/388 912/408/387 918/414/393 917/415/394
f 912/408/387 913/410/389 919/416/395 918/414/393
f 914/412/391 915/411/390 921/417/396 920/418/397
f 915/411/390 916/413/392 922/419/398 921/417/396
f 613/420/467 652/421/177 881/378/357 619/422/466
f 652/421/177 651/423/176 882/379/358 881/378/357
f 651/423/176 650/424/175 883/382/361 882/379/358
f 649/425/174 648/426/173 885/385/364 884/384/363
f 648/426/173 647/427/172 886/388/367 885/385/364
f 647/427/172 617/238/469 672/292/114 886/388/367
f 886/388/367 672/292/114 671/314/113 892/389/368
f 892/389/368 671/314/113 670/313/112 898/395/374
f 898/395/374 670/313/112 669/312/111 904/401/380
f 904/401/380 669/312/111 668/311/110 910/407/386
f 910/407/386 668/311/110 667/310/109 916/413/392
f 916/413/392 667/310/109 666/308/108 922/419/398
f 922/419/398 666/308/108 615/309/472 692/428/309
f 921/417/396 922/419/398 692/428/309 691/429/308
f 920/418/397 921/417/396 691/429/308 690/430/307
f 918/414/393 919/416/395 689/431/306 688/432/305
f 917/415/394 918/414/393 688/432/305 687/433/304
f 625/434/246 917/415/394 687/433/304 611/435/463
f 624/436/245 911/409/388 917/415/394 625/434/246
f 623/437/244 905/403/382 911/409/388 624/436/245
f 622/438/243 899/397/376 905/403/382 623/437/244
f 621/439/242 893/391/370 899/397/376 622/438/243
f 620/440/241 887/381/360 893/391/370 621/439/242
f 619/422/466 881/378/357 887/381/360 620/440/241
f 923/441/315 924/442/316 930/443/317 929/444/318
f 924/442/316 925/445/319 931/446/320 930/443/317
f 926/447/321 927/448/322 933/449/323 932/450/324
f 927/448/322 928/451/325 934/452/326 933/449/323
f 929/444/318 930/443/317 936/453/327 935/454/328
f 930/443/317 931/446/320 937/455/329 936/453/327
f 932/450/324 933/449/323 939/456/330 938/457/331
f 933/449/323 934/452/326 940/458/332 939/456/330
f 935/454/328 936/453/327 942/459/333 941/460/334
f 936/453/327 937/455/329 943/461/335 942/459/333
f 938/457/331 939/456/330 945/462/336 944/463/337
f 939/456/330 940/458/332 946/464/338 945/462/336
f 941/460/334 942/459/333 948/465/339 947/466/340
f 942/459/333 943/461/335 949/467/341 948/465/339
f 944/463/337 945/462/336 951/468/342 950/469/343
f 945/462/336 946/464/338 952/470/344 951/468/342
f 947/466/340 948/465/339 954/471/345 953/472/346
f 948/465/339 949/467/341 955/473/347 954/471/345
f 950/469/343 951/468/342 957/474/348 956/475/349
f 951/468/342 952/470/344 958/476/350 957/474/348
f 953/472/346 954/471/345 960/477/351 959/478/352
f 954/471/345 955/473/347 961/479/353 960/477/351
f 956/475/349 957/474/348 963/480/354 962/481/355
f 957/474/348 958/476/350 964/482/356 963/480/354
f 618/229/468 658/483/171 923/441/315 673/293/470
f 658/483/171 657/484/189 924/442/316 923/441/315
f 657/484/189 656/485/190 925/445/319 924/442/316
f 655/486/188 654/487/187 927/448/322 926/447/321
f 654/487/187 653/488/185 928/451/325 927/448/322
f 653/488/185 614/489/465 639/490/239 928/451/325
f 928/451/325 639/490/239 638/491/260 934/452/326
f 934/452/326 638/491/260 637/492/259 940/458/332
f 940/458/332 637/492/259 636/493/258 946/464/338
f 946/464/338 636/493/258 635/494/257 952/470/344
f 952/470/344 635/494/257 634/495/256 958/476/350
f 958/476/350 634/495/256 633/496/254 964/482/356
f 964/482/356 633/496/254 612/497/464 698/498/303
f 963/480/354 964/482/356 698/498/303 697/499/313
f 962/481/355 963/480/354 697/499/313 696/500/314
f 960/477/351 961/479/353 695/501/312 694/502/311
f 959/478/352 960/477/351 694/502/311 693/503/310
f 679/299/101 959/478/352 693/503/310 616/300/471
f 678/298/128 953/472/346 959/478/352 679/299/101
f 677/297/127 947/466/340 953/472/346 678/298/128
f 676/296/126 941/460/334 947/466/340 677/297/127
f 675/295/125 935/454/328 941/460/334 676/296/126
f 674/294/124 929/444/318 935/454/328 675/295/125
f 673/293/470 923/441/315 929/444/318 674/294/124
f 974/504/412 975/505/410 976/506/409 973/507/411
f 975/505/410 977/508/408 978/509/407 976/506/409
f 977/508/408 979/510/406 980/511/405 978/509/407
f 979/510/406 981/512/404 982/513/403 980/511/405
f 981/512/404 983/514/401 984/515/400 982/513/403
f 983/514/401 985/516/402 986/517/399 984/515/400
f 968/518/415 986/517/399 985/516/402 967/519/416
f 966/520/413 974/504/412 973/507/411 965/521/414
f 988/522/430 989/523/428 990/524/427 987/525/429
f 989/523/428 991/526/426 992/527/425 990/524/427
f 991/526/426 993/528/424 994/529/423 992/527/425
f 993/528/424 995/530/422 996/531/421 994/529/423
f 995/530/422 997/532/419 998/533/418 996/531/421
f 997/532/419 999/534/420 1000/535/417 998/533/418
f 972/536/433 1000/535/417 999/534/420 971/537/434
f 970/538/431 988/522/430 987/525/429 969/539/432
f 1002/540/449 1003/541/450 1004/542/451 1001/543/452
f 1003/541/450 1005/544/453 1006/545/454 1004/542/451
f 1005/544/453 1007/546/455 1008/547/456 1006/545/454
f 1007/546/455 1009/548/457 1010/549/458 1008/547/456
f 1009/548/457 1011/550/459 1012/551/460 1010/549/458
f 1011/550/459 1013/552/461 1014/553/462 1012/551/460
f 965/554/414 1002/540/449 1001/543/452 966/555/413
f 969/556/432 1014/553/462 1013/552/461 970/557/431
f 1016/558/435 1017/559/436 1018/560/437 1015/561/438
f 1017/559/436 1019/562/439 1020/563/440 1018/560/437
f 1019/562/439 1021/564/441 1022/565/442 1020/563/440
f 1021/564/441 1023/566/443 1024/567/444 1022/565/442
f 1023/566/443 1025/568/445 1026/569/446 1024/567/444
f 1025/568/445 1027/570/447 1028/571/448 1026/569/446
f 967/572/416 1016/558/435 1015/561/438 968/573/415
f 971/574/434 1028/571/448 1027/570/447 972/575/433
f 965/554/414 649/425/174 884/384/363 1002/540/449
f 650/242/175 762/195/162 974/504/412 966/520/413
f 965/521/414 973/507/411 769/201/149 649/240/174
f 650/424/175 966/555/413 1001/543/452 883/382/361
f 967/572/416 655/486/188 926/447/321 1016/558/435
f 986/517/399 968/518/415 656/226/190 775/213/144
f 768/200/150 655/225/188 967/519/416 985/516/402
f 656/485/190 968/573/415 1015/561/438 925/445/319
f 919/416/395 1014/553/462 969/556/432 689/431/306
f 690/377/307 853/330/294 988/522/430 970/538/431
f 969/539/432 987/525/429 860/336/281 689/375/306
f 1013/552/461 920/418/397 690/430/307 970/557/431
f 961/479/353 1028/571/448 971/574/434 695/501/312
f 1000/535/417 972/536/433 696/361/314 866/348/276
f 859/335/282 695/360/312 971/537/434 999/534/420
f 1027/570/447 962/481/355 696/500/314 972/575/433
f 762/195/162 763/194/160 975/505/410 974/504/412
f 973/507/411 976/506/409 770/202/148 769/201/149
f 763/194/160 764/196/158 977/508/408 975/505/410
f 976/506/409 978/509/407 771/205/147 770/202/148
f 764/196/158 765/197/156 979/510/406 977/508/408
f 978/509/407 980/511/405 772/207/146 771/205/147
f 765/197/156 766/198/154 981/512/404 979/510/406
f 980/511/405 982/513/403 773/209/145 772/207/146
f 766/198/154 767/199/151 983/514/401 981/512/404
f 982/513/403 984/515/400 774/211/143 773/209/145
f 767/199/151 768/200/150 985/516/402 983/514/401
f 984/515/400 986/517/399 775/213/144 774/211/143
f 853/330/294 854/329/292 989/523/428 988/522/430
f 987/525/429 990/524/427 861/337/280 860/336/281
f 854/329/292 855/331/290 991/526/426 989/523/428
f 990/524/427 992/527/425 862/340/279 861/337/280
f 855/331/290 856/332/288 993/528/424 991/526/426
f 992/527/425 994/529/423 863/342/278 862/340/279
f 856/332/288 857/333/286 995/530/422 993/528/424
f 994/529/423 996/531/421 864/344/277 863/342/278
f 857/333/286 858/334/283 997/532/419 995/530/422
f 996/531/421 998/533/418 865/346/275 864/344/277
f 858/334/283 859/335/282 999/534/420 997/532/419
f 998/533/418 1000/535/417 866/348/276 865/346/275
f 1002/540/449 884/384/363 890/387/366 1003/541/450
f 883/382/361 1001/543/452 1004/542/451 889/383/362
f 1003/541/450 890/387/366 896/394/373 1005/544/453
f 889/383/362 1004/542/451 1006/545/454 895/392/371
f 1005/544/453 896/394/373 902/400/379 1007/546/455
f 895/392/371 1006/545/454 1008/547/456 901/398/377
f 1007/546/455 902/400/379 908/406/385 1009/548/457
f 901/398/377 1008/547/456 1010/549/458 907/404/383
f 1009/548/457 908/406/385 914/412/391 1011/550/459
f 907/404/383 1010/549/458 1012/551/460 913/410/389
f 1011/550/459 914/412/391 920/418/397 1013/552/461
f 913/410/389 1012/551/460 1014/553/462 919/416/395
f 1016/558/435 926/447/321 932/450/324 1017/559/436
f 925/445/319 1015/561/438 1018/560/437 931/446/320
f 1017/559/436 932/450/324 938/457/331 1019/562/439
f 931/446/320 1018/560/437 1020/563/440 937/455/329
f 1019/562/439 938/457/331 944/463/337 1021/564/441
f 937/455/329 1020/563/440 1022/565/442 943/461/335
f 1021/564/441 944/463/337 950/469/343 1023/566/443
f 943/461/335 1022/565/442 1024/567/444 949/467/341
f 1023/566/443 950/469/343 956/475/349 1025/568/445
f 949/467/341 1024/567/444 1026/569/446 955/473/347
f 1025/568/445 956/475/349 962/481/355 1027/570/447
f 955/473/347 1026/569/446 1028/571/448 961/479/353
f 1117/99/398 1118/100/396 1125/101/390 1124/102/392
f 1118/100/396 1119/103/473 1126/104/391 1125/101/390
f 1119/103/473 1120/105/474 1127/106/475 1126/104/391
f 1120/105/474 1121/107/476 1128/108/389 1127/106/475
f 1121/107/476 1122/109/393 1129/110/387 1128/108/389
f 1122/109/393 1123/111/394 1130/112/388 1129/110/387
f 1124/102/392 1125/101/390 1132/113/384 1131/114/386
f 1125/101/390 1126/104/391 1133/115/477 1132/113/384
f 1126/104/391 1127/106/475 1134/116/478 1133/115/477
f 1127/106/475 1128/108/389 1135/117/479 1134/116/478
f 1128/108/389 1129/110/387 1136/118/381 1135/117/479
f 1129/110/387 1130/112/388 1137/119/382 1136/118/381
f 1131/114/386 1132/113/384 1139/120/378 1138/121/380
f 1132/113/384 1133/115/477 1140/122/379 1139/120/378
f 1133/115/477 1134/116/478 1141/123/50 1140/122/379
f 1134/116/478 1135/117/479 1142/124/377 1141/123/50
f 1135/117/479 1136/118/381 1143/125/375 1142/124/377
f 1136/118/381 1137/119/382 1144/126/376 1143/125/375
f 1138/121/380 1139/120/378 1146/127/372 1145/128/374
f 1139/120/378 1140/122/379 1147/129/480 1146/127/372
f 1140/122/379 1141/123/50 1148/130/481 1147/129/480
f 1141/123/50 1142/124/377 1149/131/482 1148/130/481
f 1142/124/377 1143/125/375 1150/132/369 1149/131/482
f 1143/125/375 1144/126/376 1151/133/370 1150/132/369
f 1145/128/374 1146/127/372 1153/134/365 1152/135/368
f 1146/127/372 1147/129/480 1154/136/366 1153/134/365
f 1147/129/480 1148/130/481 1155/137/483 1154/136/366
f 1148/130/481 1149/131/482 1156/138/362 1155/137/483
f 1149/131/482 1150/132/369 1157/139/359 1156/138/362
f 1150/132/369 1151/133/370 1158/140/360 1157/139/359
f 1152/135/368 1153/134/365 1160/141/364 1159/142/367
f 1153/134/365 1154/136/366 1161/143/484 1160/141/364
f 1154/136/366 1155/137/483 1162/144/485 1161/143/484
f 1155/137/483 1156/138/362 1163/145/486 1162/144/485
f 1156/138/362 1157/139/359 1164/146/358 1163/145/486
f 1157/139/359 1158/140/360 1165/147/357 1164/146/358
f 1029/148/487 1044/149/309 1117/99/398 1043/150/108
f 1044/149/309 1045/151/308 1118/100/396 1117/99/398
f 1045/151/308 1046/152/307 1119/103/473 1118/100/396
f 1046/152/307 1047/153/488 1120/105/474 1119/103/473
f 1047/153/488 1048/154/306 1121/107/476 1120/105/474
f 1048/154/306 1049/155/305 1122/109/393 1121/107/476
f 1049/155/305 1050/156/304 1123/111/394 1122/109/393
f 1050/156/304 1030/157/489 1051/158/246 1123/111/394
f 1123/111/394 1051/158/246 1052/159/245 1130/112/388
f 1130/112/388 1052/159/245 1053/160/244 1137/119/382
f 1137/119/382 1053/160/244 1054/161/243 1144/126/376
f 1144/126/376 1054/161/243 1055/162/242 1151/133/370
f 1151/133/370 1055/162/242 1056/163/241 1158/140/360
f 1158/140/360 1056/163/241 1057/164/466 1165/147/357
f 1165/147/357 1057/164/466 1032/165/490 1058/166/177
f 1164/146/358 1165/147/357 1058/166/177 1059/167/176
f 1163/145/486 1164/146/358 1059/167/176 1060/168/175
f 1162/144/485 1163/145/486 1060/168/175 1061/169/491
f 1161/143/484 1162/144/485 1061/169/491 1062/170/174
f 1160/141/364 1161/143/484 1062/170/174 1063/171/173
f 1159/142/367 1160/141/364 1063/171/173 1064/172/172
f 1037/173/114 1159/142/367 1064/172/172 1031/174/492
f 1038/175/113 1152/135/368 1159/142/367 1037/173/114
f 1039/176/112 1145/128/374 1152/135/368 1038/175/113
f 1040/177/111 1138/121/380 1145/128/374 1039/176/112
f 1041/178/110 1131/114/386 1138/121/380 1040/177/111
f 1042/179/109 1124/102/392 1131/114/386 1041/178/110
f 1043/150/108 1117/99/398 1124/102/392 1042/179/109
f 1166/180/141 1167/181/142 1174/182/140 1173/183/139
f 1167/181/142 1168/184/493 1175/185/148 1174/182/140
f 1168/184/493 1169/186/494 1176/187/495 1175/185/148
f 1169/186/494 1170/188/496 1177/189/160 1176/187/495
f 1170/188/496 1171/190/163 1178/191/161 1177/189/160
f 1171/190/163 1172/192/170 1179/193/169 1178/191/161
f 1173/183/139 1174/182/140 1181/194/138 1180/195/497
f 1174/182/140 1175/185/148 1182/196/498 1181/194/138
f 1175/185/148 1176/187/495 1183/197/499 1182/196/498
f 1176/187/495 1177/189/160 1184/198/500 1183/197/499
f 1177/189/160 1178/191/161 1185/199/159 1184/198/500
f 1178/191/161 1179/193/169 1186/200/501 1185/199/159
f 1187/201/502 1188/202/134 1195/203/131 1194/204/130
f 1188/202/134 1189/205/503 1196/206/143 1195/203/131
f 1189/205/503 1190/207/504 1197/208/505 1196/206/143
f 1190/207/504 1191/209/506 1198/210/151 1197/208/505
f 1191/209/506 1192/211/155 1199/212/152 1198/210/151
f 1192/211/155 1193/213/507 1200/214/164 1199/212/152
f 1194/204/130 1195/203/131 1202/215/132 1201/216/129
f 1195/203/131 1196/206/143 1203/217/508 1202/215/132
f 1196/206/143 1197/208/505 1204/218/509 1203/217/508
f 1197/208/505 1198/210/151 1205/219/510 1204/218/509
f 1198/210/151 1199/212/152 1206/220/153 1205/219/510
f 1199/212/152 1200/214/164 1207/221/165 1206/220/153
f 1031/174/492 1064/172/172 1166/180/141 1070/222/116
f 1064/172/172 1063/171/173 1167/181/142 1166/180/141
f 1063/171/173 1062/170/174 1168/184/493 1167/181/142
f 1062/170/174 1061/169/491 1169/186/494 1168/184/493
f 1061/169/491 1060/168/175 1170/188/496 1169/186/494
f 1060/168/175 1059/167/176 1171/190/163 1170/188/496
f 1059/167/176 1058/166/177 1172/192/170 1171/190/163
f 1058/166/177 1032/165/490 1071/223/179 1172/192/170
f 1172/192/170 1071/223/179 1072/224/180 1179/193/169
f 1179/193/169 1072/224/180 1073/225/181 1186/200/501
f 1193/213/507 1074/226/182 1075/227/183 1200/214/164
f 1200/214/164 1075/227/183 1076/228/184 1207/221/165
f 1207/221/165 1076/228/184 1036/229/511 1077/230/185
f 1206/220/153 1207/221/165 1077/230/185 1078/231/187
f 1205/219/510 1206/220/153 1078/231/187 1079/232/188
f 1204/218/509 1205/219/510 1079/232/188 1080/233/512
f 1203/217/508 1204/218/509 1080/233/512 1081/234/190
f 1202/215/132 1203/217/508 1081/234/190 1082/235/189
f 1201/216/129 1202/215/132 1082/235/189 1083/236/171
f 1065/237/121 1201/216/129 1083/236/171 1035/238/513
f 1066/239/120 1194/204/130 1201/216/129 1065/237/121
f 1067/240/119 1187/201/502 1194/204/130 1066/239/120
f 1069/241/117 1173/183/139 1180/195/497 1068/242/118
f 1070/222/116 1166/180/141 1173/183/139 1069/241/117
f 1208/243/315 1209/244/316 1216/245/317 1215/246/318
f 1209/244/316 1210/247/514 1217/248/320 1216/245/317
f 1210/247/514 1211/249/515 1218/250/516 1217/248/320
f 1211/249/515 1212/251/517 1219/252/324 1218/250/516
f 1212/251/517 1213/253/322 1220/254/323 1219/252/324
f 1213/253/322 1214/255/325 1221/256/326 1220/254/323
f 1215/246/318 1216/245/317 1223/257/327 1222/258/328
f 1216/245/317 1217/248/320 1224/259/518 1223/257/327
f 1217/248/320 1218/250/516 1225/260/519 1224/259/518
f 1218/250/516 1219/252/324 1226/261/520 1225/260/519
f 1219/252/324 1220/254/323 1227/262/330 1226/261/520
f 1220/254/323 1221/256/326 1228/263/332 1227/262/330
f 1222/258/328 1223/257/327 1230/264/333 1229/265/334
f 1223/257/327 1224/259/518 1231/266/335 1230/264/333
f 1224/259/518 1225/260/519 1232/267/49 1231/266/335
f 1225/260/519 1226/261/520 1233/268/337 1232/267/49
f 1226/261/520 1227/262/330 1234/269/336 1233/268/337
f 1227/262/330 1228/263/332 1235/270/338 1234/269/336
f 1229/265/334 1230/264/333 1237/271/339 1236/272/340
f 1230/264/333 1231/266/335 1238/273/521 1237/271/339
f 1231/266/335 1232/267/49 1239/274/522 1238/273/521
f 1232/267/49 1233/268/337 1240/275/523 1239/274/522
f 1233/268/337 1234/269/336 1241/276/342 1240/275/523
f 1234/269/336 1235/270/338 1242/277/344 1241/276/342
f 1236/272/340 1237/271/339 1244/278/345 1243/279/346
f 1237/271/339 1238/273/521 1245/280/347 1244/278/345
f 1238/273/521 1239/274/522 1246/281/524 1245/280/347
f 1239/274/522 1240/275/523 1247/282/349 1246/281/524
f 1240/275/523 1241/276/342 1248/283/348 1247/282/349
f 1241/276/342 1242/277/344 1249/284/350 1248/283/348
f 1243/279/346 1244/278/345 1251/285/351 1250/286/352
f 1244/278/345 1245/280/347 1252/287/525 1251/285/351
f 1245/280/347 1246/281/524 1253/288/526 1252/287/525
f 1246/281/524 1247/282/349 1254/289/527 1253/288/526
f 1247/282/349 1248/283/348 1255/290/354 1254/289/527
f 1248/283/348 1249/284/350 1256/291/356 1255/290/354
f 1035/238/513 1083/236/171 1208/243/315 1090/292/122
f 1083/236/171 1082/235/189 1209/244/316 1208/243/315
f 1082/235/189 1081/234/190 1210/247/514 1209/244/316
f 1081/234/190 1080/233/512 1211/249/515 1210/247/514
f 1080/233/512 1079/232/188 1212/251/517 1211/249/515
f 1079/232/188 1078/231/187 1213/253/322 1212/251/517
f 1078/231/187 1077/230/185 1214/255/325 1213/253/322
f 1077/230/185 1036/229/511 1091/293/239 1214/255/325
f 1214/255/325 1091/293/239 1092/294/260 1221/256/326
f 1221/256/326 1092/294/260 1093/295/259 1228/263/332
f 1228/263/332 1093/295/259 1094/296/258 1235/270/338
f 1235/270/338 1094/296/258 1095/297/257 1242/277/344
f 1242/277/344 1095/297/257 1096/298/256 1249/284/350
f 1249/284/350 1096/298/256 1097/299/254 1256/291/356
f 1256/291/356 1097/299/254 1034/300/528 1098/301/303
f 1255/290/354 1256/291/356 1098/301/303 1099/302/313
f 1254/289/527 1255/290/354 1099/302/313 1100/303/314
f 1253/288/526 1254/289/527 1100/303/314 1101/304/529
f 1252/287/525 1253/288/526 1101/304/529 1102/305/312
f 1251/285/351 1252/287/525 1102/305/312 1103/306/311
f 1250/286/352 1251/285/351 1103/306/311 1104/307/310
f 1084/308/101 1250/286/352 1104/307/310 1033/309/530
f 1085/310/128 1243/279/346 1250/286/352 1084/308/101
f 1086/311/127 1236/272/340 1243/279/346 1085/310/128
f 1087/312/126 1229/265/334 1236/272/340 1086/311/127
f 1088/313/125 1222/258/328 1229/265/334 1087/312/126
f 1089/314/124 1215/246/318 1222/258/328 1088/313/125
f 1090/292/122 1208/243/315 1215/246/318 1089/314/124
f 1257/315/297 1258/316/285 1265/317/284 1264/318/296
f 1258/316/285 1259/319/531 1266/320/283 1265/317/284
f 1259/319/531 1260/321/532 1267/322/533 1266/320/283
f 1260/321/532 1261/323/534 1268/324/275 1267/322/533
f 1261/323/534 1262/325/264 1269/326/263 1268/324/275
f 1262/325/264 1263/327/261 1270/328/262 1269/326/263
f 1264/318/296 1265/317/284 1272/329/287 1271/330/535
f 1265/317/284 1266/320/283 1273/331/536 1272/329/287
f 1266/320/283 1267/322/533 1274/332/537 1273/331/536
f 1267/322/533 1268/324/275 1275/333/538 1274/332/537
f 1268/324/275 1269/326/263 1276/334/266 1275/333/538
f 1269/326/263 1270/328/262 1277/335/539 1276/334/266
f 1278/336/540 1279/337/291 1286/338/293 1285/339/301
f 1279/337/291 1280/340/541 1287/341/292 1286/338/293
f 1280/340/541 1281/342/542 1288/343/543 1287/341/292
f 1281/342/542 1282/344/544 1289/345/280 1288/343/543
f 1282/344/544 1283/346/270 1290/347/272 1289/345/280
f 1283/346/270 1284/348/545 1291/349/271 1290/347/272
f 1285/339/301 1286/338/293 1293/350/295 1292/351/302
f 1286/338/293 1287/341/292 1294/352/546 1293/350/295
f 1287/341/292 1288/343/543 1295/353/547 1294/352/546
f 1288/343/543 1289/345/280 1296/354/548 1295/353/547
f 1289/345/280 1290/347/272 1297/355/274 1296/354/548
f 1290/347/272 1291/349/271 1298/356/273 1297/355/274
f 1033/309/530 1104/307/310 1257/315/297 1110/357/100
f 1104/307/310 1103/306/311 1258/316/285 1257/315/297
f 1103/306/311 1102/305/312 1259/319/531 1258/316/285
f 1102/305/312 1101/304/529 1260/321/532 1259/319/531
f 1101/304/529 1100/303/314 1261/323/534 1260/321/532
f 1100/303/314 1099/302/313 1262/325/264 1261/323/534
f 1099/302/313 1098/301/303 1263/327/261 1262/325/264
f 1098/301/303 1034/300/528 1111/358/253 1263/327/261
f 1263/327/261 1111/358/253 1112/359/252 1270/328/262
f 1270/328/262 1112/359/252 1113/360/251 1277/335/539
f 1284/348/545 1114/361/250 1115/362/249 1291/349/271
f 1291/349/271 1115/362/249 1116/363/248 1298/356/273
f 1298/356/273 1116/363/248 1030/364/489 1050/365/304
f 1297/355/274 1298/356/273 1050/365/304 1049/366/305
f 1296/354/548 1297/355/274 1049/366/305 1048/367/306
f 1295/353/547 1296/354/548 1048/367/306 1047/368/488
f 1294/352/546 1295/353/547 1047/368/488 1046/369/307
f 1293/350/295 1294/352/546 1046/369/307 1045/370/308
f 1292/351/302 1293/350/295 1045/370/308 1044/371/309
f 1105/372/106 1292/351/302 1044/371/309 1029/373/487
f 1106/374/105 1285/339/301 1292/351/302 1105/372/106
f 1107/375/104 1278/336/540 1285/339/301 1106/374/105
f 1109/376/102 1264/318/296 1271/330/535 1108/377/103
f 1110/357/100 1257/315/297 1264/318/296 1109/376/102
f 1299/378/98 1300/379/97 1306/380/90 1305/381/91
f 1300/379/97 1301/382/549 1307/383/89 1306/380/90
f 1302/384/550 1303/385/92 1309/386/85 1308/387/87
f 1303/385/92 1304/388/93 1310/389/86 1309/386/85
f 1305/381/91 1306/380/90 1312/390/83 1311/391/84
f 1306/380/90 1307/383/89 1313/392/551 1312/390/83
f 1308/387/87 1309/386/85 1315/393/78 1314/394/552
f 1309/386/85 1310/389/86 1316/395/79 1315/393/78
f 1311/391/84 1312/390/83 1318/396/76 1317/397/77
f 1312/390/83 1313/392/551 1319/398/75 1318/396/76
f 1314/394/552 1315/393/78 1321/399/72 1320/400/74
f 1315/393/78 1316/395/79 1322/401/73 1321/399/72
f 1317/397/77 1318/396/76 1324/402/70 1323/403/71
f 1318/396/76 1319/398/75 1325/404/553 1324/402/70
f 1320/400/74 1321/399/72 1327/405/65 1326/406/554
f 1321/399/72 1322/401/73 1328/407/66 1327/405/65
f 1323/403/71 1324/402/70 1330/408/62 1329/409/64
f 1324/402/70 1325/404/553 1331/410/60 1330/408/62
f 1326/406/554 1327/405/65 1333/411/53 1332/412/56
f 1327/405/65 1328/407/66 1334/413/54 1333/411/53
f 1329/409/64 1330/408/62 1336/414/61 1335/415/63
f 1330/408/62 1331/410/60 1337/416/555 1336/414/61
f 1332/412/56 1333/411/53 1339/417/52 1338/418/556
f 1333/411/53 1334/413/54 1340/419/51 1339/417/52
f 1031/420/492 1070/421/116 1299/378/98 1037/422/114
f 1070/421/116 1069/423/117 1300/379/97 1299/378/98
f 1069/423/117 1068/424/118 1301/382/549 1300/379/97
f 1067/425/119 1066/426/120 1303/385/92 1302/384/550
f 1066/426/120 1065/427/121 1304/388/93 1303/385/92
f 1065/427/121 1035/238/513 1090/292/122 1304/388/93
f 1304/388/93 1090/292/122 1089/314/124 1310/389/86
f 1310/389/86 1089/314/124 1088/313/125 1316/395/79
f 1316/395/79 1088/313/125 1087/312/126 1322/401/73
f 1322/401/73 1087/312/126 1086/311/127 1328/407/66
f 1328/407/66 1086/311/127 1085/310/128 1334/413/54
f 1334/413/54 1085/310/128 1084/308/101 1340/419/51
f 1340/419/51 1084/308/101 1033/309/530 1110/428/100
f 1339/417/52 1340/419/51 1110/428/100 1109/429/102
f 1338/418/556 1339/417/52 1109/429/102 1108/430/103
f 1336/414/61 1337/416/555 1107/431/104 1106/432/105
f 1335/415/63 1336/414/61 1106/432/105 1105/433/106
f 1043/434/108 1335/415/63 1105/433/106 1029/435/487
f 1042/436/109 1329/409/64 1335/415/63 1043/434/108
f 1041/437/110 1323/403/71 1329/409/64 1042/436/109
f 1040/438/111 1317/397/77 1323/403/71 1041/437/110
f 1039/439/112 1311/391/84 1317/397/77 1040/438/111
f 1038/440/113 1305/381/91 1311/391/84 1039/439/112
f 1037/422/114 1299/378/98 1305/381/91 1038/440/113
f 1341/441/191 1342/442/192 1348/443/193 1347/444/194
f 1342/442/192 1343/445/557 1349/446/196 1348/443/193
f 1344/447/558 1345/448/201 1351/449/202 1350/450/200
f 1345/448/201 1346/451/203 1352/452/204 1351/449/202
f 1347/444/194 1348/443/193 1354/453/205 1353/454/206
f 1348/443/193 1349/446/196 1355/455/559 1354/453/205
f 1350/450/200 1351/449/202 1357/456/210 1356/457/560
f 1351/449/202 1352/452/204 1358/458/211 1357/456/210
f 1353/454/206 1354/453/205 1360/459/212 1359/460/213
f 1354/453/205 1355/455/559 1361/461/214 1360/459/212
f 1356/457/560 1357/456/210 1363/462/216 1362/463/215
f 1357/456/210 1358/458/211 1364/464/217 1363/462/216
f 1359/460/213 1360/459/212 1366/465/218 1365/466/219
f 1360/459/212 1361/461/214 1367/467/561 1366/465/218
f 1362/463/215 1363/462/216 1369/468/223 1368/469/562
f 1363/462/216 1364/464/217 1370/470/224 1369/468/223
f 1365/466/219 1366/465/218 1372/471/225 1371/472/226
f 1366/465/218 1367/467/561 1373/473/227 1372/471/225
f 1368/469/562 1369/468/223 1375/474/230 1374/475/229
f 1369/468/223 1370/470/224 1376/476/231 1375/474/230
f 1371/472/226 1372/471/225 1378/477/232 1377/478/233
f 1372/471/225 1373/473/227 1379/479/563 1378/477/232
f 1374/475/229 1375/474/230 1381/480/237 1380/481/564
f 1375/474/230 1376/476/231 1382/482/238 1381/480/237
f 1036/229/511 1076/483/184 1341/441/191 1091/293/239
f 1076/483/184 1075/484/183 1342/442/192 1341/441/191
f 1075/484/183 1074/485/182 1343/445/557 1342/442/192
f 1073/486/181 1072/487/180 1345/448/201 1344/447/558
f 1072/487/180 1071/488/179 1346/451/203 1345/448/201
f 1071/488/179 1032/489/490 1057/490/466 1346/451/203
f 1346/451/203 1057/490/466 1056/491/241 1352/452/204
f 1352/452/204 1056/491/241 1055/492/242 1358/458/211
f 1358/458/211 1055/492/242 1054/493/243 1364/464/217
f 1364/464/217 1054/493/243 1053/494/244 1370/470/224
f 1370/470/224 1053/494/244 1052/495/245 1376/476/231
f 1376/476/231 1052/495/245 1051/496/246 1382/482/238
f 1382/482/238 1051/496/246 1030/497/489 1116/498/248
f 1381/480/237 1382/482/238 1116/498/248 1115/499/249
f 1380/481/564 1381/480/237 1115/499/249 1114/500/250
f 1378/477/232 1379/479/563 1113/501/251 1112/502/252
f 1377/478/233 1378/477/232 1112/502/252 1111/503/253
f 1097/299/254 1377/478/233 1111/503/253 1034/300/528
f 1096/298/256 1371/472/226 1377/478/233 1097/299/254
f 1095/297/257 1365/466/219 1371/472/226 1096/298/256
f 1094/296/258 1359/460/213 1365/466/219 1095/297/257
f 1093/295/259 1353/454/206 1359/460/213 1094/296/258
f 1092/294/260 1347/444/194 1353/454/206 1093/295/259
f 1091/293/239 1341/441/191 1347/444/194 1092/294/260
f 1392/504/565 1393/505/566 1394/506/567 1391/507/568
f 1393/505/566 1395/508/569 1396/509/570 1394/506/567
f 1395/508/569 1397/510/571 1398/511/572 1396/509/570
f 1397/510/571 1399/512/573 1400/513/574 1398/511/572
f 1399/512/573 1401/514/575 1402/515/576 1400/513/574
f 1401/514/575 1403/516/577 1404/517/578 1402/515/576
f 1386/518/579 1404/517/578 1403/516/577 1385/519/580
f 1384/520/581 1392/504/565 1391/507/568 1383/521/582
f 1406/522/583 1407/523/584 1408/524/585 1405/525/586
f 1407/523/584 1409/526/587 1410/527/588 1408/524/585
f 1409/526/587 1411/528/589 1412/529/590 1410/527/588
f 1411/528/589 1413/530/591 1414/531/592 1412/529/590
f 1413/530/591 1415/532/593 1416/533/594 1414/531/592
f 1415/532/593 1417/534/595 1418/535/596 1416/533/594
f 1390/536/597 1418/535/596 1417/534/595 1389/537/598
f 1388/538/599 1406/522/583 1405/525/586 1387/539/600
f 1420/540/601 1421/541/602 1422/542/603 1419/543/604
f 1421/541/602 1423/544/605 1424/545/606 1422/542/603
f 1423/544/605 1425/546/607 1426/547/608 1424/545/606
f 1425/546/607 1427/548/609 1428/549/610 1426/547/608
f 1427/548/609 1429/550/611 1430/551/612 1428/549/610
f 1429/550/611 1431/552/613 1432/553/614 1430/551/612
f 1383/554/582 1420/540/601 1419/543/604 1384/555/581
f 1387/556/600 1432/553/614 1431/552/613 1388/557/599
f 1434/558/615 1435/559/616 1436/560/617 1433/561/618
f 1435/559/616 1437/562/619 1438/563/620 1436/560/617
f 1437/562/619 1439/564/621 1440/565/622 1438/563/620
f 1439/564/621 1441/566/623 1442/567/624 1440/565/622
f 1441/566/623 1443/568/625 1444/569/626 1442/567/624
f 1443/568/625 1445/570/627 1446/571/628 1444/569/626
f 1385/572/580 1434/558/615 1433/561/618 1386/573/579
f 1389/574/598 1446/571/628 1445/570/627 1390/575/597
f 1383/554/582 1067/425/119 1302/384/550 1420/540/601
f 1068/242/118 1180/195/497 1392/504/565 1384/520/581
f 1383/521/582 1391/507/568 1187/201/502 1067/240/119
f 1068/424/118 1384/555/581 1419/543/604 1301/382/549
f 1385/572/580 1073/486/181 1344/447/558 1434/558/615
f 1404/517/578 1386/518/579 1074/226/182 1193/213/507
f 1186/200/501 1073/225/181 1385/519/580 1403/516/577
f 1074/485/182 1386/573/579 1433/561/618 1343/445/557
f 1337/416/555 1432/553/614 1387/556/600 1107/431/104
f 1108/377/103 1271/330/535 1406/522/583 1388/538/599
f 1387/539/600 1405/525/586 1278/336/540 1107/375/104
f 1431/552/613 1338/418/556 1108/430/103 1388/557/599
f 1379/479/563 1446/571/628 1389/574/598 1113/501/251
f 1418/535/596 1390/536/597 1114/361/250 1284/348/545
f 1277/335/539 1113/360/251 1389/537/598 1417/534/595
f 1445/570/627 1380/481/564 1114/500/250 1390/575/597
f 1180/195/497 1181/194/138 1393/505/566 1392/504/565
f 1391/507/568 1394/506/567 1188/202/134 1187/201/502
f 1181/194/138 1182/196/498 1395/508/569 1393/505/566
f 1394/506/567 1396/509/570 1189/205/503 1188/202/134
f 1182/196/498 1183/197/499 1397/510/571 1395/508/569
f 1396/509/570 1398/511/572 1190/207/504 1189/205/503
f 1183/197/499 1184/198/500 1399/512/573 1397/510/571
f 1398/511/572 1400/513/574 1191/209/506 1190/207/504
f 1184/198/500 1185/199/159 1401/514/575 1399/512/573
f 1400/513/574 1402/515/576 1192/211/155 1191/209/506
f 1185/199/159 1186/200/501 1403/516/577 1401/514/575
f 1402/515/576 1404/517/578 1193/213/507 1192/211/155
f 1271/330/535 1272/329/287 1407/523/584 1406/522/583
f 1405/525/586 1408/524/585 1279/337/291 1278/336/540
f 1272/329/287 1273/331/536 1409/526/587 1407/523/584
f 1408/524/585 1410/527/588 1280/340/541 1279/337/291
f 1273/331/536 1274/332/537 1411/528/589 1409/526/587
f 1410/527/588 1412/529/590 1281/342/542 1280/340/541
f 1274/332/537 1275/333/538 1413/530/591 1411/528/589
f 1412/529/590 1414/531/592 1282/344/544 1281/342/542
f 1275/333/538 1276/334/266 1415/532/593 1413/530/591
f 1414/531/592 1416/533/594 1283/346/270 1282/344/544
f 1276/334/266 1277/335/539 1417/534/595 1415/532/593
f 1416/533/594 1418/535/596 1284/348/545 1283/346/270
f 1420/540/601 1302/384/550 1308/387/87 1421/541/602
f 1301/382/549 1419/543/604 1422/542/603 1307/383/89
f 1421/541/602 1308/387/87 1314/394/552 1423/544/605
f 1307/383/89 1422/542/603 1424/545/606 1313/392/551
f 1423/544/605 1314/394/552 1320/400/74 1425/546/607
f 1313/392/551 1424/545/606 1426/547/608 1319/398/75
f 1425/546/607 1320/400/74 1326/406/554 1427/548/609
f 1319/398/75 1426/547/608 1428/549/610 1325/404/553
f 1427/548/609 1326/406/554 1332/412/56 1429/550/611
f 1325/404/553 1428/549/610 1430/551/612 1331/410/60
f 1429/550/611 1332/412/56 1338/418/556 1431/552/613
f 1331/410/60 1430/551/612 1432/553/614 1337/416/555
f 1434/558/615 1344/447/558 1350/450/200 1435/559/616
f 1343/445/557 1433/561/618 1436/560/617 1349/446/196
f 1435/559/616 1350/450/200 1356/457/560 1437/562/619
f 1349/446/196 1436/560/617 1438/563/620 1355/455/559
f 1437/562/619 1356/457/560 1362/463/215 1439/564/621
f 1355/455/559 1438/563/620 1440/565/622 1361/461/214
f 1439/564/621 1362/463/215 1368/469/562 1441/566/623
f 1361/461/214 1440/565/622 1442/567/624 1367/467/561
f 1441/566/623 1368/469/562 1374/475/229 1443/568/625
f 1367/467/561 1442/567/624 1444/569/626 1373/473/227
f 1443/568/625 1374/475/229 1380/481/564 1445/570/627
f 1373/473/227 1444/569/626 1446/571/628 1379/479/563
f 1535/99/356 1536/100/354 1543/101/348 1542/102/350
f 1536/100/354 1537/103/527 1544/104/349 1543/101/348
f 1537/103/527 1538/105/526 1545/106/524 1544/104/349
f 1538/105/526 1539/107/525 1546/108/347 1545/106/524
f 1539/107/525 1540/109/351 1547/110/345 1546/108/347
f 1540/109/351 1541/111/352 1548/112/346 1547/110/345
f 1542/102/350 1543/101/348 1550/113/342 1549/114/344
f 1543/101/348 1544/104/349 1551/115/523 1550/113/342
f 1544/104/349 1545/106/524 1552/116/522 1551/115/523
f 1545/106/524 1546/108/347 1553/117/521 1552/116/522
f 1546/108/347 1547/110/345 1554/118/339 1553/117/521
f 1547/110/345 1548/112/346 1555/119/340 1554/118/339
f 1549/114/344 1550/113/342 1557/120/336 1556/121/338
f 1550/113/342 1551/115/523 1558/122/337 1557/120/336
f 1551/115/523 1552/116/522 1559/123/49 1558/122/337
f 1552/116/522 1553/117/521 1560/124/335 1559/123/49
f 1553/117/521 1554/118/339 1561/125/333 1560/124/335
f 1554/118/339 1555/119/340 1562/126/334 1561/125/333
f 1556/121/338 1557/120/336 1564/127/330 1563/128/332
f 1557/120/336 1558/122/337 1565/129/520 1564/127/330
f 1558/122/337 1559/123/49 1566/130/519 1565/129/520
f 1559/123/49 1560/124/335 1567/131/518 1566/130/519
f 1560/124/335 1561/125/333 1568/132/327 1567/131/518
f 1561/125/333 1562/126/334 1569/133/328 1568/132/327
f 1563/128/332 1564/127/330 1571/134/323 1570/135/326
f 1564/127/330 1565/129/520 1572/136/324 1571/134/323
f 1565/129/520 1566/130/519 1573/137/516 1572/136/324
f 1566/130/519 1567/131/518 1574/138/320 1573/137/516
f 1567/131/518 1568/132/327 1575/139/317 1574/138/320
f 1568/132/327 1569/133/328 1576/140/318 1575/139/317
f 1570/135/326 1571/134/323 1578/141/322 1577/142/325
f 1571/134/323 1572/136/324 1579/143/517 1578/141/322
f 1572/136/324 1573/137/516 1580/144/515 1579/143/517
f 1573/137/516 1574/138/320 1581/145/514 1580/144/515
f 1574/138/320 1575/139/317 1582/146/316 1581/145/514
f 1575/139/317 1576/140/318 1583/147/315 1582/146/316
f 1447/148/464 1462/149/303 1535/99/356 1461/150/254
f 1462/149/303 1463/151/313 1536/100/354 1535/99/356
f 1463/151/313 1464/152/314 1537/103/527 1536/100/354
f 1464/152/314 1465/153/529 1538/105/526 1537/103/527
f 1465/153/529 1466/154/312 1539/107/525 1538/105/526
f 1466/154/312 1467/155/311 1540/109/351 1539/107/525
f 1467/155/311 1468/156/310 1541/111/352 1540/109/351
f 1468/156/310 1448/157/99 1469/158/101 1541/111/352
f 1541/111/352 1469/158/101 1470/159/128 1548/112/346
f 1548/112/346 1470/159/128 1471/160/127 1555/119/340
f 1555/119/340 1471/160/127 1472/161/126 1562/126/334
f 1562/126/334 1472/161/126 1473/162/125 1569/133/328
f 1569/133/328 1473/162/125 1474/163/124 1576/140/318
f 1576/140/318 1474/163/124 1475/164/122 1583/147/315
f 1583/147/315 1475/164/122 1450/165/123 1476/166/171
f 1582/146/316 1583/147/315 1476/166/171 1477/167/189
f 1581/145/514 1582/146/316 1477/167/189 1478/168/190
f 1580/144/515 1581/145/514 1478/168/190 1479/169/512
f 1579/143/517 1580/144/515 1479/169/512 1480/170/188
f 1578/141/322 1579/143/517 1480/170/188 1481/171/187
f 1577/142/325 1578/141/322 1481/171/187 1482/172/185
f 1455/173/239 1577/142/325 1482/172/185 1449/174/186
f 1456/175/260 1570/135/326 1577/142/325 1455/173/239
f 1457/176/259 1563/128/332 1570/135/326 1456/175/260
f 1458/177/258 1556/121/338 1563/128/332 1457/176/259
f 1459/178/257 1549/114/344 1556/121/338 1458/177/258
f 1460/179/256 1542/102/350 1549/114/344 1459/178/257
f 1461/150/254 1535/99/356 1542/102/350 1460/179/256
f 1584/180/165 1585/181/153 1592/182/152 1591/183/164
f 1585/181/153 1586/184/510 1593/185/151 1592/182/152
f 1586/184/510 1587/186/509 1594/187/505 1593/185/151
f 1587/186/509 1588/188/508 1595/189/143 1594/187/505
f 1588/188/508 1589/190/132 1596/191/131 1595/189/143
f 1589/190/132 1590/192/129 1597/193/130 1596/191/131
f 1591/183/164 1592/182/152 1599/194/155 1598/195/507
f 1592/182/152 1593/185/151 1600/196/506 1599/194/155
f 1593/185/151 1594/187/505 1601/197/504 1600/196/506
f 1594/187/505 1595/189/143 1602/198/503 1601/197/504
f 1595/189/143 1596/191/131 1603/199/134 1602/198/503
f 1596/191/131 1597/193/130 1604/200/502 1603/199/134
f 1605/201/501 1606/202/159 1613/203/161 1612/204/169
f 1606/202/159 1607/205/500 1614/206/160 1613/203/161
f 1607/205/500 1608/207/499 1615/208/495 1614/206/160
f 1608/207/499 1609/209/498 1616/210/148 1615/208/495
f 1609/209/498 1610/211/138 1617/212/140 1616/210/148
f 1610/211/138 1611/213/497 1618/214/139 1617/212/140
f 1612/204/169 1613/203/161 1620/215/163 1619/216/170
f 1613/203/161 1614/206/160 1621/217/496 1620/215/163
f 1614/206/160 1615/208/495 1622/218/494 1621/217/496
f 1615/208/495 1616/210/148 1623/219/493 1622/218/494
f 1616/210/148 1617/212/140 1624/220/142 1623/219/493
f 1617/212/140 1618/214/139 1625/221/141 1624/220/142
f 1449/174/186 1482/172/185 1584/180/165 1488/222/184
f 1482/172/185 1481/171/187 1585/181/153 1584/180/165
f 1481/171/187 1480/170/188 1586/184/510 1585/181/153
f 1480/170/188 1479/169/512 1587/186/509 1586/184/510
f 1479/169/512 1478/168/190 1588/188/508 1587/186/509
f 1478/168/190 1477/167/189 1589/190/132 1588/188/508
f 1477/167/189 1476/166/171 1590/192/129 1589/190/132
f 1476/166/171 1450/165/123 1489/223/121 1590/192/129
f 1590/192/129 1489/223/121 1490/224/120 1597/193/130
f 1597/193/130 1490/224/120 1491/225/119 1604/200/502
f 1611/213/497 1492/226/118 1493/227/117 1618/214/139
f 1618/214/139 1493/227/117 1494/228/116 1625/221/141
f 1625/221/141 1494/228/116 1454/229/629 1495/230/172
f 1624/220/142 1625/221/141 1495/230/172 1496/231/173
f 1623/219/493 1624/220/142 1496/231/173 1497/232/174
f 1622/218/494 1623/219/493 1497/232/174 1498/233/491
f 1621/217/496 1622/218/494 1498/233/491 1499/234/175
f 1620/215/163 1621/217/496 1499/234/175 1500/235/176
f 1619/216/170 1620/215/163 1500/235/176 1501/236/177
f 1483/237/179 1619/216/170 1501/236/177 1453/238/630
f 1484/239/180 1612/204/169 1619/216/170 1483/237/179
f 1485/240/181 1605/201/501 1612/204/169 1484/239/180
f 1487/241/183 1591/183/164 1598/195/507 1486/242/182
f 1488/222/184 1584/180/165 1591/183/164 1487/241/183
f 1626/243/357 1627/244/358 1634/245/359 1633/246/360
f 1627/244/358 1628/247/486 1635/248/362 1634/245/359
f 1628/247/486 1629/249/485 1636/250/483 1635/248/362
f 1629/249/485 1630/251/484 1637/252/366 1636/250/483
f 1630/251/484 1631/253/364 1638/254/365 1637/252/366
f 1631/253/364 1632/255/367 1639/256/368 1638/254/365
f 1633/246/360 1634/245/359 1641/257/369 1640/258/370
f 1634/245/359 1635/248/362 1642/259/482 1641/257/369
f 1635/248/362 1636/250/483 1643/260/481 1642/259/482
f 1636/250/483 1637/252/366 1644/261/480 1643/260/481
f 1637/252/366 1638/254/365 1645/262/372 1644/261/480
f 1638/254/365 1639/256/368 1646/263/374 1645/262/372
f 1640/258/370 1641/257/369 1648/264/375 1647/265/376
f 1641/257/369 1642/259/482 1649/266/377 1648/264/375
f 1642/259/482 1643/260/481 1650/267/50 1649/266/377
f 1643/260/481 1644/261/480 1651/268/379 1650/267/50
f 1644/261/480 1645/262/372 1652/269/378 1651/268/379
f 1645/262/372 1646/263/374 1653/270/380 1652/269/378
f 1647/265/376 1648/264/375 1655/271/381 1654/272/382
f 1648/264/375 1649/266/377 1656/273/479 1655/271/381
f 1649/266/377 1650/267/50 1657/274/478 1656/273/479
f 1650/267/50 1651/268/379 1658/275/477 1657/274/478
f 1651/268/379 1652/269/378 1659/276/384 1658/275/477
f 1652/269/378 1653/270/380 1660/277/386 1659/276/384
f 1654/272/382 1655/271/381 1662/278/387 1661/279/388
f 1655/271/381 1656/273/479 1663/280/389 1662/278/387
f 1656/273/479 1657/274/478 1664/281/475 1663/280/389
f 1657/274/478 1658/275/477 1665/282/391 1664/281/475
f 1658/275/477 1659/276/384 1666/283/390 1665/282/391
f 1659/276/384 1660/277/386 1667/284/392 1666/283/390
f 1661/279/388 1662/278/387 1669/285/393 1668/286/394
f 1662/278/387 1663/280/389 1670/287/476 1669/285/393
f 1663/280/389 1664/281/475 1671/288/474 1670/287/476
f 1664/281/475 1665/282/391 1672/289/473 1671/288/474
f 1665/282/391 1666/283/390 1673/290/396 1672/289/473
f 1666/283/390 1667/284/392 1674/291/398 1673/290/396
f 1453/238/630 1501/236/177 1626/243/357 1508/292/466
f 1501/236/177 1500/235/176 1627/244/358 1626/243/357
f 1500/235/176 1499/234/175 1628/247/486 1627/244/358
f 1499/234/175 1498/233/491 1629/249/485 1628/247/486
f 1498/233/491 1497/232/174 1630/251/484 1629/249/485
f 1497/232/174 1496/231/173 1631/253/364 1630/251/484
f 1496/231/173 1495/230/172 1632/255/367 1631/253/364
f 1495/230/172 1454/229/629 1509/293/114 1632/255/367
f 1632/255/367 1509/293/114 1510/294/113 1639/256/368
f 1639/256/368 1510/294/113 1511/295/112 1646/263/374
f 1646/263/374 1511/295/112 1512/296/111 1653/270/380
f 1653/270/380 1512/296/111 1513/297/110 1660/277/386
f 1660/277/386 1513/297/110 1514/298/109 1667/284/392
f 1667/284/392 1514/298/109 1515/299/108 1674/291/398
f 1674/291/398 1515/299/108 1452/300/631 1516/301/309
f 1673/290/396 1674/291/398 1516/301/309 1517/302/308
f 1672/289/473 1673/290/396 1517/302/308 1518/303/307
f 1671/288/474 1672/289/473 1518/303/307 1519/304/488
f 1670/287/476 1671/288/474 1519/304/488 1520/305/306
f 1669/285/393 1670/287/476 1520/305/306 1521/306/305
f 1668/286/394 1669/285/393 1521/306/305 1522/307/304
f 1502/308/246 1668/286/394 1522/307/304 1451/309/632
f 1503/310/245 1661/279/388 1668/286/394 1502/308/246
f 1504/311/244 1654/272/382 1661/279/388 1503/310/245
f 1505/312/243 1647/265/376 1654/272/382 1504/311/244
f 1506/313/242 1640/258/370 1647/265/376 1505/312/243
f 1507/314/241 1633/246/360 1640/258/370 1506/313/242
f 1508/292/466 1626/243/357 1633/246/360 1507/314/241
f 1675/315/273 1676/316/274 1683/317/272 1682/318/271
f 1676/316/274 1677/319/548 1684/320/280 1683/317/272
f 1677/319/548 1678/321/547 1685/322/543 1684/320/280
f 1678/321/547 1679/323/546 1686/324/292 1685/322/543
f 1679/323/546 1680/325/295 1687/326/293 1686/324/292
f 1680/325/295 1681/327/302 1688/328/301 1687/326/293
f 1682/318/271 1683/317/272 1690/329/270 1689/330/545
f 1683/317/272 1684/320/280 1691/331/544 1690/329/270
f 1684/320/280 1685/322/543 1692/332/542 1691/331/544
f 1685/322/543 1686/324/292 1693/333/541 1692/332/542
f 1686/324/292 1687/326/293 1694/334/291 1693/333/541
f 1687/326/293 1688/328/301 1695/335/540 1694/334/291
f 1696/336/539 1697/337/266 1704/338/263 1703/339/262
f 1697/337/266 1698/340/538 1705/341/275 1704/338/263
f 1698/340/538 1699/342/537 1706/343/533 1705/341/275
f 1699/342/537 1700/344/536 1707/345/283 1706/343/533
f 1700/344/536 1701/346/287 1708/347/284 1707/345/283
f 1701/346/287 1702/348/535 1709/349/296 1708/347/284
f 1703/339/262 1704/338/263 1711/350/264 1710/351/261
f 1704/338/263 1705/341/275 1712/352/534 1711/350/264
f 1705/341/275 1706/343/533 1713/353/532 1712/352/534
f 1706/343/533 1707/345/283 1714/354/531 1713/353/532
f 1707/345/283 1708/347/284 1715/355/285 1714/354/531
f 1708/347/284 1709/349/296 1716/356/297 1715/355/285
f 1451/309/632 1522/307/304 1675/315/273 1528/357/248
f 1522/307/304 1521/306/305 1676/316/274 1675/315/273
f 1521/306/305 1520/305/306 1677/319/548 1676/316/274
f 1520/305/306 1519/304/488 1678/321/547 1677/319/548
f 1519/304/488 1518/303/307 1679/323/546 1678/321/547
f 1518/303/307 1517/302/308 1680/325/295 1679/323/546
f 1517/302/308 1516/301/309 1681/327/302 1680/325/295
f 1516/301/309 1452/300/631 1529/358/106 1681/327/302
f 1681/327/302 1529/358/106 1530/359/105 1688/328/301
f 1688/328/301 1530/359/105 1531/360/104 1695/335/540
f 1702/348/535 1532/361/103 1533/362/102 1709/349/296
f 1709/349/296 1533/362/102 1534/363/100 1716/356/297
f 1716/356/297 1534/363/100 1448/364/99 1468/365/310
f 1715/355/285 1716/356/297 1468/365/310 1467/366/311
f 1714/354/531 1715/355/285 1467/366/311 1466/367/312
f 1713/353/532 1714/354/531 1466/367/312 1465/368/529
f 1712/352/534 1713/353/532 1465/368/529 1464/369/314
f 1711/350/264 1712/352/534 1464/369/314 1463/370/313
f 1710/351/261 1711/350/264 1463/370/313 1462/371/303
f 1523/372/253 1710/351/261 1462/371/303 1447/373/464
f 1524/374/252 1703/339/262 1710/351/261 1523/372/253
f 1525/375/251 1696/336/539 1703/339/262 1524/374/252
f 1527/376/249 1682/318/271 1689/330/545 1526/377/250
f 1528/357/248 1675/315/273 1682/318/271 1527/376/249
f 1717/378/191 1718/379/192 1724/380/193 1723/381/194
f 1718/379/192 1719/382/557 1725/383/196 1724/380/193
f 1720/384/558 1721/385/201 1727/386/202 1726/387/200
f 1721/385/201 1722/388/203 1728/389/204 1727/386/202
f 1723/381/194 1724/380/193 1730/390/205 1729/391/206
f 1724/380/193 1725/383/196 1731/392/559 1730/390/205
f 1726/387/200 1727/386/202 1733/393/210 1732/394/560
f 1727/386/202 1728/389/204 1734/395/211 1733/393/210
f 1729/391/206 1730/390/205 1736/396/212 1735/397/213
f 1730/390/205 1731/392/559 1737/398/214 1736/396/212
f 1732/394/560 1733/393/210 1739/399/216 1738/400/215
f 1733/393/210 1734/395/211 1740/401/217 1739/399/216
f 1735/397/213 1736/396/212 1742/402/218 1741/403/219
f 1736/396/212 1737/398/214 1743/404/561 1742/402/218
f 1738/400/215 1739/399/216 1745/405/223 1744/406/562
f 1739/399/216 1740/401/217 1746/407/224 1745/405/223
f 1741/403/219 1742/402/218 1748/408/225 1747/409/226
f 1742/402/218 1743/404/561 1749/410/227 1748/408/225
f 1744/406/562 1745/405/223 1751/411/230 1750/412/229
f 1745/405/223 1746/407/224 1752/413/231 1751/411/230
f 1747/409/226 1748/408/225 1754/414/232 1753/415/233
f 1748/408/225 1749/410/227 1755/416/563 1754/414/232
f 1750/412/229 1751/411/230 1757/417/237 1756/418/564
f 1751/411/230 1752/413/231 1758/419/238 1757/417/237
f 1449/420/186 1488/421/184 1717/378/191 1455/422/239
f 1488/421/184 1487/423/183 1718/379/192 1717/378/191
f 1487/423/183 1486/424/182 1719/382/557 1718/379/192
f 1485/425/181 1484/426/180 1721/385/201 1720/384/558
f 1484/426/180 1483/427/179 1722/388/203 1721/385/201
f 1483/427/179 1453/238/630 1508/292/466 1722/388/203
f 1722/388/203 1508/292/466 1507/314/241 1728/389/204
f 1728/389/204 1507/314/241 1506/313/242 1734/395/211
f 1734/395/211 1506/313/242 1505/312/243 1740/401/217
f 1740/401/217 1505/312/243 1504/311/244 1746/407/224
f 1746/407/224 1504/311/244 1503/310/245 1752/413/231
f 1752/413/231 1503/310/245 1502/308/246 1758/419/238
f 1758/419/238 1502/308/246 1451/309/632 1528/428/248
f 1757/417/237 1758/419/238 1528/428/248 1527/429/249
f 1756/418/564 1757/417/237 1527/429/249 1526/430/250
f 1754/414/232 1755/416/563 1525/431/251 1524/432/252
f 1753/415/233 1754/414/232 1524/432/252 1523/433/253
f 1461/434/254 1753/415/233 1523/433/253 1447/435/464
f 1460/436/256 1747/409/226 1753/415/233 1461/434/254
f 1459/437/257 1741/403/219 1747/409/226 1460/436/256
f 1458/438/258 1735/397/213 1741/403/219 1459/437/257
f 1457/439/259 1729/391/206 1735/397/213 1458/438/258
f 1456/440/260 1723/381/194 1729/391/206 1457/439/259
f 1455/422/239 1717/378/191 1723/381/194 1456/440/260
f 1759/441/98 1760/442/97 1766/443/90 1765/444/91
f 1760/442/97 1761/445/549 1767/446/89 1766/443/90
f 1762/447/550 1763/448/92 1769/449/85 1768/450/87
f 1763/448/92 1764/451/93 1770/452/86 1769/449/85
f 1765/444/91 1766/443/90 1772/453/83 1771/454/84
f 1766/443/90 1767/446/89 1773/455/551 1772/453/83
f 1768/450/87 1769/449/85 1775/456/78 1774/457/552
f 1769/449/85 1770/452/86 1776/458/79 1775/456/78
f 1771/454/84 1772/453/83 1778/459/76 1777/460/77
f 1772/453/83 1773/455/551 1779/461/75 1778/459/76
f 1774/457/552 1775/456/78 1781/462/72 1780/463/74
f 1775/456/78 1776/458/79 1782/464/73 1781/462/72
f 1777/460/77 1778/459/76 1784/465/70 1783/466/71
f 1778/459/76 1779/461/75 1785/467/553 1784/465/70
f 1780/463/74 1781/462/72 1787/468/65 1786/469/554
f 1781/462/72 1782/464/73 1788/470/66 1787/468/65
f 1783/466/71 1784/465/70 1790/471/62 1789/472/64
f 1784/465/70 1785/467/553 1791/473/60 1790/471/62
f 1786/469/554 1787/468/65 1793/474/53 1792/475/56
f 1787/468/65 1788/470/66 1794/476/54 1793/474/53
f 1789/472/64 1790/471/62 1796/477/61 1795/478/63
f 1790/471/62 1791/473/60 1797/479/555 1796/477/61
f 1792/475/56 1793/474/53 1799/480/52 1798/481/556
f 1793/474/53 1794/476/54 1800/482/51 1799/480/52
f 1454/229/629 1494/483/116 1759/441/98 1509/293/114
f 1494/483/116 1493/484/117 1760/442/97 1759/441/98
f 1493/484/117 1492/485/118 1761/445/549 1760/442/97
f 1491/486/119 1490/487/120 1763/448/92 1762/447/550
f 1490/487/120 1489/488/121 1764/451/93 1763/448/92
f 1489/488/121 1450/489/123 1475/490/122 1764/451/93
f 1764/451/93 1475/490/122 1474/491/124 1770/452/86
f 1770/452/86 1474/491/124 1473/492/125 1776/458/79
f 1776/458/79 1473/492/125 1472/493/126 1782/464/73
f 1782/464/73 1472/493/126 1471/494/127 1788/470/66
f 1788/470/66 1471/494/127 1470/495/128 1794/476/54
f 1794/476/54 1470/495/128 1469/496/101 1800/482/51
f 1800/482/51 1469/496/101 1448/497/99 1534/498/100
f 1799/480/52 1800/482/51 1534/498/100 1533/499/102
f 1798/481/556 1799/480/52 1533/499/102 1532/500/103
f 1796/477/61 1797/479/555 1531/501/104 1530/502/105
f 1795/478/63 1796/477/61 1530/502/105 1529/503/106
f 1515/299/108 1795/478/63 1529/503/106 1452/300/631
f 1514/298/109 1789/472/64 1795/478/63 1515/299/108
f 1513/297/110 1783/466/71 1789/472/64 1514/298/109
f 1512/296/111 1777/460/77 1783/466/71 1513/297/110
f 1511/295/112 1771/454/84 1777/460/77 1512/296/111
f 1510/294/113 1765/444/91 1771/454/84 1511/295/112
f 1509/293/114 1759/441/98 1765/444/91 1510/294/113
f 1810/504/578 1811/505/576 1812/506/575 1809/507/577
f 1811/505/576 1813/508/574 1814/509/573 1812/506/575
f 1813/508/574 1815/510/572 1816/511/571 1814/509/573
f 1815/510/572 1817/512/570 1818/513/569 1816/511/571
f 1817/512/570 1819/514/567 1820/515/566 1818/513/569
f 1819/514/567 1821/516/568 1822/517/565 1820/515/566
f 1804/518/581 1822/517/565 1821/516/568 1803/519/582
f 1802/520/579 1810/504/578 1809/507/577 1801/521/580
f 1824/522/596 1825/523/594 1826/524/593 1823/525/595
f 1825/523/594 1827/526/592 1828/527/591 1826/524/593
f 1827/526/592 1829/528/590 1830/529/589 1828/527/591
f 1829/528/590 1831/530/588 1832/531/587 1830/529/589
f 1831/530/588 1833/532/585 1834/533/584 1832/531/587
f 1833/532/585 1835/534/586 1836/535/583 1834/533/584
f 1808/536/599 1836/535/583 1835/534/586 1807/537/600
f 1806/538/597 1824/522/596 1823/525/595 1805/539/598
f 1838/540/615 1839/541/616 1840/542/617 1837/543/618
f 1839/541/616 1841/544/619 1842/545/620 1840/542/617
f 1841/544/619 1843/546/621 1844/547/622 1842/545/620
f 1843/546/621 1845/548/623 1846/549/624 1844/547/622
f 1845/548/623 1847/550/625 1848/551/626 1846/549/624
f 1847/550/625 1849/552/627 1850/553/628 1848/551/626
f 1801/554/580 1838/540/615 1837/543/618 1802/555/579
f 1805/556/598 1850/553/628 1849/552/627 1806/557/597
f 1852/558/601 1853/559/602 1854/560/603 1851/561/604
f 1853/559/602 1855/562/605 1856/563/606 1854/560/603
f 1855/562/605 1857/564/607 1858/565/608 1856/563/606
f 1857/564/607 1859/566/609 1860/567/610 1858/565/608
f 1859/566/609 1861/568/611 1862/569/612 1860/567/610
f 1861/568/611 1863/570/613 1864/571/614 1862/569/612
f 1803/572/582 1852/558/601 1851/561/604 1804/573/581
f 1807/574/600 1864/571/614 1863/570/613 1808/575/599
f 1801/554/580 1485/425/181 1720/384/558 1838/540/615
f 1486/242/182 1598/195/507 1810/504/578 1802/520/579
f 1801/521/580 1809/507/577 1605/201/501 1485/240/181
f 1486/424/182 1802/555/579 1837/543/618 1719/382/557
f 1803/572/582 1491/486/119 1762/447/550 1852/558/601
f 1822/517/565 1804/518/581 1492/226/118 1611/213/497
f 1604/200/502 1491/225/119 1803/519/582 1821/516/568
f 1492/485/118 1804/573/581 1851/561/604 1761/445/549
f 1755/416/563 1850/553/628 1805/556/598 1525/431/251
f 1526/377/250 1689/330/545 1824/522/596 1806/538/597
f 1805/539/598 1823/525/595 1696/336/539 1525/375/251
f 1849/552/627 1756/418/564 1526/430/250 1806/557/597
f 1797/479/555 1864/571/614 1807/574/600 1531/501/104
f 1836/535/583 1808/536/599 1532/361/103 1702/348/535
f 1695/335/540 1531/360/104 1807/537/600 1835/534/586
f 1863/570/613 1798/481/556 1532/500/103 1808/575/599
f 1598/195/507 1599/194/155 1811/505/576 1810/504/578
f 1809/507/577 1812/506/575 1606/202/159 1605/201/501
f 1599/194/155 1600/196/506 1813/508/574 1811/505/576
f 1812/506/575 1814/509/573 1607/205/500 1606/202/159
f 1600/196/506 1601/197/504 1815/510/572 1813/508/574
f 1814/509/573 1816/511/571 1608/207/499 1607/205/500
f 1601/197/504 1602/198/503 1817/512/570 1815/510/572
f 1816/511/571 1818/513/569 1609/209/498 1608/207/499
f 1602/198/503 1603/199/134 1819/514/567 1817/512/570
f 1818/513/569 1820/515/566 1610/211/138 1609/209/498
f 1603/199/134 1604/200/502 1821/516/568 1819/514/567
f 1820/515/566 1822/517/565 1611/213/497 1610/211/138
f 1689/330/545 1690/329/270 1825/523/594 1824/522/596
f 1823/525/595 1826/524/593 1697/337/266 1696/336/539
f 1690/329/270 1691/331/544 1827/526/592 1825/523/594
f 1826/524/593 1828/527/591 1698/340/538 1697/337/266
f 1691/331/544 1692/332/542 1829/528/590 1827/526/592
f 1828/527/591 1830/529/589 1699/342/537 1698/340/538
f 1692/332/542 1693/333/541 1831/530/588 1829/528/590
f 1830/529/589 1832/531/587 1700/344/536 1699/342/537
f 1693/333/541 1694/334/291 1833/532/585 1831/530/588
f 1832/531/587 1834/533/584 1701/346/287 1700/344/536
f 1694/334/291 1695/335/540 1835/534/586 1833/532/585
f 1834/533/584 1836/535/583 1702/348/535 1701/346/287
f 1838/540/615 1720/384/558 1726/387/200 1839/541/616
f 1719/382/557 1837/543/618 1840/542/617 1725/383/196
f 1839/541/616 1726/387/200 1732/394/560 1841/544/619
f 1725/383/196 1840/542/617 1842/545/620 1731/392/559
f 1841/544/619 1732/394/560 1738/400/215 1843/546/621
f 1731/392/559 1842/545/620 1844/547/622 1737/398/214
f 1843/546/621 1738/400/215 1744/406/562 1845/548/623
f 1737/398/214 1844/547/622 1846/549/624 1743/404/561
f 1845/548/623 1744/406/562 1750/412/229 1847/550/625
f 1743/404/561 1846/549/624 1848/551/626 1749/410/227
f 1847/550/625 1750/412/229 1756/418/564 1849/552/627
f 1749/410/227 1848/551/626 1850/553/628 1755/416/563
f 1852/558/601 1762/447/550 1768/450/87 1853/559/602
f 1761/445/549 1851/561/604 1854/560/603 1767/446/89
f 1853/559/602 1768/450/87 1774/457/552 1855/562/605
f 1767/446/89 1854/560/603 1856/563/606 1773/455/551
f 1855/562/605 1774/457/552 1780/463/74 1857/564/607
f 1773/455/551 1856/563/606 1858/565/608 1779/461/75
f 1857/564/607 1780/463/74 1786/469/554 1859/566/609
f 1779/461/75 1858/565/608 1860/567/610 1785/467/553
f 1859/566/609 1786/469/554 1792/475/56 1861/568/611
f 1785/467/553 1860/567/610 1862/569/612 1791/473/60
f 1861/568/611 1792/475/56 1798/481/556 1863/570/613
f 1791/473/60 1862/569/612 1864/571/614 1797/479/555
f 1953/99/261 1954/100/262 1961/101/263 1960/102/264
f 1954/100/262 1955/103/265 1962/104/266 1961/101/263
f 1955/103/265 1956/105/267 1963/106/268 1962/104/266
f 1956/105/267 1957/107/269 1964/108/270 1963/106/268
f 1957/107/269 1958/109/271 1965/110/272 1964/108/270
f 1958/109/271 1959/111/273 1966/112/274 1965/110/272
f 1960/102/264 1961/101/263 1968/113/275 1967/114/534
f 1961/101/263 1962/104/266 1969/115/633 1968/113/275
f 1962/104/266 1963/106/268 1970/116/278 1969/115/633
f 1963/106/268 1964/108/270 1971/117/634 1970/116/278
f 1964/108/270 1965/110/272 1972/118/280 1971/117/634
f 1965/110/272 1966/112/274 1973/119/548 1972/118/280
f 1967/114/534 1968/113/275 1975/120/533 1974/121/532
f 1968/113/275 1969/115/633 1976/122/537 1975/120/533
f 1969/115/633 1970/116/278 1977/123/25 1976/122/537
f 1970/116/278 1971/117/634 1978/124/542 1977/123/25
f 1971/117/634 1972/118/280 1979/125/543 1978/124/542
f 1972/118/280 1973/119/548 1980/126/547 1979/125/543
f 1974/121/532 1975/120/533 1982/127/283 1981/128/531
f 1975/120/533 1976/122/537 1983/129/635 1982/127/283
f 1976/122/537 1977/123/25 1984/130/288 1983/129/635
f 1977/123/25 1978/124/542 1985/131/636 1984/130/288
f 1978/124/542 1979/125/543 1986/132/292 1985/131/636
f 1979/125/543 1980/126/547 1987/133/546 1986/132/292
f 1981/128/531 1982/127/283 1989/134/284 1988/135/285
f 1982/127/283 1983/129/635 1990/136/287 1989/134/284
f 1983/129/635 1984/130/288 1991/137/289 1990/136/287
f 1984/130/288 1985/131/636 1992/138/291 1991/137/289
f 1985/131/636 1986/132/292 1993/139/293 1992/138/291
f 1986/132/292 1987/133/546 1994/140/295 1993/139/293
f 1988/135/285 1989/134/284 1996/141/296 1995/142/297
f 1989/134/284 1990/136/287 1997/143/298 1996/141/296
f 1990/136/287 1991/137/289 1998/144/299 1997/143/298
f 1991/137/289 1992/138/291 1999/145/300 1998/144/299
f 1992/138/291 1993/139/293 2000/146/301 1999/145/300
f 1993/139/293 1994/140/295 2001/147/302 2000/146/301
f 1865/148/255 1880/149/253 1953/99/261 1879/150/303
f 1880/149/253 1881/151/252 1954/100/262 1953/99/261
f 1881/151/252 1882/152/251 1955/103/265 1954/100/262
f 1882/152/251 1883/153/19 1956/105/267 1955/103/265
f 1883/153/19 1884/154/250 1957/107/269 1956/105/267
f 1884/154/250 1885/155/249 1958/109/271 1957/107/269
f 1885/155/249 1886/156/248 1959/111/273 1958/109/271
f 1886/156/248 1866/157/463 1887/158/304 1959/111/273
f 1959/111/273 1887/158/304 1888/159/305 1966/112/274
f 1966/112/274 1888/159/305 1889/160/306 1973/119/548
f 1973/119/548 1889/160/306 1890/161/488 1980/126/547
f 1980/126/547 1890/161/488 1891/162/307 1987/133/546
f 1987/133/546 1891/162/307 1892/163/308 1994/140/295
f 1994/140/295 1892/163/308 1893/164/309 2001/147/302
f 2001/147/302 1893/164/309 1868/165/107 1894/166/106
f 2000/146/301 2001/147/302 1894/166/106 1895/167/105
f 1999/145/300 2000/146/301 1895/167/105 1896/168/104
f 1998/144/299 1999/145/300 1896/168/104 1897/169/31
f 1997/143/298 1998/144/299 1897/169/31 1898/170/103
f 1996/141/296 1997/143/298 1898/170/103 1899/171/102
f 1995/142/297 1996/141/296 1899/171/102 1900/172/100
f 1873/173/310 1995/142/297 1900/172/100 1867/174/637
f 1874/175/311 1988/135/285 1995/142/297 1873/173/310
f 1875/176/312 1981/128/531 1988/135/285 1874/175/311
f 1876/177/529 1974/121/532 1981/128/531 1875/176/312
f 1877/178/314 1967/114/534 1974/121/532 1876/177/529
f 1878/179/313 1960/102/264 1967/114/534 1877/178/314
f 1879/150/303 1953/99/261 1960/102/264 1878/179/313
f 2002/180/51 2003/181/52 2010/182/53 2009/183/54
f 2003/181/52 2004/184/55 2011/185/56 2010/182/53
f 2004/184/55 2005/186/57 2012/187/58 2011/185/56
f 2005/186/57 2006/188/59 2013/189/60 2012/187/58
f 2006/188/59 2007/190/61 2014/191/62 2013/189/60
f 2007/190/61 2008/192/63 2015/193/64 2014/191/62
f 2009/183/54 2010/182/53 2017/194/65 2016/195/638
f 2010/182/53 2011/185/56 2018/196/639 2017/194/65
f 2011/185/56 2012/187/58 2019/197/68 2018/196/639
f 2012/187/58 2013/189/60 2020/198/640 2019/197/68
f 2013/189/60 2014/191/62 2021/199/70 2020/198/640
f 2014/191/62 2015/193/64 2022/200/641 2021/199/70
f 2023/201/642 2024/202/78 2031/203/85 2030/204/86
f 2024/202/78 2025/205/643 2032/206/87 2031/203/85
f 2025/205/643 2026/207/81 2033/208/88 2032/206/87
f 2026/207/81 2027/209/644 2034/210/89 2033/208/88
f 2027/209/644 2028/211/83 2035/212/90 2034/210/89
f 2028/211/83 2029/213/645 2036/214/91 2035/212/90
f 2030/204/86 2031/203/85 2038/215/92 2037/216/93
f 2031/203/85 2032/206/87 2039/217/94 2038/215/92
f 2032/206/87 2033/208/88 2040/218/95 2039/217/94
f 2033/208/88 2034/210/89 2041/219/96 2040/218/95
f 2034/210/89 2035/212/90 2042/220/97 2041/219/96
f 2035/212/90 2036/214/91 2043/221/98 2042/220/97
f 1867/174/637 1900/172/100 2002/180/51 1906/222/101
f 1900/172/100 1899/171/102 2003/181/52 2002/180/51
f 1899/171/102 1898/170/103 2004/184/55 2003/181/52
f 1898/170/103 1897/169/31 2005/186/57 2004/184/55
f 1897/169/31 1896/168/104 2006/188/59 2005/186/57
f 1896/168/104 1895/167/105 2007/190/61 2006/188/59
f 1895/167/105 1894/166/106 2008/192/63 2007/190/61
f 1894/166/106 1868/165/107 1907/223/108 2008/192/63
f 2008/192/63 1907/223/108 1908/224/109 2015/193/64
f 2015/193/64 1908/224/109 1909/225/110 2022/200/641
f 2029/213/645 1910/226/112 1911/227/113 2036/214/91
f 2036/214/91 1911/227/113 1912/228/114 2043/221/98
f 2043/221/98 1912/228/114 1872/229/492 1913/230/116
f 2042/220/97 2043/221/98 1913/230/116 1914/231/117
f 2041/219/96 2042/220/97 1914/231/117 1915/232/118
f 2040/218/95 2041/219/96 1915/232/118 1916/233/43
f 2039/217/94 2040/218/95 1916/233/43 1917/234/119
f 2038/215/92 2039/217/94 1917/234/119 1918/235/120
f 2037/216/93 2038/215/92 1918/235/120 1919/236/121
f 1901/237/122 2037/216/93 1919/236/121 1871/238/646
f 1902/239/124 2030/204/86 2037/216/93 1901/237/122
f 1903/240/125 2023/201/642 2030/204/86 1902/239/124
f 1905/241/128 2009/183/54 2016/195/638 1904/242/127
f 1906/222/101 2002/180/51 2009/183/54 1905/241/128
f 2044/243/129 2045/244/130 2052/245/131 2051/246/132
f 2045/244/130 2046/247/133 2053/248/134 2052/245/131
f 2046/247/133 2047/249/135 2054/250/136 2053/248/134
f 2047/249/135 2048/251/137 2055/252/138 2054/250/136
f 2048/251/137 2049/253/139 2056/254/140 2055/252/138
f 2049/253/139 2050/255/141 2057/256/142 2056/254/140
f 2051/246/132 2052/245/131 2059/257/143 2058/258/508
f 2052/245/131 2053/248/134 2060/259/647 2059/257/143
f 2053/248/134 2054/250/136 2061/260/146 2060/259/647
f 2054/250/136 2055/252/138 2062/261/648 2061/260/146
f 2055/252/138 2056/254/140 2063/262/148 2062/261/648
f 2056/254/140 2057/256/142 2064/263/493 2063/262/148
f 2058/258/508 2059/257/143 2066/264/505 2065/265/509
f 2059/257/143 2060/259/647 2067/266/504 2066/264/505
f 2060/259/647 2061/260/146 2068/267/3 2067/266/504
f 2061/260/146 2062/261/648 2069/268/499 2068/267/3
f 2062/261/648 2063/262/148 2070/269/495 2069/268/499
f 2063/262/148 2064/263/493 2071/270/494 2070/269/495
f 2065/265/509 2066/264/505 2073/271/151 2072/272/510
f 2066/264/505 2067/266/504 2074/273/649 2073/271/151
f 2067/266/504 2068/267/3 2075/274/156 2074/273/649
f 2068/267/3 2069/268/499 2076/275/650 2075/274/156
f 2069/268/499 2070/269/495 2077/276/160 2076/275/650
f 2070/269/495 2071/270/494 2078/277/496 2077/276/160
f 2072/272/510 2073/271/151 2080/278/152 2079/279/153
f 2073/271/151 2074/273/649 2081/280/155 2080/278/152
f 2074/273/649 2075/274/156 2082/281/157 2081/280/155
f 2075/274/156 2076/275/650 2083/282/159 2082/281/157
f 2076/275/650 2077/276/160 2084/283/161 2083/282/159
f 2077/276/160 2078/277/496 2085/284/163 2084/283/161
f 2079/279/153 2080/278/152 2087/285/164 2086/286/165
f 2080/278/152 2081/280/155 2088/287/166 2087/285/164
f 2081/280/155 2082/281/157 2089/288/167 2088/287/166
f 2082/281/157 2083/282/159 2090/289/168 2089/288/167
f 2083/282/159 2084/283/161 2091/290/169 2090/289/168
f 2084/283/161 2085/284/163 2092/291/170 2091/290/169
f 1871/238/646 1919/236/121 2044/243/129 1926/292/171
f 1919/236/121 1918/235/120 2045/244/130 2044/243/129
f 1918/235/120 1917/234/119 2046/247/133 2045/244/130
f 1917/234/119 1916/233/43 2047/249/135 2046/247/133
f 1916/233/43 1915/232/118 2048/251/137 2047/249/135
f 1915/232/118 1914/231/117 2049/253/139 2048/251/137
f 1914/231/117 1913/230/116 2050/255/141 2049/253/139
f 1913/230/116 1872/229/492 1927/293/172 2050/255/141
f 2050/255/141 1927/293/172 1928/294/173 2057/256/142
f 2057/256/142 1928/294/173 1929/295/174 2064/263/493
f 2064/263/493 1929/295/174 1930/296/491 2071/270/494
f 2071/270/494 1930/296/491 1931/297/175 2078/277/496
f 2078/277/496 1931/297/175 1932/298/176 2085/284/163
f 2085/284/163 1932/298/176 1933/299/177 2092/291/170
f 2092/291/170 1933/299/177 1870/300/467 1934/301/179
f 2091/290/169 2092/291/170 1934/301/179 1935/302/180
f 2090/289/168 2091/290/169 1935/302/180 1936/303/181
f 2089/288/167 2090/289/168 1936/303/181 1937/304/7
f 2088/287/166 2089/288/167 1937/304/7 1938/305/182
f 2087/285/164 2088/287/166 1938/305/182 1939/306/183
f 2086/286/165 2087/285/164 1939/306/183 1940/307/184
f 1920/308/185 2086/286/165 1940/307/184 1869/309/511
f 1921/310/187 2079/279/153 2086/286/165 1920/308/185
f 1922/311/188 2072/272/510 2079/279/153 1921/310/187
f 1923/312/512 2065/265/509 2072/272/510 1922/311/188
f 1924/313/190 2058/258/508 2065/265/509 1923/312/512
f 1925/314/189 2051/246/132 2058/258/508 1924/313/190
f 1926/292/171 2044/243/129 2051/246/132 1925/314/189
f 2093/315/191 2094/316/192 2101/317/193 2100/318/194
f 2094/316/192 2095/319/195 2102/320/196 2101/317/193
f 2095/319/195 2096/321/197 2103/322/198 2102/320/196
f 2096/321/197 2097/323/199 2104/324/200 2103/322/198
f 2097/323/199 2098/325/201 2105/326/202 2104/324/200
f 2098/325/201 2099/327/203 2106/328/204 2105/326/202
f 2100/318/194 2101/317/193 2108/329/205 2107/330/651
f 2101/317/193 2102/320/196 2109/331/652 2108/329/205
f 2102/320/196 2103/322/198 2110/332/208 2109/331/652
f 2103/322/198 2104/324/200 2111/333/653 2110/332/208
f 2104/324/200 2105/326/202 2112/334/210 2111/333/653
f 2105/326/202 2106/328/204 2113/335/654 2112/334/210
f 2114/336/655 2115/337/218 2122/338/225 2121/339/226
f 2115/337/218 2116/340/656 2123/341/227 2122/338/225
f 2116/340/656 2117/342/221 2124/343/228 2123/341/227
f 2117/342/221 2118/344/657 2125/345/229 2124/343/228
f 2118/344/657 2119/346/223 2126/347/230 2125/345/229
f 2119/346/223 2120/348/658 2127/349/231 2126/347/230
f 2121/339/226 2122/338/225 2129/350/232 2128/351/233
f 2122/338/225 2123/341/227 2130/352/234 2129/350/232
f 2123/341/227 2124/343/228 2131/353/235 2130/352/234
f 2124/343/228 2125/345/229 2132/354/236 2131/353/235
f 2125/345/229 2126/347/230 2133/355/237 2132/354/236
f 2126/347/230 2127/349/231 2134/356/238 2133/355/237
f 1869/309/511 1940/307/184 2093/315/191 1946/357/659
f 1940/307/184 1939/306/183 2094/316/192 2093/315/191
f 1939/306/183 1938/305/182 2095/319/195 2094/316/192
f 1938/305/182 1937/304/7 2096/321/197 2095/319/195
f 1937/304/7 1936/303/181 2097/323/199 2096/321/197
f 1936/303/181 1935/302/180 2098/325/201 2097/323/199
f 1935/302/180 1934/301/179 2099/327/203 2098/325/201
f 1934/301/179 1870/300/467 1947/358/466 2099/327/203
f 2099/327/203 1947/358/466 1948/359/241 2106/328/204
f 2106/328/204 1948/359/241 1949/360/242 2113/335/654
f 2120/348/658 1950/361/244 1951/362/245 2127/349/231
f 2127/349/231 1951/362/245 1952/363/246 2134/356/238
f 2134/356/238 1952/363/246 1866/364/463 1886/365/248
f 2133/355/237 2134/356/238 1886/365/248 1885/366/249
f 2132/354/236 2133/355/237 1885/366/249 1884/367/250
f 2131/353/235 2132/354/236 1884/367/250 1883/368/19
f 2130/352/234 2131/353/235 1883/368/19 1882/369/251
f 2129/350/232 2130/352/234 1882/369/251 1881/370/252
f 2128/351/233 2129/350/232 1881/370/252 1880/371/253
f 1941/372/254 2128/351/233 1880/371/253 1865/373/255
f 1942/374/256 2121/339/226 2128/351/233 1941/372/254
f 1943/375/257 2114/336/655 2121/339/226 1942/374/256
f 1945/376/260 2100/318/194 2107/330/651 1944/377/259
f 1946/357/659 2093/315/191 2100/318/194 1945/376/260
f 2135/378/352 2136/379/346 2142/380/345 2141/381/351
f 2136/379/346 2137/382/660 2143/383/339 2142/380/345
f 2138/384/661 2139/385/318 2145/386/317 2144/387/327
f 2139/385/318 2140/388/315 2146/389/316 2145/386/317
f 2141/381/351 2142/380/345 2148/390/347 2147/391/525
f 2142/380/345 2143/383/339 2149/392/662 2148/390/347
f 2144/387/327 2145/386/317 2151/393/320 2150/394/663
f 2145/386/317 2146/389/316 2152/395/514 2151/393/320
f 2147/391/525 2148/390/347 2154/396/524 2153/397/526
f 2148/390/347 2149/392/662 2155/398/522 2154/396/524
f 2150/394/663 2151/393/320 2157/399/516 2156/400/519
f 2151/393/320 2152/395/514 2158/401/515 2157/399/516
f 2153/397/526 2154/396/524 2160/402/349 2159/403/527
f 2154/396/524 2155/398/522 2161/404/664 2160/402/349
f 2156/400/519 2157/399/516 2163/405/324 2162/406/665
f 2157/399/516 2158/401/515 2164/407/517 2163/405/324
f 2159/403/527 2160/402/349 2166/408/348 2165/409/354
f 2160/402/349 2161/404/664 2167/410/342 2166/408/348
f 2162/406/665 2163/405/324 2169/411/323 2168/412/330
f 2163/405/324 2164/407/517 2170/413/322 2169/411/323
f 2165/409/354 2166/408/348 2172/414/350 2171/415/356
f 2166/408/348 2167/410/342 2173/416/666 2172/414/350
f 2168/412/330 2169/411/323 2175/417/326 2174/418/667
f 2169/411/323 2170/413/322 2176/419/325 2175/417/326
f 1867/420/637 1906/421/101 2135/378/352 1873/422/310
f 1906/421/101 1905/423/128 2136/379/346 2135/378/352
f 1905/423/128 1904/424/127 2137/382/660 2136/379/346
f 1903/425/125 1902/426/124 2139/385/318 2138/384/661
f 1902/426/124 1901/427/122 2140/388/315 2139/385/318
f 1901/427/122 1871/238/646 1926/292/171 2140/388/315
f 2140/388/315 1926/292/171 1925/314/189 2146/389/316
f 2146/389/316 1925/314/189 1924/313/190 2152/395/514
f 2152/395/514 1924/313/190 1923/312/512 2158/401/515
f 2158/401/515 1923/312/512 1922/311/188 2164/407/517
f 2164/407/517 1922/311/188 1921/310/187 2170/413/322
f 2170/413/322 1921/310/187 1920/308/185 2176/419/325
f 2176/419/325 1920/308/185 1869/309/511 1946/428/659
f 2175/417/326 2176/419/325 1946/428/659 1945/429/260
f 2174/418/667 2175/417/326 1945/429/260 1944/430/259
f 2172/414/350 2173/416/666 1943/431/257 1942/432/256
f 2171/415/356 2172/414/350 1942/432/256 1941/433/254
f 1879/434/303 2171/415/356 1941/433/254 1865/435/255
f 1878/436/313 2165/409/354 2171/415/356 1879/434/303
f 1877/437/314 2159/403/527 2165/409/354 1878/436/313
f 1876/438/529 2153/397/526 2159/403/527 1877/437/314
f 1875/439/312 2147/391/525 2153/397/526 1876/438/529
f 1874/440/311 2141/381/351 2147/391/525 1875/439/312
f 1873/422/310 2135/378/352 2141/381/351 1874/440/311
f 2177/441/367 2178/442/368 2184/443/365 2183/444/364
f 2178/442/368 2179/445/668 2185/446/372 2184/443/365
f 2180/447/669 2181/448/392 2187/449/390 2186/450/384
f 2181/448/392 2182/451/398 2188/452/396 2187/449/390
f 2183/444/364 2184/443/365 2190/453/366 2189/454/484
f 2184/443/365 2185/446/372 2191/455/670 2190/453/366
f 2186/450/384 2187/449/390 2193/456/391 2192/457/671
f 2187/449/390 2188/452/396 2194/458/473 2193/456/391
f 2189/454/484 2190/453/366 2196/459/483 2195/460/485
f 2190/453/366 2191/455/670 2197/461/481 2196/459/483
f 2192/457/671 2193/456/391 2199/462/475 2198/463/478
f 2193/456/391 2194/458/473 2200/464/474 2199/462/475
f 2195/460/485 2196/459/483 2202/465/362 2201/466/486
f 2196/459/483 2197/461/481 2203/467/672 2202/465/362
f 2198/463/478 2199/462/475 2205/468/389 2204/469/673
f 2199/462/475 2200/464/474 2206/470/476 2205/468/389
f 2201/466/486 2202/465/362 2208/471/359 2207/472/358
f 2202/465/362 2203/467/672 2209/473/369 2208/471/359
f 2204/469/673 2205/468/389 2211/474/387 2210/475/381
f 2205/468/389 2206/470/476 2212/476/393 2211/474/387
f 2207/472/358 2208/471/359 2214/477/360 2213/478/357
f 2208/471/359 2209/473/369 2215/479/674 2214/477/360
f 2210/475/381 2211/474/387 2217/480/388 2216/481/675
f 2211/474/387 2212/476/393 2218/482/394 2217/480/388
f 1872/229/492 1912/483/114 2177/441/367 1927/293/172
f 1912/483/114 1911/484/113 2178/442/368 2177/441/367
f 1911/484/113 1910/485/112 2179/445/668 2178/442/368
f 1909/486/110 1908/487/109 2181/448/392 2180/447/669
f 1908/487/109 1907/488/108 2182/451/398 2181/448/392
f 1907/488/108 1868/489/107 1893/490/309 2182/451/398
f 2182/451/398 1893/490/309 1892/491/308 2188/452/396
f 2188/452/396 1892/491/308 1891/492/307 2194/458/473
f 2194/458/473 1891/492/307 1890/493/488 2200/464/474
f 2200/464/474 1890/493/488 1889/494/306 2206/470/476
f 2206/470/476 1889/494/306 1888/495/305 2212/476/393
f 2212/476/393 1888/495/305 1887/496/304 2218/482/394
f 2218/482/394 1887/496/304 1866/497/463 1952/498/246
f 2217/480/388 2218/482/394 1952/498/246 1951/499/245
f 2216/481/675 2217/480/388 1951/499/245 1950/500/244
f 2214/477/360 2215/479/674 1949/501/242 1948/502/241
f 2213/478/357 2214/477/360 1948/502/241 1947/503/466
f 1933/299/177 2213/478/357 1947/503/466 1870/300/467
f 1932/298/176 2207/472/358 2213/478/357 1933/299/177
f 1931/297/175 2201/466/486 2207/472/358 1932/298/176
f 1930/296/491 2195/460/485 2201/466/486 1931/297/175
f 1929/295/174 2189/454/484 2195/460/485 1930/296/491
f 1928/294/173 2183/444/364 2189/454/484 1929/295/174
f 1927/293/172 2177/441/367 2183/444/364 1928/294/173
f 2228/504/676 2229/505/677 2230/506/678 2227/507/679
f 2229/505/677 2231/508/680 2232/509/681 2230/506/678
f 2231/508/680 2233/510/682 2234/511/683 2232/509/681
f 2233/510/682 2235/512/684 2236/513/685 2234/511/683
f 2235/512/684 2237/514/686 2238/515/687 2236/513/685
f 2237/514/686 2239/516/688 2240/517/689 2238/515/687
f 2222/518/690 2240/517/689 2239/516/688 2221/519/691
f 2220/520/692 2228/504/676 2227/507/679 2219/521/693
f 2242/522/694 2243/523/695 2244/524/696 2241/525/697
f 2243/523/695 2245/526/698 2246/527/699 2244/524/696
f 2245/526/698 2247/528/700 2248/529/701 2246/527/699
f 2247/528/700 2249/530/702 2250/531/703 2248/529/701
f 2249/530/702 2251/532/704 2252/533/705 2250/531/703
f 2251/532/704 2253/534/706 2254/535/707 2252/533/705
f 2226/536/708 2254/535/707 2253/534/706 2225/537/709
f 2224/538/710 2242/522/694 2241/525/697 2223/539/711
f 2256/540/712 2257/541/713 2258/542/714 2255/543/715
f 2257/541/713 2259/544/716 2260/545/717 2258/542/714
f 2259/544/716 2261/546/718 2262/547/719 2260/545/717
f 2261/546/718 2263/548/720 2264/549/721 2262/547/719
f 2263/548/720 2265/550/722 2266/551/723 2264/549/721
f 2265/550/722 2267/552/724 2268/553/725 2266/551/723
f 2219/554/693 2256/540/712 2255/543/715 2220/555/692
f 2223/556/711 2268/553/725 2267/552/724 2224/557/710
f 2270/558/726 2271/559/727 2272/560/728 2269/561/729
f 2271/559/727 2273/562/730 2274/563/731 2272/560/728
f 2273/562/730 2275/564/732 2276/565/733 2274/563/731
f 2275/564/732 2277/566/734 2278/567/735 2276/565/733
f 2277/566/734 2279/568/736 2280/569/737 2278/567/735
f 2279/568/736 2281/570/738 2282/571/739 2280/569/737
f 2221/572/691 2270/558/726 2269/561/729 2222/573/690
f 2225/574/709 2282/571/739 2281/570/738 2226/575/708
f 2219/554/693 1903/425/125 2138/384/661 2256/540/712
f 1904/242/127 2016/195/638 2228/504/676 2220/520/692
f 2219/521/693 2227/507/679 2023/201/642 1903/240/125
f 1904/424/127 2220/555/692 2255/543/715 2137/382/660
f 2221/572/691 1909/486/110 2180/447/669 2270/558/726
f 2240/517/689 2222/518/690 1910/226/112 2029/213/645
f 2022/200/641 1909/225/110 2221/519/691 2239/516/688
f 1910/485/112 2222/573/690 2269/561/729 2179/445/668
f 2173/416/666 2268/553/725 2223/556/711 1943/431/257
f 1944/377/259 2107/330/651 2242/522/694 2224/538/710
f 2223/539/711 2241/525/697 2114/336/655 1943/375/257
f 2267/552/724 2174/418/667 1944/430/259 2224/557/710
f 2215/479/674 2282/571/739 2225/574/709 1949/501/242
f 2254/535/707 2226/536/708 1950/361/244 2120/348/658
f 2113/335/654 1949/360/242 2225/537/709 2253/534/706
f 2281/570/738 2216/481/675 1950/500/244 2226/575/708
f 2016/195/638 2017/194/65 2229/505/677 2228/504/676
f 2227/507/679 2230/506/678 2024/202/78 2023/201/642
f 2017/194/65 2018/196/639 2231/508/680 2229/505/677
f 2230/506/678 2232/509/681 2025/205/643 2024/202/78
f 2018/196/639 2019/197/68 2233/510/682 2231/508/680
f 2232/509/681 2234/511/683 2026/207/81 2025/205/643
f 2019/197/68 2020/198/640 2235/512/684 2233/510/682
f 2234/511/683 2236/513/685 2027/209/644 2026/207/81
f 2020/198/640 2021/199/70 2237/514/686 2235/512/684
f 2236/513/685 2238/515/687 2028/211/83 2027/209/644
f 2021/199/70 2022/200/641 2239/516/688 2237/514/686
f 2238/515/687 2240/517/689 2029/213/645 2028/211/83
f 2107/330/651 2108/329/205 2243/523/695 2242/522/694
f 2241/525/697 2244/524/696 2115/337/218 2114/336/655
f 2108/329/205 2109/331/652 2245/526/698 2243/523/695
f 2244/524/696 2246/527/699 2116/340/656 2115/337/218
f 2109/331/652 2110/332/208 2247/528/700 2245/526/698
f 2246/527/699 2248/529/701 2117/342/221 2116/340/656
f 2110/332/208 2111/333/653 2249/530/702 2247/528/700
f 2248/529/701 2250/531/703 2118/344/657 2117/342/221
f 2111/333/653 2112/334/210 2251/532/704 2249/530/702
f 2250/531/703 2252/533/705 2119/346/223 2118/344/657
f 2112/334/210 2113/335/654 2253/534/706 2251/532/704
f 2252/533/705 2254/535/707 2120/348/658 2119/346/223
f 2256/540/712 2138/384/661 2144/387/327 2257/541/713
f 2137/382/660 2255/543/715 2258/542/714 2143/383/339
f 2257/541/713 2144/387/327 2150/394/663 2259/544/716
f 2143/383/339 2258/542/714 2260/545/717 2149/392/662
f 2259/544/716 2150/394/663 2156/400/519 2261/546/718
f 2149/392/662 2260/545/717 2262/547/719 2155/398/522
f 2261/546/718 2156/400/519 2162/406/665 2263/548/720
f 2155/398/522 2262/547/719 2264/549/721 2161/404/664
f 2263/548/720 2162/406/665 2168/412/330 2265/550/722
f 2161/404/664 2264/549/721 2266/551/723 2167/410/342
f 2265/550/722 2168/412/330 2174/418/667 2267/552/724
f 2167/410/342 2266/551/723 2268/553/725 2173/416/666
f 2270/558/726 2180/447/669 2186/450/384 2271/559/727
f 2179/445/668 2269/561/729 2272/560/728 2185/446/372
f 2271/559/727 2186/450/384 2192/457/671 2273/562/730
f 2185/446/372 2272/560/728 2274/563/731 2191/455/670
f 2273/562/730 2192/457/671 2198/463/478 2275/564/732
f 2191/455/670 2274/563/731 2276/565/733 2197/461/481
f 2275/564/732 2198/463/478 2204/469/673 2277/566/734
f 2197/461/481 2276/565/733 2278/567/735 2203/467/672
f 2277/566/734 2204/469/673 2210/475/381 2279/568/736
f 2203/467/672 2278/567/735 2280/569/737 2209/473/369
f 2279/568/736 2210/475/381 2216/481/675 2281/570/738
f 2209/473/369 2280/569/737 2282/571/739 2215/479/674
f 2371/99/170 2372/100/169 2379/101/161 2378/102/163
f 2372/100/169 2373/103/168 2380/104/159 2379/101/161
f 2373/103/168 2374/105/167 2381/106/157 2380/104/159
f 2374/105/167 2375/107/166 2382/108/155 2381/106/157
f 2375/107/166 2376/109/164 2383/110/152 2382/108/155
f 2376/109/164 2377/111/165 2384/112/153 2383/110/152
f 2378/102/163 2379/101/161 2386/113/160 2385/114/496
f 2379/101/161 2380/104/159 2387/115/650 2386/113/160
f 2380/104/159 2381/106/157 2388/116/156 2387/115/650
f 2381/106/157 2382/108/155 2389/117/649 2388/116/156
f 2382/108/155 2383/110/152 2390/118/151 2389/117/649
f 2383/110/152 2384/112/153 2391/119/510 2390/118/151
f 2385/114/496 2386/113/160 2393/120/495 2392/121/494
f 2386/113/160 2387/115/650 2394/122/499 2393/120/495
f 2387/115/650 2388/116/156 2395/123/3 2394/122/499
f 2388/116/156 2389/117/649 2396/124/504 2395/123/3
f 2389/117/649 2390/118/151 2397/125/505 2396/124/504
f 2390/118/151 2391/119/510 2398/126/509 2397/125/505
f 2392/121/494 2393/120/495 2400/127/148 2399/128/493
f 2393/120/495 2394/122/499 2401/129/648 2400/127/148
f 2394/122/499 2395/123/3 2402/130/146 2401/129/648
f 2395/123/3 2396/124/504 2403/131/647 2402/130/146
f 2396/124/504 2397/125/505 2404/132/143 2403/131/647
f 2397/125/505 2398/126/509 2405/133/508 2404/132/143
f 2399/128/493 2400/127/148 2407/134/140 2406/135/142
f 2400/127/148 2401/129/648 2408/136/138 2407/134/140
f 2401/129/648 2402/130/146 2409/137/136 2408/136/138
f 2402/130/146 2403/131/647 2410/138/134 2409/137/136
f 2403/131/647 2404/132/143 2411/139/131 2410/138/134
f 2404/132/143 2405/133/508 2412/140/132 2411/139/131
f 2406/135/142 2407/134/140 2414/141/139 2413/142/141
f 2407/134/140 2408/136/138 2415/143/137 2414/141/139
f 2408/136/138 2409/137/136 2416/144/135 2415/143/137
f 2409/137/136 2410/138/134 2417/145/133 2416/144/135
f 2410/138/134 2411/139/131 2418/146/130 2417/145/133
f 2411/139/131 2412/140/132 2419/147/129 2418/146/130
f 2283/148/178 2298/149/179 2371/99/170 2297/150/177
f 2298/149/179 2299/151/180 2372/100/169 2371/99/170
f 2299/151/180 2300/152/181 2373/103/168 2372/100/169
f 2300/152/181 2301/153/7 2374/105/167 2373/103/168
f 2301/153/7 2302/154/182 2375/107/166 2374/105/167
f 2302/154/182 2303/155/183 2376/109/164 2375/107/166
f 2303/155/183 2304/156/184 2377/111/165 2376/109/164
f 2304/156/184 2284/157/740 2305/158/185 2377/111/165
f 2377/111/165 2305/158/185 2306/159/187 2384/112/153
f 2384/112/153 2306/159/187 2307/160/188 2391/119/510
f 2391/119/510 2307/160/188 2308/161/512 2398/126/509
f 2398/126/509 2308/161/512 2309/162/190 2405/133/508
f 2405/133/508 2309/162/190 2310/163/189 2412/140/132
f 2412/140/132 2310/163/189 2311/164/171 2419/147/129
f 2419/147/129 2311/164/171 2286/165/123 2312/166/121
f 2418/146/130 2419/147/129 2312/166/121 2313/167/120
f 2417/145/133 2418/146/130 2313/167/120 2314/168/119
f 2416/144/135 2417/145/133 2314/168/119 2315/169/43
f 2415/143/137 2416/144/135 2315/169/43 2316/170/118
f 2414/141/139 2415/143/137 2316/170/118 2317/171/117
f 2413/142/141 2414/141/139 2317/171/117 2318/172/116
f 2291/173/172 2413/142/141 2318/172/116 2285/174/492
f 2292/175/173 2406/135/142 2413/142/141 2291/173/172
f 2293/176/174 2399/128/493 2406/135/142 2292/175/173
f 2294/177/491 2392/121/494 2399/128/493 2293/176/174
f 2295/178/175 2385/114/496 2392/121/494 2294/177/491
f 2296/179/176 2378/102/163 2385/114/496 2295/178/175
f 2297/150/177 2371/99/170 2378/102/163 2296/179/176
f 2420/180/98 2421/181/97 2428/182/90 2427/183/91
f 2421/181/97 2422/184/96 2429/185/89 2428/182/90
f 2422/184/96 2423/186/95 2430/187/88 2429/185/89
f 2423/186/95 2424/188/94 2431/189/87 2430/187/88
f 2424/188/94 2425/190/92 2432/191/85 2431/189/87
f 2425/190/92 2426/192/93 2433/193/86 2432/191/85
f 2427/183/91 2428/182/90 2435/194/83 2434/195/645
f 2428/182/90 2429/185/89 2436/196/644 2435/194/83
f 2429/185/89 2430/187/88 2437/197/81 2436/196/644
f 2430/187/88 2431/189/87 2438/198/643 2437/197/81
f 2431/189/87 2432/191/85 2439/199/78 2438/198/643
f 2432/191/85 2433/193/86 2440/200/642 2439/199/78
f 2441/201/641 2442/202/70 2449/203/62 2448/204/64
f 2442/202/70 2443/205/640 2450/206/60 2449/203/62
f 2443/205/640 2444/207/68 2451/208/58 2450/206/60
f 2444/207/68 2445/209/639 2452/210/56 2451/208/58
f 2445/209/639 2446/211/65 2453/212/53 2452/210/56
f 2446/211/65 2447/213/638 2454/214/54 2453/212/53
f 2448/204/64 2449/203/62 2456/215/61 2455/216/63
f 2449/203/62 2450/206/60 2457/217/59 2456/215/61
f 2450/206/60 2451/208/58 2458/218/57 2457/217/59
f 2451/208/58 2452/210/56 2459/219/55 2458/218/57
f 2452/210/56 2453/212/53 2460/220/52 2459/219/55
f 2453/212/53 2454/214/54 2461/221/51 2460/220/52
f 2285/174/492 2318/172/116 2420/180/98 2324/222/114
f 2318/172/116 2317/171/117 2421/181/97 2420/180/98
f 2317/171/117 2316/170/118 2422/184/96 2421/181/97
f 2316/170/118 2315/169/43 2423/186/95 2422/184/96
f 2315/169/43 2314/168/119 2424/188/94 2423/186/95
f 2314/168/119 2313/167/120 2425/190/92 2424/188/94
f 2313/167/120 2312/166/121 2426/192/93 2425/190/92
f 2312/166/121 2286/165/123 2325/223/122 2426/192/93
f 2426/192/93 2325/223/122 2326/224/124 2433/193/86
f 2433/193/86 2326/224/124 2327/225/125 2440/200/642
f 2447/213/638 2328/226/127 2329/227/128 2454/214/54
f 2454/214/54 2329/227/128 2330/228/101 2461/221/51
f 2461/221/51 2330/228/101 2290/229/471 2331/230/100
f 2460/220/52 2461/221/51 2331/230/100 2332/231/102
f 2459/219/55 2460/220/52 2332/231/102 2333/232/103
f 2458/218/57 2459/219/55 2333/232/103 2334/233/31
f 2457/217/59 2458/218/57 2334/233/31 2335/234/104
f 2456/215/61 2457/217/59 2335/234/104 2336/235/105
f 2455/216/63 2456/215/61 2336/235/105 2337/236/106
f 2319/237/108 2455/216/63 2337/236/106 2289/238/741
f 2320/239/109 2448/204/64 2455/216/63 2319/237/108
f 2321/240/110 2441/201/641 2448/204/64 2320/239/109
f 2323/241/113 2427/183/91 2434/195/645 2322/242/112
f 2324/222/114 2420/180/98 2427/183/91 2323/241/113
f 2462/243/302 2463/244/301 2470/245/293 2469/246/295
f 2463/244/301 2464/247/300 2471/248/291 2470/245/293
f 2464/247/300 2465/249/299 2472/250/289 2471/248/291
f 2465/249/299 2466/251/298 2473/252/287 2472/250/289
f 2466/251/298 2467/253/296 2474/254/284 2473/252/287
f 2467/253/296 2468/255/297 2475/256/285 2474/254/284
f 2469/246/295 2470/245/293 2477/257/292 2476/258/546
f 2470/245/293 2471/248/291 2478/259/636 2477/257/292
f 2471/248/291 2472/250/289 2479/260/288 2478/259/636
f 2472/250/289 2473/252/287 2480/261/635 2479/260/288
f 2473/252/287 2474/254/284 2481/262/283 2480/261/635
f 2474/254/284 2475/256/285 2482/263/531 2481/262/283
f 2476/258/546 2477/257/292 2484/264/543 2483/265/547
f 2477/257/292 2478/259/636 2485/266/542 2484/264/543
f 2478/259/636 2479/260/288 2486/267/25 2485/266/542
f 2479/260/288 2480/261/635 2487/268/537 2486/267/25
f 2480/261/635 2481/262/283 2488/269/533 2487/268/537
f 2481/262/283 2482/263/531 2489/270/532 2488/269/533
f 2483/265/547 2484/264/543 2491/271/280 2490/272/548
f 2484/264/543 2485/266/542 2492/273/634 2491/271/280
f 2485/266/542 2486/267/25 2493/274/278 2492/273/634
f 2486/267/25 2487/268/537 2494/275/633 2493/274/278
f 2487/268/537 2488/269/533 2495/276/275 2494/275/633
f 2488/269/533 2489/270/532 2496/277/534 2495/276/275
f 2490/272/548 2491/271/280 2498/278/272 2497/279/274
f 2491/271/280 2492/273/634 2499/280/270 2498/278/272
f 2492/273/634 2493/274/278 2500/281/268 2499/280/270
f 2493/274/278 2494/275/633 2501/282/266 2500/281/268
f 2494/275/633 2495/276/275 2502/283/263 2501/282/266
f 2495/276/275 2496/277/534 2503/284/264 2502/283/263
f 2497/279/274 2498/278/272 2505/285/271 2504/286/273
f 2498/278/272 2499/280/270 2506/287/269 2505/285/271
f 2499/280/270 2500/281/268 2507/288/267 2506/287/269
f 2500/281/268 2501/282/266 2508/289/265 2507/288/267
f 2501/282/266 2502/283/263 2509/290/262 2508/289/265
f 2502/283/263 2503/284/264 2510/291/261 2509/290/262
f 2289/238/741 2337/236/106 2462/243/302 2344/292/309
f 2337/236/106 2336/235/105 2463/244/301 2462/243/302
f 2336/235/105 2335/234/104 2464/247/300 2463/244/301
f 2335/234/104 2334/233/31 2465/249/299 2464/247/300
f 2334/233/31 2333/232/103 2466/251/298 2465/249/299
f 2333/232/103 2332/231/102 2467/253/296 2466/251/298
f 2332/231/102 2331/230/100 2468/255/297 2467/253/296
f 2331/230/100 2290/229/471 2345/293/310 2468/255/297
f 2468/255/297 2345/293/310 2346/294/311 2475/256/285
f 2475/256/285 2346/294/311 2347/295/312 2482/263/531
f 2482/263/531 2347/295/312 2348/296/529 2489/270/532
f 2489/270/532 2348/296/529 2349/297/314 2496/277/534
f 2496/277/534 2349/297/314 2350/298/313 2503/284/264
f 2503/284/264 2350/298/313 2351/299/303 2510/291/261
f 2510/291/261 2351/299/303 2288/300/464 2352/301/253
f 2509/290/262 2510/291/261 2352/301/253 2353/302/252
f 2508/289/265 2509/290/262 2353/302/252 2354/303/251
f 2507/288/267 2508/289/265 2354/303/251 2355/304/19
f 2506/287/269 2507/288/267 2355/304/19 2356/305/250
f 2505/285/271 2506/287/269 2356/305/250 2357/306/249
f 2504/286/273 2505/285/271 2357/306/249 2358/307/248
f 2338/308/304 2504/286/273 2358/307/248 2287/309/742
f 2339/310/305 2497/279/274 2504/286/273 2338/308/304
f 2340/311/306 2490/272/548 2497/279/274 2339/310/305
f 2341/312/488 2483/265/547 2490/272/548 2340/311/306
f 2342/313/307 2476/258/546 2483/265/547 2341/312/488
f 2343/314/308 2469/246/295 2476/258/546 2342/313/307
f 2344/292/309 2462/243/302 2469/246/295 2343/314/308
f 2511/315/238 2512/316/237 2519/317/230 2518/318/231
f 2512/316/237 2513/319/236 2520/320/229 2519/317/230
f 2513/319/236 2514/321/235 2521/322/228 2520/320/229
f 2514/321/235 2515/323/234 2522/324/227 2521/322/228
f 2515/323/234 2516/325/232 2523/326/225 2522/324/227
f 2516/325/232 2517/327/233 2524/328/226 2523/326/225
f 2518/318/231 2519/317/230 2526/329/223 2525/330/658
f 2519/317/230 2520/320/229 2527/331/657 2526/329/223
f 2520/320/229 2521/322/228 2528/332/221 2527/331/657
f 2521/322/228 2522/324/227 2529/333/656 2528/332/221
f 2522/324/227 2523/326/225 2530/334/218 2529/333/656
f 2523/326/225 2524/328/226 2531/335/655 2530/334/218
f 2532/336/654 2533/337/210 2540/338/202 2539/339/204
f 2533/337/210 2534/340/653 2541/341/200 2540/338/202
f 2534/340/653 2535/342/208 2542/343/198 2541/341/200
f 2535/342/208 2536/344/652 2543/345/196 2542/343/198
f 2536/344/652 2537/346/205 2544/347/193 2543/345/196
f 2537/346/205 2538/348/651 2545/349/194 2544/347/193
f 2539/339/204 2540/338/202 2547/350/201 2546/351/203
f 2540/338/202 2541/341/200 2548/352/199 2547/350/201
f 2541/341/200 2542/343/198 2549/353/197 2548/352/199
f 2542/343/198 2543/345/196 2550/354/195 2549/353/197
f 2543/345/196 2544/347/193 2551/355/192 2550/354/195
f 2544/347/193 2545/349/194 2552/356/191 2551/355/192
f 2287/309/742 2358/307/248 2511/315/238 2364/357/246
f 2358/307/248 2357/306/249 2512/316/237 2511/315/238
f 2357/306/249 2356/305/250 2513/319/236 2512/316/237
f 2356/305/250 2355/304/19 2514/321/235 2513/319/236
f 2355/304/19 2354/303/251 2515/323/234 2514/321/235
f 2354/303/251 2353/302/252 2516/325/232 2515/323/234
f 2353/302/252 2352/301/253 2517/327/233 2516/325/232
f 2352/301/253 2288/300/464 2365/358/254 2517/327/233
f 2517/327/233 2365/358/254 2366/359/256 2524/328/226
f 2524/328/226 2366/359/256 2367/360/257 2531/335/655
f 2538/348/651 2368/361/259 2369/362/260 2545/349/194
f 2545/349/194 2369/362/260 2370/363/239 2552/356/191
f 2552/356/191 2370/363/239 2284/364/740 2304/365/184
f 2551/355/192 2552/356/191 2304/365/184 2303/366/183
f 2550/354/195 2551/355/192 2303/366/183 2302/367/182
f 2549/353/197 2550/354/195 2302/367/182 2301/368/7
f 2548/352/199 2549/353/197 2301/368/7 2300/369/181
f 2547/350/201 2548/352/199 2300/369/181 2299/370/180
f 2546/351/203 2547/350/201 2299/370/180 2298/371/179
f 2359/372/466 2546/351/203 2298/371/179 2283/373/178
f 2360/374/241 2539/339/204 2546/351/203 2359/372/466
f 2361/375/242 2532/336/654 2539/339/204 2360/374/241
f 2363/376/245 2518/318/231 2525/330/658 2362/377/244
f 2364/357/246 2511/315/238 2518/318/231 2363/376/245
f 2553/378/367 2554/379/368 2560/380/365 2559/381/364
f 2554/379/368 2555/382/668 2561/383/372 2560/380/365
f 2556/384/669 2557/385/392 2563/386/390 2562/387/384
f 2557/385/392 2558/388/398 2564/389/396 2563/386/390
f 2559/381/364 2560/380/365 2566/390/366 2565/391/484
f 2560/380/365 2561/383/372 2567/392/670 2566/390/366
f 2562/387/384 2563/386/390 2569/393/391 2568/394/671
f 2563/386/390 2564/389/396 2570/395/473 2569/393/391
f 2565/391/484 2566/390/366 2572/396/483 2571/397/485
f 2566/390/366 2567/392/670 2573/398/481 2572/396/483
f 2568/394/671 2569/393/391 2575/399/475 2574/400/478
f 2569/393/391 2570/395/473 2576/401/474 2575/399/475
f 2571/397/485 2572/396/483 2578/402/362 2577/403/486
f 2572/396/483 2573/398/481 2579/404/672 2578/402/362
f 2574/400/478 2575/399/475 2581/405/389 2580/406/673
f 2575/399/475 2576/401/474 2582/407/476 2581/405/389
f 2577/403/486 2578/402/362 2584/408/359 2583/409/358
f 2578/402/362 2579/404/672 2585/410/369 2584/408/359
f 2580/406/673 2581/405/389 2587/411/387 2586/412/381
f 2581/405/389 2582/407/476 2588/413/393 2587/411/387
f 2583/409/358 2584/408/359 2590/414/360 2589/415/357
f 2584/408/359 2585/410/369 2591/416/674 2590/414/360
f 2586/412/381 2587/411/387 2593/417/388 2592/418/675
f 2587/411/387 2588/413/393 2594/419/394 2593/417/388
f 2285/420/492 2324/421/114 2553/378/367 2291/422/172
f 2324/421/114 2323/423/113 2554/379/368 2553/378/367
f 2323/423/113 2322/424/112 2555/382/668 2554/379/368
f 2321/425/110 2320/426/109 2557/385/392 2556/384/669
f 2320/426/109 2319/427/108 2558/388/398 2557/385/392
f 2319/427/108 2289/238/741 2344/292/309 2558/388/398
f 2558/388/398 2344/292/309 2343/314/308 2564/389/396
f 2564/389/396 2343/314/308 2342/313/307 2570/395/473
f 2570/395/473 2342/313/307 2341/312/488 2576/401/474
f 2576/401/474 2341/312/488 2340/311/306 2582/407/476
f 2582/407/476 2340/311/306 2339/310/305 2588/413/393
f 2588/413/393 2339/310/305 2338/308/304 2594/419/394
f 2594/419/394 2338/308/304 2287/309/742 2364/428/246
f 2593/417/388 2594/419/394 2364/428/246 2363/429/245
f 2592/418/675 2593/417/388 2363/429/245 2362/430/244
f 2590/414/360 2591/416/674 2361/431/242 2360/432/241
f 2589/415/357 2590/414/360 2360/432/241 2359/433/466
f 2297/434/177 2589/415/357 2359/433/466 2283/435/178
f 2296/436/176 2583/409/358 2589/415/357 2297/434/177
f 2295/437/175 2577/403/486 2583/409/358 2296/436/176
f 2294/438/491 2571/397/485 2577/403/486 2295/437/175
f 2293/439/174 2565/391/484 2571/397/485 2294/438/491
f 2292/440/173 2559/381/364 2565/391/484 2293/439/174
f 2291/422/172 2553/378/367 2559/381/364 2292/440/173
f 2595/441/352 2596/442/346 2602/443/345 2601/444/351
f 2596/442/346 2597/445/660 2603/446/339 2602/443/345
f 2598/447/661 2599/448/318 2605/449/317 2604/450/327
f 2599/448/318 2600/451/315 2606/452/316 2605/449/317
f 2601/444/351 2602/443/345 2608/453/347 2607/454/525
f 2602/443/345 2603/446/339 2609/455/662 2608/453/347
f 2604/450/327 2605/449/317 2611/456/320 2610/457/663
f 2605/449/317 2606/452/316 2612/458/514 2611/456/320
f 2607/454/525 2608/453/347 2614/459/524 2613/460/526
f 2608/453/347 2609/455/662 2615/461/522 2614/459/524
f 2610/457/663 2611/456/320 2617/462/516 2616/463/519
f 2611/456/320 2612/458/514 2618/464/515 2617/462/516
f 2613/460/526 2614/459/524 2620/465/349 2619/466/527
f 2614/459/524 2615/461/522 2621/467/664 2620/465/349
f 2616/463/519 2617/462/516 2623/468/324 2622/469/665
f 2617/462/516 2618/464/515 2624/470/517 2623/468/324
f 2619/466/527 2620/465/349 2626/471/348 2625/472/354
f 2620/465/349 2621/467/664 2627/473/342 2626/471/348
f 2622/469/665 2623/468/324 2629/474/323 2628/475/330
f 2623/468/324 2624/470/517 2630/476/322 2629/474/323
f 2625/472/354 2626/471/348 2632/477/350 2631/478/356
f 2626/471/348 2627/473/342 2633/479/666 2632/477/350
f 2628/475/330 2629/474/323 2635/480/326 2634/481/667
f 2629/474/323 2630/476/322 2636/482/325 2635/480/326
f 2290/229/471 2330/483/101 2595/441/352 2345/293/310
f 2330/483/101 2329/484/128 2596/442/346 2595/441/352
f 2329/484/128 2328/485/127 2597/445/660 2596/442/346
f 2327/486/125 2326/487/124 2599/448/318 2598/447/661
f 2326/487/124 2325/488/122 2600/451/315 2599/448/318
f 2325/488/122 2286/489/123 2311/490/171 2600/451/315
f 2600/451/315 2311/490/171 2310/491/189 2606/452/316
f 2606/452/316 2310/491/189 2309/492/190 2612/458/514
f 2612/458/514 2309/492/190 2308/493/512 2618/464/515
f 2618/464/515 2308/493/512 2307/494/188 2624/470/517
f 2624/470/517 2307/494/188 2306/495/187 2630/476/322
f 2630/476/322 2306/495/187 2305/496/185 2636/482/325
f 2636/482/325 2305/496/185 2284/497/740 2370/498/239
f 2635/480/326 2636/482/325 2370/498/239 2369/499/260
f 2634/481/667 2635/480/326 2369/499/260 2368/500/259
f 2632/477/350 2633/479/666 2367/501/257 2366/502/256
f 2631/478/356 2632/477/350 2366/502/256 2365/503/254
f 2351/299/303 2631/478/356 2365/503/254 2288/300/464
f 2350/298/313 2625/472/354 2631/478/356 2351/299/303
f 2349/297/314 2619/466/527 2625/472/354 2350/298/313
f 2348/296/529 2613/460/526 2619/466/527 2349/297/314
f 2347/295/312 2607/454/525 2613/460/526 2348/296/529
f 2346/294/311 2601/444/351 2607/454/525 2347/295/312
f 2345/293/310 2595/441/352 2601/444/351 2346/294/311
f 2646/504/689 2647/505/687 2648/506/686 2645/507/688
f 2647/505/687 2649/508/685 2650/509/684 2648/506/686
f 2649/508/685 2651/510/683 2652/511/682 2650/509/684
f 2651/510/683 2653/512/681 2654/513/680 2652/511/682
f 2653/512/681 2655/514/678 2656/515/677 2654/513/680
f 2655/514/678 2657/516/679 2658/517/676 2656/515/677
f 2640/518/692 2658/517/676 2657/516/679 2639/519/693
f 2638/520/690 2646/504/689 2645/507/688 2637/521/691
f 2660/522/707 2661/523/705 2662/524/704 2659/525/706
f 2661/523/705 2663/526/703 2664/527/702 2662/524/704
f 2663/526/703 2665/528/701 2666/529/700 2664/527/702
f 2665/528/701 2667/530/699 2668/531/698 2666/529/700
f 2667/530/699 2669/532/696 2670/533/695 2668/531/698
f 2669/532/696 2671/534/697 2672/535/694 2670/533/695
f 2644/536/710 2672/535/694 2671/534/697 2643/537/711
f 2642/538/708 2660/522/707 2659/525/706 2641/539/709
f 2674/540/726 2675/541/727 2676/542/728 2673/543/729
f 2675/541/727 2677/544/730 2678/545/731 2676/542/728
f 2677/544/730 2679/546/732 2680/547/733 2678/545/731
f 2679/546/732 2681/548/734 2682/549/735 2680/547/733
f 2681/548/734 2683/550/736 2684/551/737 2682/549/735
f 2683/550/736 2685/552/738 2686/553/739 2684/551/737
f 2637/554/691 2674/540/726 2673/543/729 2638/555/690
f 2641/556/709 2686/553/739 2685/552/738 2642/557/708
f 2688/558/712 2689/559/713 2690/560/714 2687/561/715
f 2689/559/713 2691/562/716 2692/563/717 2690/560/714
f 2691/562/716 2693/564/718 2694/565/719 2692/563/717
f 2693/564/718 2695/566/720 2696/567/721 2694/565/719
f 2695/566/720 2697/568/722 2698/569/723 2696/567/721
f 2697/568/722 2699/570/724 2700/571/725 2698/569/723
f 2639/572/693 2688/558/712 2687/561/715 2640/573/692
f 2643/574/711 2700/571/725 2699/570/724 2644/575/710
f 2637/554/691 2321/425/110 2556/384/669 2674/540/726
f 2322/242/112 2434/195/645 2646/504/689 2638/520/690
f 2637/521/691 2645/507/688 2441/201/641 2321/240/110
f 2322/424/112 2638/555/690 2673/543/729 2555/382/668
f 2639/572/693 2327/486/125 2598/447/661 2688/558/712
f 2658/517/676 2640/518/692 2328/226/127 2447/213/638
f 2440/200/642 2327/225/125 2639/519/693 2657/516/679
f 2328/485/127 2640/573/692 2687/561/715 2597/445/660
f 2591/416/674 2686/553/739 2641/556/709 2361/431/242
f 2362/377/244 2525/330/658 2660/522/707 2642/538/708
f 2641/539/709 2659/525/706 2532/336/654 2361/375/242
f 2685/552/738 2592/418/675 2362/430/244 2642/557/708
f 2633/479/666 2700/571/725 2643/574/711 2367/501/257
f 2672/535/694 2644/536/710 2368/361/259 2538/348/651
f 2531/335/655 2367/360/257 2643/537/711 2671/534/697
f 2699/570/724 2634/481/667 2368/500/259 2644/575/710
f 2434/195/645 2435/194/83 2647/505/687 2646/504/689
f 2645/507/688 2648/506/686 2442/202/70 2441/201/641
f 2435/194/83 2436/196/644 2649/508/685 2647/505/687
f 2648/506/686 2650/509/684 2443/205/640 2442/202/70
f 2436/196/644 2437/197/81 2651/510/683 2649/508/685
f 2650/509/684 2652/511/682 2444/207/68 2443/205/640
f 2437/197/81 2438/198/643 2653/512/681 2651/510/683
f 2652/511/682 2654/513/680 2445/209/639 2444/207/68
f 2438/198/643 2439/199/78 2655/514/678 2653/512/681
f 2654/513/680 2656/515/677 2446/211/65 2445/209/639
f 2439/199/78 2440/200/642 2657/516/679 2655/514/678
f 2656/515/677 2658/517/676 2447/213/638 2446/211/65
f 2525/330/658 2526/329/223 2661/523/705 2660/522/707
f 2659/525/706 2662/524/704 2533/337/210 2532/336/654
f 2526/329/223 2527/331/657 2663/526/703 2661/523/705
f 2662/524/704 2664/527/702 2534/340/653 2533/337/210
f 2527/331/657 2528/332/221 2665/528/701 2663/526/703
f 2664/527/702 2666/529/700 2535/342/208 2534/340/653
f 2528/332/221 2529/333/656 2667/530/699 2665/528/701
f 2666/529/700 2668/531/698 2536/344/652 2535/342/208
f 2529/333/656 2530/334/218 2669/532/696 2667/530/699
f 2668/531/698 2670/533/695 2537/346/205 2536/344/652
f 2530/334/218 2531/335/655 2671/534/697 2669/532/696
f 2670/533/695 2672/535/694 2538/348/651 2537/346/205
f 2674/540/726 2556/384/669 2562/387/384 2675/541/727
f 2555/382/668 2673/543/729 2676/542/728 2561/383/372
f 2675/541/727 2562/387/384 2568/394/671 2677/544/730
f 2561/383/372 2676/542/728 2678/545/731 2567/392/670
f 2677/544/730 2568/394/671 2574/400/478 2679/546/732
f 2567/392/670 2678/545/731 2680/547/733 2573/398/481
f 2679/546/732 2574/400/478 2580/406/673 2681/548/734
f 2573/398/481 2680/547/733 2682/549/735 2579/404/672
f 2681/548/734 2580/406/673 2586/412/381 2683/550/736
f 2579/404/672 2682/549/735 2684/551/737 2585/410/369
f 2683/550/736 2586/412/381 2592/418/675 2685/552/738
f 2585/410/369 2684/551/737 2686/553/739 2591/416/674
f 2688/558/712 2598/447/661 2604/450/327 2689/559/713
f 2597/445/660 2687/561/715 2690/560/714 2603/446/339
f 2689/559/713 2604/450/327 2610/457/663 2691/562/716
f 2603/446/339 2690/560/714 2692/563/717 2609/455/662
f 2691/562/716 2610/457/663 2616/463/519 2693/564/718
f 2609/455/662 2692/563/717 2694/565/719 2615/461/522
f 2693/564/718 2616/463/519 2622/469/665 2695/566/720
f 2615/461/522 2694/565/719 2696/567/721 2621/467/664
f 2695/566/720 2622/469/665 2628/475/330 2697/568/722
f 2621/467/664 2696/567/721 2698/569/723 2627/473/342
f 2697/568/722 2628/475/330 2634/481/667 2699/570/724
f 2627/473/342 2698/569/723 2700/571/725 2633/479/666
f 2702/1/743 2703/2/743 2706/3/744 2705/4/744
f 2701/5/50 2704/6/50 2703/2/743 2702/1/743
f 2705/4/744 2706/3/744 2708/7/745 2707/8/745
f 2707/8/745 2708/7/745 2710/9/746 2709/10/746
f 2709/10/746 2710/9/746 2712/11/747 2711/12/747
f 2711/12/747 2712/11/747 2714/13/243 2713/14/243
f 2713/14/243 2714/13/243 2716/15/748 2715/16/748
f 2715/16/748 2716/15/748 2718/17/749 2717/18/749
f 2717/18/749 2718/17/749 2720/19/750 2719/20/750
f 2719/20/750 2720/19/750 2722/21/751 2721/22/751
f 2721/22/751 2722/21/751 2724/23/752 2723/24/752
f 2725/28/753 2726/27/753 2728/29/754 2727/30/754
f 2727/30/754 2728/29/754 2730/31/755 2729/32/755
f 2729/32/755 2730/31/755 2732/33/756 2731/34/756
f 2731/34/756 2732/33/756 2734/35/757 2733/36/757
f 2733/36/757 2734/35/757 2736/37/258 2735/38/258
f 2735/38/258 2736/37/258 2738/39/758 2737/40/758
f 2737/40/758 2738/39/758 2740/41/759 2739/42/759
f 2739/42/759 2740/41/759 2742/43/760 2741/44/760
f 2741/44/760 2742/43/760 2744/45/761 2743/46/761
f 2743/46/761 2744/45/761 2746/47/762 2745/48/762
f 2745/48/762 2746/47/762 2748/49/49 2747/50/49
f 2747/50/49 2748/49/49 2750/51/763 2749/52/763
f 2749/52/763 2750/51/763 2752/53/764 2751/54/764
f 2751/54/764 2752/53/764 2754/55/765 2753/56/765
f 2753/56/765 2754/55/765 2756/57/766 2755/58/766
f 2755/58/766 2756/57/766 2758/59/767 2757/60/767
f 2757/60/767 2758/59/767 2760/61/126 2759/62/126
f 2759/62/126 2760/61/126 2762/63/768 2761/64/768
f 2761/64/768 2762/63/768 2764/65/769 2763/66/769
f 2763/66/769 2764/65/769 2766/67/770 2765/68/770
f 2765/68/770 2766/67/770 2768/69/771 2767/70/771
f 2767/70/771 2768/69/771 2770/71/772 2769/72/772
f 2771/76/773 2772/75/773 2774/77/774 2773/78/774
f 2773/78/774 2774/77/774 2776/79/775 2775/80/775
f 2775/80/775 2776/79/775 2778/81/776 2777/82/776
f 2777/82/776 2778/81/776 2780/83/777 2779/84/777
f 2779/84/777 2780/83/777 2782/85/111 2781/86/111
f 2781/86/111 2782/85/111 2784/87/778 2783/88/778
f 2783/88/778 2784/87/778 2786/89/779 2785/90/779
f 2785/90/779 2786/89/779 2788/91/780 2787/92/780
f 2787/92/780 2788/91/780 2790/93/781 2789/94/781
f 2789/94/781 2790/93/781 2792/95/782 2791/96/782
f 2791/96/782 2792/95/782 2704/97/50 2701/98/50
f 2794/1/763 2797/4/764 2798/3/764 2795/2/763
f 2793/5/49 2794/1/763 2795/2/763 2796/6/49
f 2797/4/764 2799/8/765 2800/7/765 2798/3/764
f 2799/8/765 2801/10/766 2802/9/766 2800/7/765
f 2801/10/766 2803/12/767 2804/11/767 2802/9/766
f 2803/12/767 2805/14/126 2806/13/126 2804/11/767
f 2805/14/126 2807/16/768 2808/15/768 2806/13/126
f 2807/16/768 2809/18/769 2810/17/769 2808/15/768
f 2809/18/769 2811/20/770 2812/19/770 2810/17/769
f 2811/20/770 2813/22/783 2814/21/783 2812/19/770
f 2813/22/783 2815/24/784 2816/23/784 2814/21/783
f 2817/28/785 2819/30/786 2820/29/786 2818/27/785
f 2819/30/786 2821/32/775 2822/31/775 2820/29/786
f 2821/32/775 2823/34/776 2824/33/776 2822/31/775
f 2823/34/776 2825/36/777 2826/35/777 2824/33/776
f 2825/36/777 2827/38/111 2828/37/111 2826/35/777
f 2827/38/111 2829/40/778 2830/39/778 2828/37/111
f 2829/40/778 2831/42/779 2832/41/779 2830/39/778
f 2831/42/779 2833/44/780 2834/43/780 2832/41/779
f 2833/44/780 2835/46/781 2836/45/781 2834/43/780
f 2835/46/781 2837/48/782 2838/47/782 2836/45/781
f 2837/48/782 2839/50/50 2840/49/50 2838/47/782
f 2839/50/50 2841/52/743 2842/51/743 2840/49/50
f 2841/52/743 2843/54/744 2844/53/744 2842/51/743
f 2843/54/744 2845/56/745 2846/55/745 2844/53/744
f 2845/56/745 2847/58/746 2848/57/746 2846/55/745
f 2847/58/746 2849/60/747 2850/59/747 2848/57/746
f 2849/60/747 2851/62/243 2852/61/243 2850/59/747
f 2851/62/243 2853/64/748 2854/63/748 2852/61/243
f 2853/64/748 2855/66/749 2856/65/749 2854/63/748
f 2855/66/749 2857/68/750 2858/67/750 2856/65/749
f 2857/68/750 2859/70/787 2860/69/787 2858/67/750
f 2859/70/787 2861/72/788 2862/71/788 2860/69/787
f 2863/76/789 2865/78/790 2866/77/790 2864/75/789
f 2865/78/790 2867/80/755 2868/79/755 2866/77/790
f 2867/80/755 2869/82/756 2870/81/756 2868/79/755
f 2869/82/756 2871/84/757 2872/83/757 2870/81/756
f 2871/84/757 2873/86/258 2874/85/258 2872/83/757
f 2873/86/258 2875/88/758 2876/87/758 2874/85/258
f 2875/88/758 2877/90/759 2878/89/759 2876/87/758
f 2877/90/759 2879/92/760 2880/91/760 2878/89/759
f 2879/92/760 2881/94/761 2882/93/761 2880/91/760
f 2881/94/761 2883/96/762 2884/95/762 2882/93/761
f 2883/96/762 2793/98/49 2796/97/49 2884/95/762
f 2701/5/3 2702/1/3 2794/1/3 2793/5/3
f 2703/2/25 2704/6/25 2796/6/25 2795/2/25
f 2702/1/3 2705/4/3 2797/4/3 2794/1/3
f 2706/3/25 2703/2/25 2795/2/25 2798/3/25
f 2705/4/3 2707/8/3 2799/8/3 2797/4/3
f 2708/7/25 2706/3/25 2798/3/25 2800/7/25
f 2707/8/3 2709/10/3 2801/10/3 2799/8/3
f 2710/9/25 2708/7/25 2800/7/25 2802/9/25
f 2709/10/3 2711/12/3 2803/12/3 2801/10/3
f 2712/11/25 2710/9/25 2802/9/25 2804/11/25
f 2711/12/3 2713/14/3 2805/14/3 2803/12/3
f 2714/13/25 2712/11/25 2804/11/25 2806/13/25
f 2713/14/3 2715/16/3 2807/16/3 2805/14/3
f 2716/15/25 2714/13/25 2806/13/25 2808/15/25
f 2715/16/3 2717/18/3 2809/18/3 2807/16/3
f 2718/17/25 2716/15/25 2808/15/25 2810/17/25
f 2717/18/3 2719/20/3 2811/20/3 2809/18/3
f 2720/19/25 2718/17/25 2810/17/25 2812/19/25
f 2719/20/3 2721/22/3 2813/22/3 2811/20/3
f 2722/21/25 2720/19/25 2812/19/25 2814/21/25
f 2721/22/3 2723/24/3 2815/24/3 2813/22/3
f 2724/23/25 2722/21/25 2814/21/25 2816/23/25
f 2723/24/791 2724/23/791 2816/23/791 2815/24/791
f 2726/27/792 2725/28/792 2817/28/792 2818/27/792
f 2725/28/3 2727/30/3 2819/30/3 2817/28/3
f 2728/29/25 2726/27/25 2818/27/25 2820/29/25
f 2727/30/3 2729/32/3 2821/32/3 2819/30/3
f 2730/31/25 2728/29/25 2820/29/25 2822/31/25
f 2729/32/3 2731/34/3 2823/34/3 2821/32/3
f 2732/33/25 2730/31/25 2822/31/25 2824/33/25
f 2731/34/3 2733/36/3 2825/36/3 2823/34/3
f 2734/35/25 2732/33/25 2824/33/25 2826/35/25
f 2733/36/3 2735/38/3 2827/38/3 2825/36/3
f 2736/37/25 2734/35/25 2826/35/25 2828/37/25
f 2735/38/3 2737/40/3 2829/40/3 2827/38/3
f 2738/39/25 2736/37/25 2828/37/25 2830/39/25
f 2737/40/3 2739/42/3 2831/42/3 2829/40/3
f 2740/41/25 2738/39/25 2830/39/25 2832/41/25
f 2739/42/3 2741/44/3 2833/44/3 2831/42/3
f 2742/43/25 2740/41/25 2832/41/25 2834/43/25
f 2741/44/3 2743/46/3 2835/46/3 2833/44/3
f 2744/45/25 2742/43/25 2834/43/25 2836/45/25
f 2743/46/3 2745/48/3 2837/48/3 2835/46/3
f 2746/47/25 2744/45/25 2836/45/25 2838/47/25
f 2745/48/3 2747/50/3 2839/50/3 2837/48/3
f 2748/49/25 2746/47/25 2838/47/25 2840/49/25
f 2747/50/3 2749/52/3 2841/52/3 2839/50/3
f 2750/51/25 2748/49/25 2840/49/25 2842/51/25
f 2749/52/3 2751/54/3 2843/54/3 2841/52/3
f 2752/53/25 2750/51/25 2842/51/25 2844/53/25
f 2751/54/3 2753/56/3 2845/56/3 2843/54/3
f 2754/55/25 2752/53/25 2844/53/25 2846/55/25
f 2753/56/3 2755/58/3 2847/58/3 2845/56/3
f 2756/57/25 2754/55/25 2846/55/25 2848/57/25
f 2755/58/3 2757/60/3 2849/60/3 2847/58/3
f 2758/59/25 2756/57/25 2848/57/25 2850/59/25
f 2757/60/3 2759/62/3 2851/62/3 2849/60/3
f 2760/61/25 2758/59/25 2850/59/25 2852/61/25
f 2759/62/3 2761/64/3 2853/64/3 2851/62/3
f 2762/63/25 2760/61/25 2852/61/25 2854/63/25
f 2761/64/3 2763/66/3 2855/66/3 2853/64/3
f 2764/65/25 2762/63/25 2854/63/25 2856/65/25
f 2763/66/3 2765/68/3 2857/68/3 2855/66/3
f 2766/67/25 2764/65/25 2856/65/25 2858/67/25
f 2765/68/3 2767/70/3 2859/70/3 2857/68/3
f 2768/69/25 2766/67/25 2858/67/25 2860/69/25
f 2767/70/3 2769/72/3 2861/72/3 2859/70/3
f 2770/71/25 2768/69/25 2860/69/25 2862/71/25
f 2769/72/793 2770/71/793 2862/71/793 2861/72/793
f 2772/75/794 2771/76/794 2863/76/794 2864/75/794
f 2771/76/3 2773/78/3 2865/78/3 2863/76/3
f 2774/77/25 2772/75/25 2864/75/25 2866/77/25
f 2773/78/3 2775/80/3 2867/80/3 2865/78/3
f 2776/79/25 2774/77/25 2866/77/25 2868/79/25
f 2775/80/3 2777/82/3 2869/82/3 2867/80/3
f 2778/81/25 2776/79/25 2868/79/25 2870/81/25
f 2777/82/3 2779/84/3 2871/84/3 2869/82/3
f 2780/83/25 2778/81/25 2870/81/25 2872/83/25
f 2779/84/3 2781/86/3 2873/86/3 2871/84/3
f 2782/85/25 2780/83/25 2872/83/25 2874/85/25
f 2781/86/3 2783/88/3 2875/88/3 2873/86/3
f 2784/87/25 2782/85/25 2874/85/25 2876/87/25
f 2783/88/3 2785/90/3 2877/90/3 2875/88/3
f 2786/89/25 2784/87/25 2876/87/25 2878/89/25
f 2785/90/3 2787/92/3 2879/92/3 2877/90/3
f 2788/91/25 2786/89/25 2878/89/25 2880/91/25
f 2787/92/3 2789/94/3 2881/94/3 2879/92/3
f 2790/93/25 2788/91/25 2880/91/25 2882/93/25
f 2789/94/3 2791/96/3 2883/96/3 2881/94/3
f 2792/95/25 2790/93/25 2882/93/25 2884/95/25
f 2791/96/3 2701/98/3 2793/98/3 2883/96/3
f 2704/97/25 2792/95/25 2884/95/25 2796/97/25
f 2977/99/51 2978/100/52 2985/101/53 2984/102/54
f 2978/100/52 2979/103/55 2986/104/56 2985/101/53
f 2979/103/55 2980/105/57 2987/106/58 2986/104/56
f 2980/105/57 2981/107/59 2988/108/60 2987/106/58
f 2981/107/59 2982/109/61 2989/110/62 2988/108/60
f 2982/109/61 2983/111/63 2990/112/64 2989/110/62
f 2984/102/54 2985/101/53 2992/113/65 2991/114/66
f 2985/101/53 2986/104/56 2993/115/67 2992/113/65
f 2986/104/56 2987/106/58 2994/116/68 2993/115/67
f 2987/106/58 2988/108/60 2995/117/69 2994/116/68
f 2988/108/60 2989/110/62 2996/118/70 2995/117/69
f 2989/110/62 2990/112/64 2997/119/71 2996/118/70
f 2991/114/66 2992/113/65 2999/120/72 2998/121/73
f 2992/113/65 2993/115/67 3000/122/74 2999/120/72
f 2993/115/67 2994/116/68 3001/123/37 3000/122/74
f 2994/116/68 2995/117/69 3002/124/75 3001/123/37
f 2995/117/69 2996/118/70 3003/125/76 3002/124/75
f 2996/118/70 2997/119/71 3004/126/77 3003/125/76
f 2998/121/73 2999/120/72 3006/127/78 3005/128/79
f 2999/120/72 3000/122/74 3007/129/80 3006/127/78
f 3000/122/74 3001/123/37 3008/130/81 3007/129/80
f 3001/123/37 3002/124/75 3009/131/82 3008/130/81
f 3002/124/75 3003/125/76 3010/132/83 3009/131/82
f 3003/125/76 3004/126/77 3011/133/84 3010/132/83
f 3005/128/79 3006/127/78 3013/134/85 3012/135/86
f 3006/127/78 3007/129/80 3014/136/87 3013/134/85
f 3007/129/80 3008/130/81 3015/137/88 3014/136/87
f 3008/130/81 3009/131/82 3016/138/89 3015/137/88
f 3009/131/82 3010/132/83 3017/139/90 3016/138/89
f 3010/132/83 3011/133/84 3018/140/91 3017/139/90
f 3012/135/86 3013/134/85 3020/141/92 3019/142/93
f 3013/134/85 3014/136/87 3021/143/94 3020/141/92
f 3014/136/87 3015/137/88 3022/144/95 3021/143/94
f 3015/137/88 3016/138/89 3023/145/96 3022/144/95
f 3016/138/89 3017/139/90 3024/146/97 3023/145/96
f 3017/139/90 3018/140/91 3025/147/98 3024/146/97
f 2885/148/795 2900/149/100 2977/99/51 2899/150/101
f 2900/149/100 2901/151/102 2978/100/52 2977/99/51
f 2901/151/102 2902/152/103 2979/103/55 2978/100/52
f 2902/152/103 2903/153/31 2980/105/57 2979/103/55
f 2903/153/31 2904/154/104 2981/107/59 2980/105/57
f 2904/154/104 2905/155/105 2982/109/61 2981/107/59
f 2905/155/105 2906/156/106 2983/111/63 2982/109/61
f 2906/156/106 2886/157/107 2907/158/108 2983/111/63
f 2983/111/63 2907/158/108 2908/159/109 2990/112/64
f 2990/112/64 2908/159/109 2909/160/110 2997/119/71
f 2997/119/71 2909/160/110 2910/161/111 3004/126/77
f 3004/126/77 2910/161/111 2911/162/112 3011/133/84
f 3011/133/84 2911/162/112 2912/163/113 3018/140/91
f 3018/140/91 2912/163/113 2913/164/114 3025/147/98
f 3025/147/98 2913/164/114 2888/165/492 2914/166/116
f 3024/146/97 3025/147/98 2914/166/116 2915/167/117
f 3023/145/96 3024/146/97 2915/167/117 2916/168/118
f 3022/144/95 3023/145/96 2916/168/118 2917/169/43
f 3021/143/94 3022/144/95 2917/169/43 2918/170/119
f 3020/141/92 3021/143/94 2918/170/119 2919/171/120
f 3019/142/93 3020/141/92 2919/171/120 2920/172/121
f 2893/173/122 3019/142/93 2920/172/121 2887/174/123
f 2894/175/124 3012/135/86 3019/142/93 2893/173/122
f 2895/176/125 3005/128/79 3012/135/86 2894/175/124
f 2896/177/126 2998/121/73 3005/128/79 2895/176/125
f 2897/178/127 2991/114/66 2998/121/73 2896/177/126
f 2898/179/128 2984/102/54 2991/114/66 2897/178/127
f 2899/150/101 2977/99/51 2984/102/54 2898/179/128
f 3026/180/129 3027/181/130 3034/182/131 3033/183/132
f 3027/181/130 3028/184/133 3035/185/134 3034/182/131
f 3028/184/133 3029/186/135 3036/187/136 3035/185/134
f 3029/186/135 3030/188/137 3037/189/138 3036/187/136
f 3030/188/137 3031/190/139 3038/191/140 3037/189/138
f 3031/190/139 3032/192/141 3039/193/142 3038/191/140
f 3033/183/132 3034/182/131 3041/194/143 3040/195/508
f 3034/182/131 3035/185/134 3042/196/647 3041/194/143
f 3035/185/134 3036/187/136 3043/197/146 3042/196/647
f 3036/187/136 3037/189/138 3044/198/648 3043/197/146
f 3037/189/138 3038/191/140 3045/199/148 3044/198/648
f 3038/191/140 3039/193/142 3046/200/493 3045/199/148
f 3040/195/508 3041/194/143 3048/576/505 3047/577/509
f 3041/194/143 3042/196/647 3049/578/504 3048/576/505
f 3042/196/647 3043/197/146 3050/579/3 3049/578/504
f 3043/197/146 3044/198/648 3051/580/499 3050/579/3
f 3044/198/648 3045/199/148 3052/581/495 3051/580/499
f 3045/199/148 3046/200/493 3053/582/494 3052/581/495
f 3047/577/509 3048/576/505 3055/202/151 3054/201/510
f 3048/576/505 3049/578/504 3056/205/649 3055/202/151
f 3049/578/504 3050/579/3 3057/207/156 3056/205/649
f 3050/579/3 3051/580/499 3058/209/650 3057/207/156
f 3051/580/499 3052/581/495 3059/211/160 3058/209/650
f 3052/581/495 3053/582/494 3060/213/496 3059/211/160
f 3054/201/510 3055/202/151 3062/203/152 3061/204/153
f 3055/202/151 3056/205/649 3063/206/155 3062/203/152
f 3056/205/649 3057/207/156 3064/208/157 3063/206/155
f 3057/207/156 3058/209/650 3065/210/159 3064/208/157
f 3058/209/650 3059/211/160 3066/212/161 3065/210/159
f 3059/211/160 3060/213/496 3067/214/163 3066/212/161
f 3061/204/153 3062/203/152 3069/215/164 3068/216/165
f 3062/203/152 3063/206/155 3070/217/166 3069/215/164
f 3063/206/155 3064/208/157 3071/218/167 3070/217/166
f 3064/208/157 3065/210/159 3072/219/168 3071/218/167
f 3065/210/159 3066/212/161 3073/220/169 3072/219/168
f 3066/212/161 3067/214/163 3074/221/170 3073/220/169
f 2887/174/123 2920/172/121 3026/180/129 2927/222/171
f 2920/172/121 2919/171/120 3027/181/130 3026/180/129
f 2919/171/120 2918/170/119 3028/184/133 3027/181/130
f 2918/170/119 2917/169/43 3029/186/135 3028/184/133
f 2917/169/43 2916/168/118 3030/188/137 3029/186/135
f 2916/168/118 2915/167/117 3031/190/139 3030/188/137
f 2915/167/117 2914/166/116 3032/192/141 3031/190/139
f 2914/166/116 2888/165/492 2928/223/172 3032/192/141
f 3032/192/141 2928/223/172 2929/224/173 3039/193/142
f 3039/193/142 2929/224/173 2930/225/174 3046/200/493
f 3046/200/493 2930/225/174 2931/583/491 3053/582/494
f 3053/582/494 2931/583/491 2932/226/175 3060/213/496
f 3060/213/496 2932/226/175 2933/227/176 3067/214/163
f 3067/214/163 2933/227/176 2934/228/177 3074/221/170
f 3074/221/170 2934/228/177 2892/229/467 2935/230/179
f 3073/220/169 3074/221/170 2935/230/179 2936/231/180
f 3072/219/168 3073/220/169 2936/231/180 2937/232/181
f 3071/218/167 3072/219/168 2937/232/181 2938/233/7
f 3070/217/166 3071/218/167 2938/233/7 2939/234/182
f 3069/215/164 3070/217/166 2939/234/182 2940/235/183
f 3068/216/165 3069/215/164 2940/235/183 2941/236/184
f 2921/237/185 3068/216/165 2941/236/184 2891/238/511
f 2922/239/187 3061/204/153 3068/216/165 2921/237/185
f 2923/240/188 3054/201/510 3061/204/153 2922/239/187
f 2924/584/512 3047/577/509 3054/201/510 2923/240/188
f 2925/242/190 3040/195/508 3047/577/509 2924/584/512
f 2926/241/189 3033/183/132 3040/195/508 2925/242/190
f 2927/222/171 3026/180/129 3033/183/132 2926/241/189
f 3075/243/191 3076/244/192 3083/245/193 3082/246/194
f 3076/244/192 3077/247/195 3084/248/196 3083/245/193
f 3077/247/195 3078/249/197 3085/250/198 3084/248/196
f 3078/249/197 3079/251/199 3086/252/200 3085/250/198
f 3079/251/199 3080/253/201 3087/254/202 3086/252/200
f 3080/253/201 3081/255/203 3088/256/204 3087/254/202
f 3082/246/194 3083/245/193 3090/257/205 3089/258/206
f 3083/245/193 3084/248/196 3091/259/207 3090/257/205
f 3084/248/196 3085/250/198 3092/260/208 3091/259/207
f 3085/250/198 3086/252/200 3093/261/209 3092/260/208
f 3086/252/200 3087/254/202 3094/262/210 3093/261/209
f 3087/254/202 3088/256/204 3095/263/211 3094/262/210
f 3089/258/206 3090/257/205 3097/264/212 3096/265/213
f 3090/257/205 3091/259/207 3098/266/214 3097/264/212
f 3091/259/207 3092/260/208 3099/267/13 3098/266/214
f 3092/260/208 3093/261/209 3100/268/215 3099/267/13
f 3093/261/209 3094/262/210 3101/269/216 3100/268/215
f 3094/262/210 3095/263/211 3102/270/217 3101/269/216
f 3096/265/213 3097/264/212 3104/271/218 3103/272/219
f 3097/264/212 3098/266/214 3105/273/220 3104/271/218
f 3098/266/214 3099/267/13 3106/274/221 3105/273/220
f 3099/267/13 3100/268/215 3107/275/222 3106/274/221
f 3100/268/215 3101/269/216 3108/276/223 3107/275/222
f 3101/269/216 3102/270/217 3109/277/224 3108/276/223
f 3103/272/219 3104/271/218 3111/278/225 3110/279/226
f 3104/271/218 3105/273/220 3112/280/227 3111/278/225
f 3105/273/220 3106/274/221 3113/281/228 3112/280/227
f 3106/274/221 3107/275/222 3114/282/229 3113/281/228
f 3107/275/222 3108/276/223 3115/283/230 3114/282/229
f 3108/276/223 3109/277/224 3116/284/231 3115/283/230
f 3110/279/226 3111/278/225 3118/285/232 3117/286/233
f 3111/278/225 3112/280/227 3119/287/234 3118/285/232
f 3112/280/227 3113/281/228 3120/288/235 3119/287/234
f 3113/281/228 3114/282/229 3121/289/236 3120/288/235
f 3114/282/229 3115/283/230 3122/290/237 3121/289/236
f 3115/283/230 3116/284/231 3123/291/238 3122/290/237
f 2891/238/511 2941/236/184 3075/243/191 2948/292/239
f 2941/236/184 2940/235/183 3076/244/192 3075/243/191
f 2940/235/183 2939/234/182 3077/247/195 3076/244/192
f 2939/234/182 2938/233/7 3078/249/197 3077/247/195
f 2938/233/7 2937/232/181 3079/251/199 3078/249/197
f 2937/232/181 2936/231/180 3080/253/201 3079/251/199
f 2936/231/180 2935/230/179 3081/255/203 3080/253/201
f 2935/230/179 2892/229/467 2949/293/466 3081/255/203
f 3081/255/203 2949/293/466 2950/294/241 3088/256/204
f 3088/256/204 2950/294/241 2951/295/242 3095/263/211
f 3095/263/211 2951/295/242 2952/296/243 3102/270/217
f 3102/270/217 2952/296/243 2953/297/244 3109/277/224
f 3109/277/224 2953/297/244 2954/298/245 3116/284/231
f 3116/284/231 2954/298/245 2955/299/246 3123/291/238
f 3123/291/238 2955/299/246 2890/300/796 2956/301/248
f 3122/290/237 3123/291/238 2956/301/248 2957/302/249
f 3121/289/236 3122/290/237 2957/302/249 2958/303/250
f 3120/288/235 3121/289/236 2958/303/250 2959/304/19
f 3119/287/234 3120/288/235 2959/304/19 2960/305/251
f 3118/285/232 3119/287/234 2960/305/251 2961/306/252
f 3117/286/233 3118/285/232 2961/306/252 2962/307/253
f 2942/308/254 3117/286/233 2962/307/253 2889/309/797
f 2943/310/256 3110/279/226 3117/286/233 2942/308/254
f 2944/311/257 3103/272/219 3110/279/226 2943/310/256
f 2945/312/258 3096/265/213 3103/272/219 2944/311/257
f 2946/313/259 3089/258/206 3096/265/213 2945/312/258
f 2947/314/260 3082/246/194 3089/258/206 2946/313/259
f 2948/292/239 3075/243/191 3082/246/194 2947/314/260
f 3124/315/261 3125/316/262 3132/317/263 3131/318/264
f 3125/316/262 3126/319/265 3133/320/266 3132/317/263
f 3126/319/265 3127/321/267 3134/322/268 3133/320/266
f 3127/321/267 3128/323/269 3135/324/270 3134/322/268
f 3128/323/269 3129/325/271 3136/326/272 3135/324/270
f 3129/325/271 3130/327/273 3137/328/274 3136/326/272
f 3131/318/264 3132/317/263 3139/329/275 3138/330/534
f 3132/317/263 3133/320/266 3140/331/633 3139/329/275
f 3133/320/266 3134/322/268 3141/332/278 3140/331/633
f 3134/322/268 3135/324/270 3142/333/634 3141/332/278
f 3135/324/270 3136/326/272 3143/334/280 3142/333/634
f 3136/326/272 3137/328/274 3144/335/548 3143/334/280
f 3138/330/534 3139/329/275 3146/585/533 3145/586/532
f 3139/329/275 3140/331/633 3147/587/537 3146/585/533
f 3140/331/633 3141/332/278 3148/588/25 3147/587/537
f 3141/332/278 3142/333/634 3149/589/542 3148/588/25
f 3142/333/634 3143/334/280 3150/590/543 3149/589/542
f 3143/334/280 3144/335/548 3151/591/547 3150/590/543
f 3145/586/532 3146/585/533 3153/337/283 3152/336/531
f 3146/585/533 3147/587/537 3154/340/635 3153/337/283
f 3147/587/537 3148/588/25 3155/342/288 3154/340/635
f 3148/588/25 3149/589/542 3156/344/636 3155/342/288
f 3149/589/542 3150/590/543 3157/346/292 3156/344/636
f 3150/590/543 3151/591/547 3158/348/546 3157/346/292
f 3152/336/531 3153/337/283 3160/338/284 3159/339/285
f 3153/337/283 3154/340/635 3161/341/287 3160/338/284
f 3154/340/635 3155/342/288 3162/343/289 3161/341/287
f 3155/342/288 3156/344/636 3163/345/291 3162/343/289
f 3156/344/636 3157/346/292 3164/347/293 3163/345/291
f 3157/346/292 3158/348/546 3165/349/295 3164/347/293
f 3159/339/285 3160/338/284 3167/350/296 3166/351/297
f 3160/338/284 3161/341/287 3168/352/298 3167/350/296
f 3161/341/287 3162/343/289 3169/353/299 3168/352/298
f 3162/343/289 3163/345/291 3170/354/300 3169/353/299
f 3163/345/291 3164/347/293 3171/355/301 3170/354/300
f 3164/347/293 3165/349/295 3172/356/302 3171/355/301
f 2889/309/797 2962/307/253 3124/315/261 2969/357/303
f 2962/307/253 2961/306/252 3125/316/262 3124/315/261
f 2961/306/252 2960/305/251 3126/319/265 3125/316/262
f 2960/305/251 2959/304/19 3127/321/267 3126/319/265
f 2959/304/19 2958/303/250 3128/323/269 3127/321/267
f 2958/303/250 2957/302/249 3129/325/271 3128/323/269
f 2957/302/249 2956/301/248 3130/327/273 3129/325/271
f 2956/301/248 2890/300/796 2970/358/304 3130/327/273
f 3130/327/273 2970/358/304 2971/359/305 3137/328/274
f 3137/328/274 2971/359/305 2972/360/306 3144/335/548
f 3144/335/548 2972/360/306 2973/592/488 3151/591/547
f 3151/591/547 2973/592/488 2974/361/307 3158/348/546
f 3158/348/546 2974/361/307 2975/362/308 3165/349/295
f 3165/349/295 2975/362/308 2976/363/309 3172/356/302
f 3172/356/302 2976/363/309 2886/364/107 2906/365/106
f 3171/355/301 3172/356/302 2906/365/106 2905/366/105
f 3170/354/300 3171/355/301 2905/366/105 2904/367/104
f 3169/353/299 3170/354/300 2904/367/104 2903/368/31
f 3168/352/298 3169/353/299 2903/368/31 2902/369/103
f 3167/350/296 3168/352/298 2902/369/103 2901/370/102
f 3166/351/297 3167/350/296 2901/370/102 2900/371/100
f 2963/372/310 3166/351/297 2900/371/100 2885/373/795
f 2964/374/311 3159/339/285 3166/351/297 2963/372/310
f 2965/375/312 3152/336/531 3159/339/285 2964/374/311
f 2966/593/529 3145/586/532 3152/336/531 2965/375/312
f 2967/377/314 3138/330/534 3145/586/532 2966/593/529
f 2968/376/313 3131/318/264 3138/330/534 2967/377/314
f 2969/357/303 3124/315/261 3131/318/264 2968/376/313
f 3173/378/315 3174/379/316 3181/380/317 3180/381/318
f 3174/379/316 3175/382/514 3182/383/320 3181/380/317
f 3175/382/514 3176/594/515 3183/595/516 3182/383/320
f 3176/594/515 3177/384/517 3184/387/324 3183/595/516
f 3177/384/517 3178/385/322 3185/386/323 3184/387/324
f 3178/385/322 3179/388/325 3186/389/326 3185/386/323
f 3180/381/318 3181/380/317 3188/390/327 3187/391/328
f 3181/380/317 3182/383/320 3189/392/518 3188/390/327
f 3182/383/320 3183/595/516 3190/596/519 3189/392/518
f 3183/595/516 3184/387/324 3191/394/520 3190/596/519
f 3184/387/324 3185/386/323 3192/393/330 3191/394/520
f 3185/386/323 3186/389/326 3193/395/332 3192/393/330
f 3187/391/328 3188/390/327 3195/396/333 3194/397/334
f 3188/390/327 3189/392/518 3196/398/335 3195/396/333
f 3189/392/518 3190/596/519 3197/597/49 3196/398/335
f 3190/596/519 3191/394/520 3198/400/337 3197/597/49
f 3191/394/520 3192/393/330 3199/399/336 3198/400/337
f 3192/393/330 3193/395/332 3200/401/338 3199/399/336
f 3194/397/334 3195/396/333 3202/402/339 3201/403/340
f 3195/396/333 3196/398/335 3203/404/521 3202/402/339
f 3196/398/335 3197/597/49 3204/598/522 3203/404/521
f 3197/597/49 3198/400/337 3205/406/523 3204/598/522
f 3198/400/337 3199/399/336 3206/405/342 3205/406/523
f 3199/399/336 3200/401/338 3207/407/344 3206/405/342
f 3201/403/340 3202/402/339 3209/408/345 3208/409/346
f 3202/402/339 3203/404/521 3210/410/347 3209/408/345
f 3203/404/521 3204/598/522 3211/599/524 3210/410/347
f 3204/598/522 3205/406/523 3212/412/349 3211/599/524
f 3205/406/523 3206/405/342 3213/411/348 3212/412/349
f 3206/405/342 3207/407/344 3214/413/350 3213/411/348
f 3208/409/346 3209/408/345 3216/414/351 3215/415/352
f 3209/408/345 3210/410/347 3217/416/525 3216/414/351
f 3210/410/347 3211/599/524 3218/600/526 3217/416/525
f 3211/599/524 3212/412/349 3219/418/527 3218/600/526
f 3212/412/349 3213/411/348 3220/417/354 3219/418/527
f 3213/411/348 3214/413/350 3221/419/356 3220/417/354
f 2887/420/123 2927/421/171 3173/378/315 2893/422/122
f 2927/421/171 2926/423/189 3174/379/316 3173/378/315
f 2926/423/189 2925/424/190 3175/382/514 3174/379/316
f 2925/424/190 2924/601/512 3176/594/515 3175/382/514
f 2924/601/512 2923/425/188 3177/384/517 3176/594/515
f 2923/425/188 2922/426/187 3178/385/322 3177/384/517
f 2922/426/187 2921/427/185 3179/388/325 3178/385/322
f 2921/427/185 2891/238/511 2948/292/239 3179/388/325
f 3179/388/325 2948/292/239 2947/314/260 3186/389/326
f 3186/389/326 2947/314/260 2946/313/259 3193/395/332
f 3193/395/332 2946/313/259 2945/312/258 3200/401/338
f 3200/401/338 2945/312/258 2944/311/257 3207/407/344
f 3207/407/344 2944/311/257 2943/310/256 3214/413/350
f 3214/413/350 2943/310/256 2942/308/254 3221/419/356
f 3221/419/356 2942/308/254 2889/309/797 2969/428/303
f 3220/417/354 3221/419/356 2969/428/303 2968/429/313
f 3219/418/527 3220/417/354 2968/429/313 2967/430/314
f 3218/600/526 3219/418/527 2967/430/314 2966/602/529
f 3217/416/525 3218/600/526 2966/602/529 2965/431/312
f 3216/414/351 3217/416/525 2965/431/312 2964/432/311
f 3215/415/352 3216/414/351 2964/432/311 2963/433/310
f 2899/434/101 3215/415/352 2963/433/310 2885/435/795
f 2898/436/128 3208/409/346 3215/415/352 2899/434/101
f 2897/437/127 3201/403/340 3208/409/346 2898/436/128
f 2896/438/126 3194/397/334 3201/403/340 2897/437/127
f 2895/439/125 3187/391/328 3194/397/334 2896/438/126
f 2894/440/124 3180/381/318 3187/391/328 2895/439/125
f 2893/422/122 3173/378/315 3180/381/318 2894/440/124
f 3222/441/357 3223/442/358 3230/443/359 3229/444/360
f 3223/442/358 3224/445/486 3231/446/362 3230/443/359
f 3224/445/486 3225/603/485 3232/604/483 3231/446/362
f 3225/603/485 3226/447/484 3233/450/366 3232/604/483
f 3226/447/484 3227/448/364 3234/449/365 3233/450/366
f 3227/448/364 3228/451/367 3235/452/368 3234/449/365
f 3229/444/360 3230/443/359 3237/453/369 3236/454/370
f 3230/443/359 3231/446/362 3238/455/482 3237/453/369
f 3231/446/362 3232/604/483 3239/605/481 3238/455/482
f 3232/604/483 3233/450/366 3240/457/480 3239/605/481
f 3233/450/366 3234/449/365 3241/456/372 3240/457/480
f 3234/449/365 3235/452/368 3242/458/374 3241/456/372
f 3236/454/370 3237/453/369 3244/459/375 3243/460/376
f 3237/453/369 3238/455/482 3245/461/377 3244/459/375
f 3238/455/482 3239/605/481 3246/606/50 3245/461/377
f 3239/605/481 3240/457/480 3247/463/379 3246/606/50
f 3240/457/480 3241/456/372 3248/462/378 3247/463/379
f 3241/456/372 3242/458/374 3249/464/380 3248/462/378
f 3243/460/376 3244/459/375 3251/465/381 3250/466/382
f 3244/459/375 3245/461/377 3252/467/479 3251/465/381
f 3245/461/377 3246/606/50 3253/607/478 3252/467/479
f 3246/606/50 3247/463/379 3254/469/477 3253/607/478
f 3247/463/379 3248/462/378 3255/468/384 3254/469/477
f 3248/462/378 3249/464/380 3256/470/386 3255/468/384
f 3250/466/382 3251/465/381 3258/471/387 3257/472/388
f 3251/465/381 3252/467/479 3259/473/389 3258/471/387
f 3252/467/479 3253/607/478 3260/608/475 3259/473/389
f 3253/607/478 3254/469/477 3261/475/391 3260/608/475
f 3254/469/477 3255/468/384 3262/474/390 3261/475/391
f 3255/468/384 3256/470/386 3263/476/392 3262/474/390
f 3257/472/388 3258/471/387 3265/477/393 3264/478/394
f 3258/471/387 3259/473/389 3266/479/476 3265/477/393
f 3259/473/389 3260/608/475 3267/609/474 3266/479/476
f 3260/608/475 3261/475/391 3268/481/473 3267/609/474
f 3261/475/391 3262/474/390 3269/480/396 3268/481/473
f 3262/474/390 3263/476/392 3270/482/398 3269/480/396
f 2892/229/467 2934/483/177 3222/441/357 2949/293/466
f 2934/483/177 2933/484/176 3223/442/358 3222/441/357
f 2933/484/176 2932/485/175 3224/445/486 3223/442/358
f 2932/485/175 2931/610/491 3225/603/485 3224/445/486
f 2931/610/491 2930/486/174 3226/447/484 3225/603/485
f 2930/486/174 2929/487/173 3227/448/364 3226/447/484
f 2929/487/173 2928/488/172 3228/451/367 3227/448/364
f 2928/488/172 2888/489/492 2913/490/114 3228/451/367
f 3228/451/367 2913/490/114 2912/491/113 3235/452/368
f 3235/452/368 2912/491/113 2911/492/112 3242/458/374
f 3242/458/374 2911/492/112 2910/493/111 3249/464/380
f 3249/464/380 2910/493/111 2909/494/110 3256/470/386
f 3256/470/386 2909/494/110 2908/495/109 3263/476/392
f 3263/476/392 2908/495/109 2907/496/108 3270/482/398
f 3270/482/398 2907/496/108 2886/497/107 2976/498/309
f 3269/480/396 3270/482/398 2976/498/309 2975/499/308
f 3268/481/473 3269/480/396 2975/499/308 2974/500/307
f 3267/609/474 3268/481/473 2974/500/307 2973/611/488
f 3266/479/476 3267/609/474 2973/611/488 2972/501/306
f 3265/477/393 3266/479/476 2972/501/306 2971/502/305
f 3264/478/394 3265/477/393 2971/502/305 2970/503/304
f 2955/299/246 3264/478/394 2970/503/304 2890/300/796
f 2954/298/245 3257/472/388 3264/478/394 2955/299/246
f 2953/297/244 3250/466/382 3257/472/388 2954/298/245
f 2952/296/243 3243/460/376 3250/466/382 2953/297/244
f 2951/295/242 3236/454/370 3243/460/376 2952/296/243
f 2950/294/241 3229/444/360 3236/454/370 2951/295/242
f 2949/293/466 3222/441/357 3229/444/360 2950/294/241
f 3359/99/51 3360/100/52 3367/101/53 3366/102/54
f 3360/100/52 3361/103/55 3368/104/56 3367/101/53
f 3361/103/55 3362/105/57 3369/106/58 3368/104/56
f 3362/105/57 3363/107/59 3370/108/60 3369/106/58
f 3363/107/59 3364/109/61 3371/110/62 3370/108/60
f 3364/109/61 3365/111/63 3372/112/64 3371/110/62
f 3366/102/54 3367/101/53 3374/113/65 3373/114/66
f 3367/101/53 3368/104/56 3375/115/67 3374/113/65
f 3368/104/56 3369/106/58 3376/116/68 3375/115/67
f 3369/106/58 3370/108/60 3377/117/69 3376/116/68
f 3370/108/60 3371/110/62 3378/118/70 3377/117/69
f 3371/110/62 3372/112/64 3379/119/71 3378/118/70
f 3373/114/66 3374/113/65 3381/120/72 3380/121/73
f 3374/113/65 3375/115/67 3382/122/74 3381/120/72
f 3375/115/67 3376/116/68 3383/123/37 3382/122/74
f 3376/116/68 3377/117/69 3384/124/75 3383/123/37
f 3377/117/69 3378/118/70 3385/125/76 3384/124/75
f 3378/118/70 3379/119/71 3386/126/77 3385/125/76
f 3380/121/73 3381/120/72 3388/127/78 3387/128/79
f 3381/120/72 3382/122/74 3389/129/80 3388/127/78
f 3382/122/74 3383/123/37 3390/130/81 3389/129/80
f 3383/123/37 3384/124/75 3391/131/82 3390/130/81
f 3384/124/75 3385/125/76 3392/132/83 3391/131/82
f 3385/125/76 3386/126/77 3393/133/84 3392/132/83
f 3387/128/79 3388/127/78 3395/134/85 3394/135/86
f 3388/127/78 3389/129/80 3396/136/87 3395/134/85
f 3389/129/80 3390/130/81 3397/137/88 3396/136/87
f 3390/130/81 3391/131/82 3398/138/89 3397/137/88
f 3391/131/82 3392/132/83 3399/139/90 3398/138/89
f 3392/132/83 3393/133/84 3400/140/91 3399/139/90
f 3394/135/86 3395/134/85 3402/141/92 3401/142/93
f 3395/134/85 3396/136/87 3403/143/94 3402/141/92
f 3396/136/87 3397/137/88 3404/144/95 3403/143/94
f 3397/137/88 3398/138/89 3405/145/96 3404/144/95
f 3398/138/89 3399/139/90 3406/146/97 3405/145/96
f 3399/139/90 3400/140/91 3407/147/98 3406/146/97
f 3271/148/99 3286/149/100 3359/99/51 3285/150/101
f 3286/149/100 3287/151/102 3360/100/52 3359/99/51
f 3287/151/102 3288/152/103 3361/103/55 3360/100/52
f 3288/152/103 3289/153/31 3362/105/57 3361/103/55
f 3289/153/31 3290/154/104 3363/107/59 3362/105/57
f 3290/154/104 3291/155/105 3364/109/61 3363/107/59
f 3291/155/105 3292/156/106 3365/111/63 3364/109/61
f 3292/156/106 3272/157/107 3293/158/108 3365/111/63
f 3365/111/63 3293/158/108 3294/159/109 3372/112/64
f 3372/112/64 3294/159/109 3295/160/110 3379/119/71
f 3379/119/71 3295/160/110 3296/161/111 3386/126/77
f 3386/126/77 3296/161/111 3297/162/112 3393/133/84
f 3393/133/84 3297/162/112 3298/163/113 3400/140/91
f 3400/140/91 3298/163/113 3299/164/114 3407/147/98
f 3407/147/98 3299/164/114 3274/165/115 3300/166/116
f 3406/146/97 3407/147/98 3300/166/116 3301/167/117
f 3405/145/96 3406/146/97 3301/167/117 3302/168/118
f 3404/144/95 3405/145/96 3302/168/118 3303/169/43
f 3403/143/94 3404/144/95 3303/169/43 3304/170/119
f 3402/141/92 3403/143/94 3304/170/119 3305/171/120
f 3401/142/93 3402/141/92 3305/171/120 3306/172/121
f 3279/173/122 3401/142/93 3306/172/121 3273/174/123
f 3280/175/124 3394/135/86 3401/142/93 3279/173/122
f 3281/176/125 3387/128/79 3394/135/86 3280/175/124
f 3282/177/126 3380/121/73 3387/128/79 3281/176/125
f 3283/178/127 3373/114/66 3380/121/73 3282/177/126
f 3284/179/128 3366/102/54 3373/114/66 3283/178/127
f 3285/150/101 3359/99/51 3366/102/54 3284/179/128
f 3408/180/129 3409/181/130 3416/182/131 3415/183/132
f 3409/181/130 3410/184/133 3417/185/134 3416/182/131
f 3410/184/133 3411/186/135 3418/187/136 3417/185/134
f 3411/186/135 3412/188/137 3419/189/138 3418/187/136
f 3412/188/137 3413/190/139 3420/191/140 3419/189/138
f 3413/190/139 3414/192/141 3421/193/142 3420/191/140
f 3415/183/132 3416/182/131 3423/194/143 3422/195/144
f 3416/182/131 3417/185/134 3424/196/145 3423/194/143
f 3417/185/134 3418/187/136 3425/197/146 3424/196/145
f 3418/187/136 3419/189/138 3426/198/147 3425/197/146
f 3419/189/138 3420/191/140 3427/199/148 3426/198/147
f 3420/191/140 3421/193/142 3428/200/149 3427/199/148
f 3429/201/150 3430/202/151 3437/203/152 3436/204/153
f 3430/202/151 3431/205/154 3438/206/155 3437/203/152
f 3431/205/154 3432/207/156 3439/208/157 3438/206/155
f 3432/207/156 3433/209/158 3440/210/159 3439/208/157
f 3433/209/158 3434/211/160 3441/212/161 3440/210/159
f 3434/211/160 3435/213/162 3442/214/163 3441/212/161
f 3436/204/153 3437/203/152 3444/215/164 3443/216/165
f 3437/203/152 3438/206/155 3445/217/166 3444/215/164
f 3438/206/155 3439/208/157 3446/218/167 3445/217/166
f 3439/208/157 3440/210/159 3447/219/168 3446/218/167
f 3440/210/159 3441/212/161 3448/220/169 3447/219/168
f 3441/212/161 3442/214/163 3449/221/170 3448/220/169
f 3273/174/123 3306/172/121 3408/180/129 3312/222/171
f 3306/172/121 3305/171/120 3409/181/130 3408/180/129
f 3305/171/120 3304/170/119 3410/184/133 3409/181/130
f 3304/170/119 3303/169/43 3411/186/135 3410/184/133
f 3303/169/43 3302/168/118 3412/188/137 3411/186/135
f 3302/168/118 3301/167/117 3413/190/139 3412/188/137
f 3301/167/117 3300/166/116 3414/192/141 3413/190/139
f 3300/166/116 3274/165/115 3313/223/172 3414/192/141
f 3414/192/141 3313/223/172 3314/224/173 3421/193/142
f 3421/193/142 3314/224/173 3315/225/174 3428/200/149
f 3435/213/162 3316/226/175 3317/227/176 3442/214/163
f 3442/214/163 3317/227/176 3318/228/177 3449/221/170
f 3449/221/170 3318/228/177 3278/229/178 3319/230/179
f 3448/220/169 3449/221/170 3319/230/179 3320/231/180
f 3447/219/168 3448/220/169 3320/231/180 3321/232/181
f 3446/218/167 3447/219/168 3321/232/181 3322/233/7
f 3445/217/166 3446/218/167 3322/233/7 3323/234/182
f 3444/215/164 3445/217/166 3323/234/182 3324/235/183
f 3443/216/165 3444/215/164 3324/235/183 3325/236/184
f 3307/237/185 3443/216/165 3325/236/184 3277/238/186
f 3308/239/187 3436/204/153 3443/216/165 3307/237/185
f 3309/240/188 3429/201/150 3436/204/153 3308/239/187
f 3311/241/189 3415/183/132 3422/195/144 3310/242/190
f 3312/222/171 3408/180/129 3415/183/132 3311/241/189
f 3450/243/191 3451/244/192 3458/245/193 3457/246/194
f 3451/244/192 3452/247/195 3459/248/196 3458/245/193
f 3452/247/195 3453/249/197 3460/250/198 3459/248/196
f 3453/249/197 3454/251/199 3461/252/200 3460/250/198
f 3454/251/199 3455/253/201 3462/254/202 3461/252/200
f 3455/253/201 3456/255/203 3463/256/204 3462/254/202
f 3457/246/194 3458/245/193 3465/257/205 3464/258/206
f 3458/245/193 3459/248/196 3466/259/207 3465/257/205
f 3459/248/196 3460/250/198 3467/260/208 3466/259/207
f 3460/250/198 3461/252/200 3468/261/209 3467/260/208
f 3461/252/200 3462/254/202 3469/262/210 3468/261/209
f 3462/254/202 3463/256/204 3470/263/211 3469/262/210
f 3464/258/206 3465/257/205 3472/264/212 3471/265/213
f 3465/257/205 3466/259/207 3473/266/214 3472/264/212
f 3466/259/207 3467/260/208 3474/267/13 3473/266/214
f 3467/260/208 3468/261/209 3475/268/215 3474/267/13
f 3468/261/209 3469/262/210 3476/269/216 3475/268/215
f 3469/262/210 3470/263/211 3477/270/217 3476/269/216
f 3471/265/213 3472/264/212 3479/271/218 3478/272/219
f 3472/264/212 3473/266/214 3480/273/220 3479/271/218
f 3473/266/214 3474/267/13 3481/274/221 3480/273/220
f 3474/267/13 3475/268/215 3482/275/222 3481/274/221
f 3475/268/215 3476/269/216 3483/276/223 3482/275/222
f 3476/269/216 3477/270/217 3484/277/224 3483/276/223
f 3478/272/219 3479/271/218 3486/278/225 3485/279/226
f 3479/271/218 3480/273/220 3487/280/227 3486/278/225
f 3480/273/220 3481/274/221 3488/281/228 3487/280/227
f 3481/274/221 3482/275/222 3489/282/229 3488/281/228
f 3482/275/222 3483/276/223 3490/283/230 3489/282/229
f 3483/276/223 3484/277/224 3491/284/231 3490/283/230
f 3485/279/226 3486/278/225 3493/285/232 3492/286/233
f 3486/278/225 3487/280/227 3494/287/234 3493/285/232
f 3487/280/227 3488/281/228 3495/288/235 3494/287/234
f 3488/281/228 3489/282/229 3496/289/236 3495/288/235
f 3489/282/229 3490/283/230 3497/290/237 3496/289/236
f 3490/283/230 3491/284/231 3498/291/238 3497/290/237
f 3277/238/186 3325/236/184 3450/243/191 3332/292/239
f 3325/236/184 3324/235/183 3451/244/192 3450/243/191
f 3324/235/183 3323/234/182 3452/247/195 3451/244/192
f 3323/234/182 3322/233/7 3453/249/197 3452/247/195
f 3322/233/7 3321/232/181 3454/251/199 3453/249/197
f 3321/232/181 3320/231/180 3455/253/201 3454/251/199
f 3320/231/180 3319/230/179 3456/255/203 3455/253/201
f 3319/230/179 3278/229/178 3333/293/240 3456/255/203
f 3456/255/203 3333/293/240 3334/294/241 3463/256/204
f 3463/256/204 3334/294/241 3335/295/242 3470/263/211
f 3470/263/211 3335/295/242 3336/296/243 3477/270/217
f 3477/270/217 3336/296/243 3337/297/244 3484/277/224
f 3484/277/224 3337/297/244 3338/298/245 3491/284/231
f 3491/284/231 3338/298/245 3339/299/246 3498/291/238
f 3498/291/238 3339/299/246 3276/300/247 3340/301/248
f 3497/290/237 3498/291/238 3340/301/248 3341/302/249
f 3496/289/236 3497/290/237 3341/302/249 3342/303/250
f 3495/288/235 3496/289/236 3342/303/250 3343/304/19
f 3494/287/234 3495/288/235 3343/304/19 3344/305/251
f 3493/285/232 3494/287/234 3344/305/251 3345/306/252
f 3492/286/233 3493/285/232 3345/306/252 3346/307/253
f 3326/308/254 3492/286/233 3346/307/253 3275/309/255
f 3327/310/256 3485/279/226 3492/286/233 3326/308/254
f 3328/311/257 3478/272/219 3485/279/226 3327/310/256
f 3329/312/258 3471/265/213 3478/272/219 3328/311/257
f 3330/313/259 3464/258/206 3471/265/213 3329/312/258
f 3331/314/260 3457/246/194 3464/258/206 3330/313/259
f 3332/292/239 3450/243/191 3457/246/194 3331/314/260
f 3499/315/261 3500/316/262 3507/317/263 3506/318/264
f 3500/316/262 3501/319/265 3508/320/266 3507/317/263
f 3501/319/265 3502/321/267 3509/322/268 3508/320/266
f 3502/321/267 3503/323/269 3510/324/270 3509/322/268
f 3503/323/269 3504/325/271 3511/326/272 3510/324/270
f 3504/325/271 3505/327/273 3512/328/274 3511/326/272
f 3506/318/264 3507/317/263 3514/329/275 3513/330/276
f 3507/317/263 3508/320/266 3515/331/277 3514/329/275
f 3508/320/266 3509/322/268 3516/332/278 3515/331/277
f 3509/322/268 3510/324/270 3517/333/279 3516/332/278
f 3510/324/270 3511/326/272 3518/334/280 3517/333/279
f 3511/326/272 3512/328/274 3519/335/281 3518/334/280
f 3520/336/282 3521/337/283 3528/338/284 3527/339/285
f 3521/337/283 3522/340/286 3529/341/287 3528/338/284
f 3522/340/286 3523/342/288 3530/343/289 3529/341/287
f 3523/342/288 3524/344/290 3531/345/291 3530/343/289
f 3524/344/290 3525/346/292 3532/347/293 3531/345/291
f 3525/346/292 3526/348/294 3533/349/295 3532/347/293
f 3527/339/285 3528/338/284 3535/350/296 3534/351/297
f 3528/338/284 3529/341/287 3536/352/298 3535/350/296
f 3529/341/287 3530/343/289 3537/353/299 3536/352/298
f 3530/343/289 3531/345/291 3538/354/300 3537/353/299
f 3531/345/291 3532/347/293 3539/355/301 3538/354/300
f 3532/347/293 3533/349/295 3540/356/302 3539/355/301
f 3275/309/255 3346/307/253 3499/315/261 3352/357/303
f 3346/307/253 3345/306/252 3500/316/262 3499/315/261
f 3345/306/252 3344/305/251 3501/319/265 3500/316/262
f 3344/305/251 3343/304/19 3502/321/267 3501/319/265
f 3343/304/19 3342/303/250 3503/323/269 3502/321/267
f 3342/303/250 3341/302/249 3504/325/271 3503/323/269
f 3341/302/249 3340/301/248 3505/327/273 3504/325/271
f 3340/301/248 3276/300/247 3353/358/304 3505/327/273
f 3505/327/273 3353/358/304 3354/359/305 3512/328/274
f 3512/328/274 3354/359/305 3355/360/306 3519/335/281
f 3526/348/294 3356/361/307 3357/362/308 3533/349/295
f 3533/349/295 3357/362/308 3358/363/309 3540/356/302
f 3540/356/302 3358/363/309 3272/364/107 3292/365/106
f 3539/355/301 3540/356/302 3292/365/106 3291/366/105
f 3538/354/300 3539/355/301 3291/366/105 3290/367/104
f 3537/353/299 3538/354/300 3290/367/104 3289/368/31
f 3536/352/298 3537/353/299 3289/368/31 3288/369/103
f 3535/350/296 3536/352/298 3288/369/103 3287/370/102
f 3534/351/297 3535/350/296 3287/370/102 3286/371/100
f 3347/372/310 3534/351/297 3286/371/100 3271/373/99
f 3348/374/311 3527/339/285 3534/351/297 3347/372/310
f 3349/375/312 3520/336/282 3527/339/285 3348/374/311
f 3351/376/313 3506/318/264 3513/330/276 3350/377/314
f 3352/357/303 3499/315/261 3506/318/264 3351/376/313
f 3541/378/315 3542/379/316 3548/380/317 3547/381/318
f 3542/379/316 3543/382/319 3549/383/320 3548/380/317
f 3544/384/321 3545/385/322 3551/386/323 3550/387/324
f 3545/385/322 3546/388/325 3552/389/326 3551/386/323
f 3547/381/318 3548/380/317 3554/390/327 3553/391/328
f 3548/380/317 3549/383/320 3555/392/329 3554/390/327
f 3550/387/324 3551/386/323 3557/393/330 3556/394/331
f 3551/386/323 3552/389/326 3558/395/332 3557/393/330
f 3553/391/328 3554/390/327 3560/396/333 3559/397/334
f 3554/390/327 3555/392/329 3561/398/335 3560/396/333
f 3556/394/331 3557/393/330 3563/399/336 3562/400/337
f 3557/393/330 3558/395/332 3564/401/338 3563/399/336
f 3559/397/334 3560/396/333 3566/402/339 3565/403/340
f 3560/396/333 3561/398/335 3567/404/341 3566/402/339
f 3562/400/337 3563/399/336 3569/405/342 3568/406/343
f 3563/399/336 3564/401/338 3570/407/344 3569/405/342
f 3565/403/340 3566/402/339 3572/408/345 3571/409/346
f 3566/402/339 3567/404/341 3573/410/347 3572/408/345
f 3568/406/343 3569/405/342 3575/411/348 3574/412/349
f 3569/405/342 3570/407/344 3576/413/350 3575/411/348
f 3571/409/346 3572/408/345 3578/414/351 3577/415/352
f 3572/408/345 3573/410/347 3579/416/353 3578/414/351
f 3574/412/349 3575/411/348 3581/417/354 3580/418/355
f 3575/411/348 3576/413/350 3582/419/356 3581/417/354
f 3273/420/123 3312/421/171 3541/378/315 3279/422/122
f 3312/421/171 3311/423/189 3542/379/316 3541/378/315
f 3311/423/189 3310/424/190 3543/382/319 3542/379/316
f 3309/425/188 3308/426/187 3545/385/322 3544/384/321
f 3308/426/187 3307/427/185 3546/388/325 3545/385/322
f 3307/427/185 3277/238/186 3332/292/239 3546/388/325
f 3546/388/325 3332/292/239 3331/314/260 3552/389/326
f 3552/389/326 3331/314/260 3330/313/259 3558/395/332
f 3558/395/332 3330/313/259 3329/312/258 3564/401/338
f 3564/401/338 3329/312/258 3328/311/257 3570/407/344
f 3570/407/344 3328/311/257 3327/310/256 3576/413/350
f 3576/413/350 3327/310/256 3326/308/254 3582/419/356
f 3582/419/356 3326/308/254 3275/309/255 3352/428/303
f 3581/417/354 3582/419/356 3352/428/303 3351/429/313
f 3580/418/355 3581/417/354 3351/429/313 3350/430/314
f 3578/414/351 3579/416/353 3349/431/312 3348/432/311
f 3577/415/352 3578/414/351 3348/432/311 3347/433/310
f 3285/434/101 3577/415/352 3347/433/310 3271/435/99
f 3284/436/128 3571/409/346 3577/415/352 3285/434/101
f 3283/437/127 3565/403/340 3571/409/346 3284/436/128
f 3282/438/126 3559/397/334 3565/403/340 3283/437/127
f 3281/439/125 3553/391/328 3559/397/334 3282/438/126
f 3280/440/124 3547/381/318 3553/391/328 3281/439/125
f 3279/422/122 3541/378/315 3547/381/318 3280/440/124
f 3583/441/357 3584/442/358 3590/443/359 3589/444/360
f 3584/442/358 3585/445/361 3591/446/362 3590/443/359
f 3586/447/363 3587/448/364 3593/449/365 3592/450/366
f 3587/448/364 3588/451/367 3594/452/368 3593/449/365
f 3589/444/360 3590/443/359 3596/453/369 3595/454/370
f 3590/443/359 3591/446/362 3597/455/371 3596/453/369
f 3592/450/366 3593/449/365 3599/456/372 3598/457/373
f 3593/449/365 3594/452/368 3600/458/374 3599/456/372
f 3595/454/370 3596/453/369 3602/459/375 3601/460/376
f 3596/453/369 3597/455/371 3603/461/377 3602/459/375
f 3598/457/373 3599/456/372 3605/462/378 3604/463/379
f 3599/456/372 3600/458/374 3606/464/380 3605/462/378
f 3601/460/376 3602/459/375 3608/465/381 3607/466/382
f 3602/459/375 3603/461/377 3609/467/383 3608/465/381
f 3604/463/379 3605/462/378 3611/468/384 3610/469/385
f 3605/462/378 3606/464/380 3612/470/386 3611/468/384
f 3607/466/382 3608/465/381 3614/471/387 3613/472/388
f 3608/465/381 3609/467/383 3615/473/389 3614/471/387
f 3610/469/385 3611/468/384 3617/474/390 3616/475/391
f 3611/468/384 3612/470/386 3618/476/392 3617/474/390
f 3613/472/388 3614/471/387 3620/477/393 3619/478/394
f 3614/471/387 3615/473/389 3621/479/395 3620/477/393
f 3616/475/391 3617/474/390 3623/480/396 3622/481/397
f 3617/474/390 3618/476/392 3624/482/398 3623/480/396
f 3278/229/178 3318/483/177 3583/441/357 3333/293/240
f 3318/483/177 3317/484/176 3584/442/358 3583/441/357
f 3317/484/176 3316/485/175 3585/445/361 3584/442/358
f 3315/486/174 3314/487/173 3587/448/364 3586/447/363
f 3314/487/173 3313/488/172 3588/451/367 3587/448/364
f 3313/488/172 3274/489/115 3299/490/114 3588/451/367
f 3588/451/367 3299/490/114 3298/491/113 3594/452/368
f 3594/452/368 3298/491/113 3297/492/112 3600/458/374
f 3600/458/374 3297/492/112 3296/493/111 3606/464/380
f 3606/464/380 3296/493/111 3295/494/110 3612/470/386
f 3612/470/386 3295/494/110 3294/495/109 3618/476/392
f 3618/476/392 3294/495/109 3293/496/108 3624/482/398
f 3624/482/398 3293/496/108 3272/497/107 3358/498/309
f 3623/480/396 3624/482/398 3358/498/309 3357/499/308
f 3622/481/397 3623/480/396 3357/499/308 3356/500/307
f 3620/477/393 3621/479/395 3355/501/306 3354/502/305
f 3619/478/394 3620/477/393 3354/502/305 3353/503/304
f 3339/299/246 3619/478/394 3353/503/304 3276/300/247
f 3338/298/245 3613/472/388 3619/478/394 3339/299/246
f 3337/297/244 3607/466/382 3613/472/388 3338/298/245
f 3336/296/243 3601/460/376 3607/466/382 3337/297/244
f 3335/295/242 3595/454/370 3601/460/376 3336/296/243
f 3334/294/241 3589/444/360 3595/454/370 3335/295/242
f 3333/293/240 3583/441/357 3589/444/360 3334/294/241
f 3634/504/399 3635/505/400 3636/506/401 3633/507/402
f 3635/505/400 3637/508/403 3638/509/404 3636/506/401
f 3637/508/403 3639/510/405 3640/511/406 3638/509/404
f 3639/510/405 3641/512/407 3642/513/408 3640/511/406
f 3641/512/407 3643/514/409 3644/515/410 3642/513/408
f 3643/514/409 3645/516/411 3646/517/412 3644/515/410
f 3628/518/413 3646/517/412 3645/516/411 3627/519/414
f 3626/520/415 3634/504/399 3633/507/402 3625/521/416
f 3648/522/417 3649/523/418 3650/524/419 3647/525/420
f 3649/523/418 3651/526/421 3652/527/422 3650/524/419
f 3651/526/421 3653/528/423 3654/529/424 3652/527/422
f 3653/528/423 3655/530/425 3656/531/426 3654/529/424
f 3655/530/425 3657/532/427 3658/533/428 3656/531/426
f 3657/532/427 3659/534/429 3660/535/430 3658/533/428
f 3632/536/431 3660/535/430 3659/534/429 3631/537/432
f 3630/538/433 3648/522/417 3647/525/420 3629/539/434
f 3662/540/435 3663/541/436 3664/542/437 3661/543/438
f 3663/541/436 3665/544/439 3666/545/440 3664/542/437
f 3665/544/439 3667/546/441 3668/547/442 3666/545/440
f 3667/546/441 3669/548/443 3670/549/444 3668/547/442
f 3669/548/443 3671/550/445 3672/551/446 3670/549/444
f 3671/550/445 3673/552/447 3674/553/448 3672/551/446
f 3625/554/416 3662/540/435 3661/543/438 3626/555/415
f 3629/556/434 3674/553/448 3673/552/447 3630/557/433
f 3676/558/449 3677/559/450 3678/560/451 3675/561/452
f 3677/559/450 3679/562/453 3680/563/454 3678/560/451
f 3679/562/453 3681/564/455 3682/565/456 3680/563/454
f 3681/564/455 3683/566/457 3684/567/458 3682/565/456
f 3683/566/457 3685/568/459 3686/569/460 3684/567/458
f 3685/568/459 3687/570/461 3688/571/462 3686/569/460
f 3627/572/414 3676/558/449 3675/561/452 3628/573/413
f 3631/574/432 3688/571/462 3687/570/461 3632/575/431
f 3625/554/416 3309/425/188 3544/384/321 3662/540/435
f 3310/242/190 3422/195/144 3634/504/399 3626/520/415
f 3625/521/416 3633/507/402 3429/201/150 3309/240/188
f 3310/424/190 3626/555/415 3661/543/438 3543/382/319
f 3627/572/414 3315/486/174 3586/447/363 3676/558/449
f 3646/517/412 3628/518/413 3316/226/175 3435/213/162
f 3428/200/149 3315/225/174 3627/519/414 3645/516/411
f 3316/485/175 3628/573/413 3675/561/452 3585/445/361
f 3579/416/353 3674/553/448 3629/556/434 3349/431/312
f 3350/377/314 3513/330/276 3648/522/417 3630/538/433
f 3629/539/434 3647/525/420 3520/336/282 3349/375/312
f 3673/552/447 3580/418/355 3350/430/314 3630/557/433
f 3621/479/395 3688/571/462 3631/574/432 3355/501/306
f 3660/535/430 3632/536/431 3356/361/307 3526/348/294
f 3519/335/281 3355/360/306 3631/537/432 3659/534/429
f 3687/570/461 3622/481/397 3356/500/307 3632/575/431
f 3422/195/144 3423/194/143 3635/505/400 3634/504/399
f 3633/507/402 3636/506/401 3430/202/151 3429/201/150
f 3423/194/143 3424/196/145 3637/508/403 3635/505/400
f 3636/506/401 3638/509/404 3431/205/154 3430/202/151
f 3424/196/145 3425/197/146 3639/510/405 3637/508/403
f 3638/509/404 3640/511/406 3432/207/156 3431/205/154
f 3425/197/146 3426/198/147 3641/512/407 3639/510/405
f 3640/511/406 3642/513/408 3433/209/158 3432/207/156
f 3426/198/147 3427/199/148 3643/514/409 3641/512/407
f 3642/513/408 3644/515/410 3434/211/160 3433/209/158
f 3427/199/148 3428/200/149 3645/516/411 3643/514/409
f 3644/515/410 3646/517/412 3435/213/162 3434/211/160
f 3513/330/276 3514/329/275 3649/523/418 3648/522/417
f 3647/525/420 3650/524/419 3521/337/283 3520/336/282
f 3514/329/275 3515/331/277 3651/526/421 3649/523/418
f 3650/524/419 3652/527/422 3522/340/286 3521/337/283
f 3515/331/277 3516/332/278 3653/528/423 3651/526/421
f 3652/527/422 3654/529/424 3523/342/288 3522/340/286
f 3516/332/278 3517/333/279 3655/530/425 3653/528/423
f 3654/529/424 3656/531/426 3524/344/290 3523/342/288
f 3517/333/279 3518/334/280 3657/532/427 3655/530/425
f 3656/531/426 3658/533/428 3525/346/292 3524/344/290
f 3518/334/280 3519/335/281 3659/534/429 3657/532/427
f 3658/533/428 3660/535/430 3526/348/294 3525/346/292
f 3662/540/435 3544/384/321 3550/387/324 3663/541/436
f 3543/382/319 3661/543/438 3664/542/437 3549/383/320
f 3663/541/436 3550/387/324 3556/394/331 3665/544/439
f 3549/383/320 3664/542/437 3666/545/440 3555/392/329
f 3665/544/439 3556/394/331 3562/400/337 3667/546/441
f 3555/392/329 3666/545/440 3668/547/442 3561/398/335
f 3667/546/441 3562/400/337 3568/406/343 3669/548/443
f 3561/398/335 3668/547/442 3670/549/444 3567/404/341
f 3669/548/443 3568/406/343 3574/412/349 3671/550/445
f 3567/404/341 3670/549/444 3672/551/446 3573/410/347
f 3671/550/445 3574/412/349 3580/418/355 3673/552/447
f 3573/410/347 3672/551/446 3674/553/448 3579/416/353
f 3676/558/449 3586/447/363 3592/450/366 3677/559/450
f 3585/445/361 3675/561/452 3678/560/451 3591/446/362
f 3677/559/450 3592/450/366 3598/457/373 3679/562/453
f 3591/446/362 3678/560/451 3680/563/454 3597/455/371
f 3679/562/453 3598/457/373 3604/463/379 3681/564/455
f 3597/455/371 3680/563/454 3682/565/456 3603/461/377
f 3681/564/455 3604/463/379 3610/469/385 3683/566/457
f 3603/461/377 3682/565/456 3684/567/458 3609/467/383
f 3683/566/457 3610/469/385 3616/475/391 3685/568/459
f 3609/467/383 3684/567/458 3686/569/460 3615/473/389
f 3685/568/459 3616/475/391 3622/481/397 3687/570/461
f 3615/473/389 3686/569/460 3688/571/462 3621/479/395
f 3777/99/238 3778/100/237 3785/101/230 3784/102/231
f 3778/100/237 3779/103/236 3786/104/229 3785/101/230
f 3779/103/236 3780/105/235 3787/106/228 3786/104/229
f 3780/105/235 3781/107/234 3788/108/227 3787/106/228
f 3781/107/234 3782/109/232 3789/110/225 3788/108/227
f 3782/109/232 3783/111/233 3790/112/226 3789/110/225
f 3784/102/231 3785/101/230 3792/113/223 3791/114/224
f 3785/101/230 3786/104/229 3793/115/222 3792/113/223
f 3786/104/229 3787/106/228 3794/116/221 3793/115/222
f 3787/106/228 3788/108/227 3795/117/220 3794/116/221
f 3788/108/227 3789/110/225 3796/118/218 3795/117/220
f 3789/110/225 3790/112/226 3797/119/219 3796/118/218
f 3791/114/224 3792/113/223 3799/120/216 3798/121/217
f 3792/113/223 3793/115/222 3800/122/215 3799/120/216
f 3793/115/222 3794/116/221 3801/123/13 3800/122/215
f 3794/116/221 3795/117/220 3802/124/214 3801/123/13
f 3795/117/220 3796/118/218 3803/125/212 3802/124/214
f 3796/118/218 3797/119/219 3804/126/213 3803/125/212
f 3798/121/217 3799/120/216 3806/127/210 3805/128/211
f 3799/120/216 3800/122/215 3807/129/209 3806/127/210
f 3800/122/215 3801/123/13 3808/130/208 3807/129/209
f 3801/123/13 3802/124/214 3809/131/207 3808/130/208
f 3802/124/214 3803/125/212 3810/132/205 3809/131/207
f 3803/125/212 3804/126/213 3811/133/206 3810/132/205
f 3805/128/211 3806/127/210 3813/134/202 3812/135/204
f 3806/127/210 3807/129/209 3814/136/200 3813/134/202
f 3807/129/209 3808/130/208 3815/137/198 3814/136/200
f 3808/130/208 3809/131/207 3816/138/196 3815/137/198
f 3809/131/207 3810/132/205 3817/139/193 3816/138/196
f 3810/132/205 3811/133/206 3818/140/194 3817/139/193
f 3812/135/204 3813/134/202 3820/141/201 3819/142/203
f 3813/134/202 3814/136/200 3821/143/199 3820/141/201
f 3814/136/200 3815/137/198 3822/144/197 3821/143/199
f 3815/137/198 3816/138/196 3823/145/195 3822/144/197
f 3816/138/196 3817/139/193 3824/146/192 3823/145/195
f 3817/139/193 3818/140/194 3825/147/191 3824/146/192
f 3689/148/463 3704/149/248 3777/99/238 3703/150/246
f 3704/149/248 3705/151/249 3778/100/237 3777/99/238
f 3705/151/249 3706/152/250 3779/103/236 3778/100/237
f 3706/152/250 3707/153/19 3780/105/235 3779/103/236
f 3707/153/19 3708/154/251 3781/107/234 3780/105/235
f 3708/154/251 3709/155/252 3782/109/232 3781/107/234
f 3709/155/252 3710/156/253 3783/111/233 3782/109/232
f 3710/156/253 3690/157/464 3711/158/254 3783/111/233
f 3783/111/233 3711/158/254 3712/159/256 3790/112/226
f 3790/112/226 3712/159/256 3713/160/257 3797/119/219
f 3797/119/219 3713/160/257 3714/161/258 3804/126/213
f 3804/126/213 3714/161/258 3715/162/259 3811/133/206
f 3811/133/206 3715/162/259 3716/163/260 3818/140/194
f 3818/140/194 3716/163/260 3717/164/239 3825/147/191
f 3825/147/191 3717/164/239 3692/165/465 3718/166/184
f 3824/146/192 3825/147/191 3718/166/184 3719/167/183
f 3823/145/195 3824/146/192 3719/167/183 3720/168/182
f 3822/144/197 3823/145/195 3720/168/182 3721/169/7
f 3821/143/199 3822/144/197 3721/169/7 3722/170/181
f 3820/141/201 3821/143/199 3722/170/181 3723/171/180
f 3819/142/203 3820/141/201 3723/171/180 3724/172/179
f 3697/173/466 3819/142/203 3724/172/179 3691/174/467
f 3698/175/241 3812/135/204 3819/142/203 3697/173/466
f 3699/176/242 3805/128/211 3812/135/204 3698/175/241
f 3700/177/243 3798/121/217 3805/128/211 3699/176/242
f 3701/178/244 3791/114/224 3798/121/217 3700/177/243
f 3702/179/245 3784/102/231 3791/114/224 3701/178/244
f 3703/150/246 3777/99/238 3784/102/231 3702/179/245
f 3826/180/170 3827/181/169 3834/182/161 3833/183/163
f 3827/181/169 3828/184/168 3835/185/159 3834/182/161
f 3828/184/168 3829/186/167 3836/187/157 3835/185/159
f 3829/186/167 3830/188/166 3837/189/155 3836/187/157
f 3830/188/166 3831/190/164 3838/191/152 3837/189/155
f 3831/190/164 3832/192/165 3839/193/153 3838/191/152
f 3833/183/163 3834/182/161 3841/194/160 3840/195/162
f 3834/182/161 3835/185/159 3842/196/158 3841/194/160
f 3835/185/159 3836/187/157 3843/197/156 3842/196/158
f 3836/187/157 3837/189/155 3844/198/154 3843/197/156
f 3837/189/155 3838/191/152 3845/199/151 3844/198/154
f 3838/191/152 3839/193/153 3846/200/150 3845/199/151
f 3847/201/149 3848/202/148 3855/203/140 3854/204/142
f 3848/202/148 3849/205/147 3856/206/138 3855/203/140
f 3849/205/147 3850/207/146 3857/208/136 3856/206/138
f 3850/207/146 3851/209/145 3858/210/134 3857/208/136
f 3851/209/145 3852/211/143 3859/212/131 3858/210/134
f 3852/211/143 3853/213/144 3860/214/132 3859/212/131
f 3854/204/142 3855/203/140 3862/215/139 3861/216/141
f 3855/203/140 3856/206/138 3863/217/137 3862/215/139
f 3856/206/138 3857/208/136 3864/218/135 3863/217/137
f 3857/208/136 3858/210/134 3865/219/133 3864/218/135
f 3858/210/134 3859/212/131 3866/220/130 3865/219/133
f 3859/212/131 3860/214/132 3867/221/129 3866/220/130
f 3691/174/467 3724/172/179 3826/180/170 3730/222/177
f 3724/172/179 3723/171/180 3827/181/169 3826/180/170
f 3723/171/180 3722/170/181 3828/184/168 3827/181/169
f 3722/170/181 3721/169/7 3829/186/167 3828/184/168
f 3721/169/7 3720/168/182 3830/188/166 3829/186/167
f 3720/168/182 3719/167/183 3831/190/164 3830/188/166
f 3719/167/183 3718/166/184 3832/192/165 3831/190/164
f 3718/166/184 3692/165/465 3731/223/185 3832/192/165
f 3832/192/165 3731/223/185 3732/224/187 3839/193/153
f 3839/193/153 3732/224/187 3733/225/188 3846/200/150
f 3853/213/144 3734/226/190 3735/227/189 3860/214/132
f 3860/214/132 3735/227/189 3736/228/171 3867/221/129
f 3867/221/129 3736/228/171 3696/229/468 3737/230/121
f 3866/220/130 3867/221/129 3737/230/121 3738/231/120
f 3865/219/133 3866/220/130 3738/231/120 3739/232/119
f 3864/218/135 3865/219/133 3739/232/119 3740/233/43
f 3863/217/137 3864/218/135 3740/233/43 3741/234/118
f 3862/215/139 3863/217/137 3741/234/118 3742/235/117
f 3861/216/141 3862/215/139 3742/235/117 3743/236/116
f 3725/237/172 3861/216/141 3743/236/116 3695/238/469
f 3726/239/173 3854/204/142 3861/216/141 3725/237/172
f 3727/240/174 3847/201/149 3854/204/142 3726/239/173
f 3729/241/176 3833/183/163 3840/195/162 3728/242/175
f 3730/222/177 3826/180/170 3833/183/163 3729/241/176
f 3868/243/98 3869/244/97 3876/245/90 3875/246/91
f 3869/244/97 3870/247/96 3877/248/89 3876/245/90
f 3870/247/96 3871/249/95 3878/250/88 3877/248/89
f 3871/249/95 3872/251/94 3879/252/87 3878/250/88
f 3872/251/94 3873/253/92 3880/254/85 3879/252/87
f 3873/253/92 3874/255/93 3881/256/86 3880/254/85
f 3875/246/91 3876/245/90 3883/257/83 3882/258/84
f 3876/245/90 3877/248/89 3884/259/82 3883/257/83
f 3877/248/89 3878/250/88 3885/260/81 3884/259/82
f 3878/250/88 3879/252/87 3886/261/80 3885/260/81
f 3879/252/87 3880/254/85 3887/262/78 3886/261/80
f 3880/254/85 3881/256/86 3888/263/79 3887/262/78
f 3882/258/84 3883/257/83 3890/264/76 3889/265/77
f 3883/257/83 3884/259/82 3891/266/75 3890/264/76
f 3884/259/82 3885/260/81 3892/267/37 3891/266/75
f 3885/260/81 3886/261/80 3893/268/74 3892/267/37
f 3886/261/80 3887/262/78 3894/269/72 3893/268/74
f 3887/262/78 3888/263/79 3895/270/73 3894/269/72
f 3889/265/77 3890/264/76 3897/271/70 3896/272/71
f 3890/264/76 3891/266/75 3898/273/69 3897/271/70
f 3891/266/75 3892/267/37 3899/274/68 3898/273/69
f 3892/267/37 3893/268/74 3900/275/67 3899/274/68
f 3893/268/74 3894/269/72 3901/276/65 3900/275/67
f 3894/269/72 3895/270/73 3902/277/66 3901/276/65
f 3896/272/71 3897/271/70 3904/278/62 3903/279/64
f 3897/271/70 3898/273/69 3905/280/60 3904/278/62
f 3898/273/69 3899/274/68 3906/281/58 3905/280/60
f 3899/274/68 3900/275/67 3907/282/56 3906/281/58
f 3900/275/67 3901/276/65 3908/283/53 3907/282/56
f 3901/276/65 3902/277/66 3909/284/54 3908/283/53
f 3903/279/64 3904/278/62 3911/285/61 3910/286/63
f 3904/278/62 3905/280/60 3912/287/59 3911/285/61
f 3905/280/60 3906/281/58 3913/288/57 3912/287/59
f 3906/281/58 3907/282/56 3914/289/55 3913/288/57
f 3907/282/56 3908/283/53 3915/290/52 3914/289/55
f 3908/283/53 3909/284/54 3916/291/51 3915/290/52
f 3695/238/469 3743/236/116 3868/243/98 3750/292/114
f 3743/236/116 3742/235/117 3869/244/97 3868/243/98
f 3742/235/117 3741/234/118 3870/247/96 3869/244/97
f 3741/234/118 3740/233/43 3871/249/95 3870/247/96
f 3740/233/43 3739/232/119 3872/251/94 3871/249/95
f 3739/232/119 3738/231/120 3873/253/92 3872/251/94
f 3738/231/120 3737/230/121 3874/255/93 3873/253/92
f 3737/230/121 3696/229/468 3751/293/470 3874/255/93
f 3874/255/93 3751/293/470 3752/294/124 3881/256/86
f 3881/256/86 3752/294/124 3753/295/125 3888/263/79
f 3888/263/79 3753/295/125 3754/296/126 3895/270/73
f 3895/270/73 3754/296/126 3755/297/127 3902/277/66
f 3902/277/66 3755/297/127 3756/298/128 3909/284/54
f 3909/284/54 3756/298/128 3757/299/101 3916/291/51
f 3916/291/51 3757/299/101 3694/300/471 3758/301/100
f 3915/290/52 3916/291/51 3758/301/100 3759/302/102
f 3914/289/55 3915/290/52 3759/302/102 3760/303/103
f 3913/288/57 3914/289/55 3760/303/103 3761/304/31
f 3912/287/59 3913/288/57 3761/304/31 3762/305/104
f 3911/285/61 3912/287/59 3762/305/104 3763/306/105
f 3910/286/63 3911/285/61 3763/306/105 3764/307/106
f 3744/308/108 3910/286/63 3764/307/106 3693/309/472
f 3745/310/109 3903/279/64 3910/286/63 3744/308/108
f 3746/311/110 3896/272/71 3903/279/64 3745/310/109
f 3747/312/111 3889/265/77 3896/272/71 3746/311/110
f 3748/313/112 3882/258/84 3889/265/77 3747/312/111
f 3749/314/113 3875/246/91 3882/258/84 3748/313/112
f 3750/292/114 3868/243/98 3875/246/91 3749/314/113
f 3917/315/302 3918/316/301 3925/317/293 3924/318/295
f 3918/316/301 3919/319/300 3926/320/291 3925/317/293
f 3919/319/300 3920/321/299 3927/322/289 3926/320/291
f 3920/321/299 3921/323/298 3928/324/287 3927/322/289
f 3921/323/298 3922/325/296 3929/326/284 3928/324/287
f 3922/325/296 3923/327/297 3930/328/285 3929/326/284
f 3924/318/295 3925/317/293 3932/329/292 3931/330/294
f 3925/317/293 3926/320/291 3933/331/290 3932/329/292
f 3926/320/291 3927/322/289 3934/332/288 3933/331/290
f 3927/322/289 3928/324/287 3935/333/286 3934/332/288
f 3928/324/287 3929/326/284 3936/334/283 3935/333/286
f 3929/326/284 3930/328/285 3937/335/282 3936/334/283
f 3938/336/281 3939/337/280 3946/338/272 3945/339/274
f 3939/337/280 3940/340/279 3947/341/270 3946/338/272
f 3940/340/279 3941/342/278 3948/343/268 3947/341/270
f 3941/342/278 3942/344/277 3949/345/266 3948/343/268
f 3942/344/277 3943/346/275 3950/347/263 3949/345/266
f 3943/346/275 3944/348/276 3951/349/264 3950/347/263
f 3945/339/274 3946/338/272 3953/350/271 3952/351/273
f 3946/338/272 3947/341/270 3954/352/269 3953/350/271
f 3947/341/270 3948/343/268 3955/353/267 3954/352/269
f 3948/343/268 3949/345/266 3956/354/265 3955/353/267
f 3949/345/266 3950/347/263 3957/355/262 3956/354/265
f 3950/347/263 3951/349/264 3958/356/261 3957/355/262
f 3693/309/472 3764/307/106 3917/315/302 3770/357/309
f 3764/307/106 3763/306/105 3918/316/301 3917/315/302
f 3763/306/105 3762/305/104 3919/319/300 3918/316/301
f 3762/305/104 3761/304/31 3920/321/299 3919/319/300
f 3761/304/31 3760/303/103 3921/323/298 3920/321/299
f 3760/303/103 3759/302/102 3922/325/296 3921/323/298
f 3759/302/102 3758/301/100 3923/327/297 3922/325/296
f 3758/301/100 3694/300/471 3771/358/310 3923/327/297
f 3923/327/297 3771/358/310 3772/359/311 3930/328/285
f 3930/328/285 3772/359/311 3773/360/312 3937/335/282
f 3944/348/276 3774/361/314 3775/362/313 3951/349/264
f 3951/349/264 3775/362/313 3776/363/303 3958/356/261
f 3958/356/261 3776/363/303 3690/364/464 3710/365/253
f 3957/355/262 3958/356/261 3710/365/253 3709/366/252
f 3956/354/265 3957/355/262 3709/366/252 3708/367/251
f 3955/353/267 3956/354/265 3708/367/251 3707/368/19
f 3954/352/269 3955/353/267 3707/368/19 3706/369/250
f 3953/350/271 3954/352/269 3706/369/250 3705/370/249
f 3952/351/273 3953/350/271 3705/370/249 3704/371/248
f 3765/372/304 3952/351/273 3704/371/248 3689/373/463
f 3766/374/305 3945/339/274 3952/351/273 3765/372/304
f 3767/375/306 3938/336/281 3945/339/274 3766/374/305
f 3769/376/308 3924/318/295 3931/330/294 3768/377/307
f 3770/357/309 3917/315/302 3924/318/295 3769/376/308
f 3959/378/357 3960/379/358 3966/380/359 3965/381/360
f 3960/379/358 3961/382/361 3967/383/362 3966/380/359
f 3962/384/363 3963/385/364 3969/386/365 3968/387/366
f 3963/385/364 3964/388/367 3970/389/368 3969/386/365
f 3965/381/360 3966/380/359 3972/390/369 3971/391/370
f 3966/380/359 3967/383/362 3973/392/371 3972/390/369
f 3968/387/366 3969/386/365 3975/393/372 3974/394/373
f 3969/386/365 3970/389/368 3976/395/374 3975/393/372
f 3971/391/370 3972/390/369 3978/396/375 3977/397/376
f 3972/390/369 3973/392/371 3979/398/377 3978/396/375
f 3974/394/373 3975/393/372 3981/399/378 3980/400/379
f 3975/393/372 3976/395/374 3982/401/380 3981/399/378
f 3977/397/376 3978/396/375 3984/402/381 3983/403/382
f 3978/396/375 3979/398/377 3985/404/383 3984/402/381
f 3980/400/379 3981/399/378 3987/405/384 3986/406/385
f 3981/399/378 3982/401/380 3988/407/386 3987/405/384
f 3983/403/382 3984/402/381 3990/408/387 3989/409/388
f 3984/402/381 3985/404/383 3991/410/389 3990/408/387
f 3986/406/385 3987/405/384 3993/411/390 3992/412/391
f 3987/405/384 3988/407/386 3994/413/392 3993/411/390
f 3989/409/388 3990/408/387 3996/414/393 3995/415/394
f 3990/408/387 3991/410/389 3997/416/395 3996/414/393
f 3992/412/391 3993/411/390 3999/417/396 3998/418/397
f 3993/411/390 3994/413/392 4000/419/398 3999/417/396
f 3691/420/467 3730/421/177 3959/378/357 3697/422/466
f 3730/421/177 3729/423/176 3960/379/358 3959/378/357
f 3729/423/176 3728/424/175 3961/382/361 3960/379/358
f 3727/425/174 3726/426/173 3963/385/364 3962/384/363
f 3726/426/173 3725/427/172 3964/388/367 3963/385/364
f 3725/427/172 3695/238/469 3750/292/114 3964/388/367
f 3964/388/367 3750/292/114 3749/314/113 3970/389/368
f 3970/389/368 3749/314/113 3748/313/112 3976/395/374
f 3976/395/374 3748/313/112 3747/312/111 3982/401/380
f 3982/401/380 3747/312/111 3746/311/110 3988/407/386
f 3988/407/386 3746/311/110 3745/310/109 3994/413/392
f 3994/413/392 3745/310/109 3744/308/108 4000/419/398
f 4000/419/398 3744/308/108 3693/309/472 3770/428/309
f 3999/417/396 4000/419/398 3770/428/309 3769/429/308
f 3998/418/397 3999/417/396 3769/429/308 3768/430/307
f 3996/414/393 3997/416/395 3767/431/306 3766/432/305
f 3995/415/394 3996/414/393 3766/432/305 3765/433/304
f 3703/434/246 3995/415/394 3765/433/304 3689/435/463
f 3702/436/245 3989/409/388 3995/415/394 3703/434/246
f 3701/437/244 3983/403/382 3989/409/388 3702/436/245
f 3700/438/243 3977/397/376 3983/403/382 3701/437/244
f 3699/439/242 3971/391/370 3977/397/376 3700/438/243
f 3698/440/241 3965/381/360 3971/391/370 3699/439/242
f 3697/422/466 3959/378/357 3965/381/360 3698/440/241
f 4001/441/315 4002/442/316 4008/443/317 4007/444/318
f 4002/442/316 4003/445/319 4009/446/320 4008/443/317
f 4004/447/321 4005/448/322 4011/449/323 4010/450/324
f 4005/448/322 4006/451/325 4012/452/326 4011/449/323
f 4007/444/318 4008/443/317 4014/453/327 4013/454/328
f 4008/443/317 4009/446/320 4015/455/329 4014/453/327
f 4010/450/324 4011/449/323 4017/456/330 4016/457/331
f 4011/449/323 4012/452/326 4018/458/332 4017/456/330
f 4013/454/328 4014/453/327 4020/459/333 4019/460/334
f 4014/453/327 4015/455/329 4021/461/335 4020/459/333
f 4016/457/331 4017/456/330 4023/462/336 4022/463/337
f 4017/456/330 4018/458/332 4024/464/338 4023/462/336
f 4019/460/334 4020/459/333 4026/465/339 4025/466/340
f 4020/459/333 4021/461/335 4027/467/341 4026/465/339
f 4022/463/337 4023/462/336 4029/468/342 4028/469/343
f 4023/462/336 4024/464/338 4030/470/344 4029/468/342
f 4025/466/340 4026/465/339 4032/471/345 4031/472/346
f 4026/465/339 4027/467/341 4033/473/347 4032/471/345
f 4028/469/343 4029/468/342 4035/474/348 4034/475/349
f 4029/468/342 4030/470/344 4036/476/350 4035/474/348
f 4031/472/346 4032/471/345 4038/477/351 4037/478/352
f 4032/471/345 4033/473/347 4039/479/353 4038/477/351
f 4034/475/349 4035/474/348 4041/480/354 4040/481/355
f 4035/474/348 4036/476/350 4042/482/356 4041/480/354
f 3696/229/468 3736/483/171 4001/441/315 3751/293/470
f 3736/483/171 3735/484/189 4002/442/316 4001/441/315
f 3735/484/189 3734/485/190 4003/445/319 4002/442/316
f 3733/486/188 3732/487/187 4005/448/322 4004/447/321
f 3732/487/187 3731/488/185 4006/451/325 4005/448/322
f 3731/488/185 3692/489/465 3717/490/239 4006/451/325
f 4006/451/325 3717/490/239 3716/491/260 4012/452/326
f 4012/452/326 3716/491/260 3715/492/259 4018/458/332
f 4018/458/332 3715/492/259 3714/493/258 4024/464/338
f 4024/464/338 3714/493/258 3713/494/257 4030/470/344
f 4030/470/344 3713/494/257 3712/495/256 4036/476/350
f 4036/476/350 3712/495/256 3711/496/254 4042/482/356
f 4042/482/356 3711/496/254 3690/497/464 3776/498/303
f 4041/480/354 4042/482/356 3776/498/303 3775/499/313
f 4040/481/355 4041/480/354 3775/499/313 3774/500/314
f 4038/477/351 4039/479/353 3773/501/312 3772/502/311
f 4037/478/352 4038/477/351 3772/502/311 3771/503/310
f 3757/299/101 4037/478/352 3771/503/310 3694/300/471
f 3756/298/128 4031/472/346 4037/478/352 3757/299/101
f 3755/297/127 4025/466/340 4031/472/346 3756/298/128
f 3754/296/126 4019/460/334 4025/466/340 3755/297/127
f 3753/295/125 4013/454/328 4019/460/334 3754/296/126
f 3752/294/124 4007/444/318 4013/454/328 3753/295/125
f 3751/293/470 4001/441/315 4007/444/318 3752/294/124
f 4052/504/412 4053/505/410 4054/506/409 4051/507/411
f 4053/505/410 4055/508/408 4056/509/407 4054/506/409
f 4055/508/408 4057/510/406 4058/511/405 4056/509/407
f 4057/510/406 4059/512/404 4060/513/403 4058/511/405
f 4059/512/404 4061/514/401 4062/515/400 4060/513/403
f 4061/514/401 4063/516/402 4064/517/399 4062/515/400
f 4046/518/415 4064/517/399 4063/516/402 4045/519/416
f 4044/520/413 4052/504/412 4051/507/411 4043/521/414
f 4066/522/430 4067/523/428 4068/524/427 4065/525/429
f 4067/523/428 4069/526/426 4070/527/425 4068/524/427
f 4069/526/426 4071/528/424 4072/529/423 4070/527/425
f 4071/528/424 4073/530/422 4074/531/421 4072/529/423
f 4073/530/422 4075/532/419 4076/533/418 4074/531/421
f 4075/532/419 4077/534/420 4078/535/417 4076/533/418
f 4050/536/433 4078/535/417 4077/534/420 4049/537/434
f 4048/538/431 4066/522/430 4065/525/429 4047/539/432
f 4080/540/449 4081/541/450 4082/542/451 4079/543/452
f 4081/541/450 4083/544/453 4084/545/454 4082/542/451
f 4083/544/453 4085/546/455 4086/547/456 4084/545/454
f 4085/546/455 4087/548/457 4088/549/458 4086/547/456
f 4087/548/457 4089/550/459 4090/551/460 4088/549/458
f 4089/550/459 4091/552/461 4092/553/462 4090/551/460
f 4043/554/414 4080/540/449 4079/543/452 4044/555/413
f 4047/556/432 4092/553/462 4091/552/461 4048/557/431
f 4094/558/435 4095/559/436 4096/560/437 4093/561/438
f 4095/559/436 4097/562/439 4098/563/440 4096/560/437
f 4097/562/439 4099/564/441 4100/565/442 4098/563/440
f 4099/564/441 4101/566/443 4102/567/444 4100/565/442
f 4101/566/443 4103/568/445 4104/569/446 4102/567/444
f 4103/568/445 4105/570/447 4106/571/448 4104/569/446
f 4045/572/416 4094/558/435 4093/561/438 4046/573/415
f 4049/574/434 4106/571/448 4105/570/447 4050/575/433
f 4043/554/414 3727/425/174 3962/384/363 4080/540/449
f 3728/242/175 3840/195/162 4052/504/412 4044/520/413
f 4043/521/414 4051/507/411 3847/201/149 3727/240/174
f 3728/424/175 4044/555/413 4079/543/452 3961/382/361
f 4045/572/416 3733/486/188 4004/447/321 4094/558/435
f 4064/517/399 4046/518/415 3734/226/190 3853/213/144
f 3846/200/150 3733/225/188 4045/519/416 4063/516/402
f 3734/485/190 4046/573/415 4093/561/438 4003/445/319
f 3997/416/395 4092/553/462 4047/556/432 3767/431/306
f 3768/377/307 3931/330/294 4066/522/430 4048/538/431
f 4047/539/432 4065/525/429 3938/336/281 3767/375/306
f 4091/552/461 3998/418/397 3768/430/307 4048/557/431
f 4039/479/353 4106/571/448 4049/574/434 3773/501/312
f 4078/535/417 4050/536/433 3774/361/314 3944/348/276
f 3937/335/282 3773/360/312 4049/537/434 4077/534/420
f 4105/570/447 4040/481/355 3774/500/314 4050/575/433
f 3840/195/162 3841/194/160 4053/505/410 4052/504/412
f 4051/507/411 4054/506/409 3848/202/148 3847/201/149
f 3841/194/160 3842/196/158 4055/508/408 4053/505/410
f 4054/506/409 4056/509/407 3849/205/147 3848/202/148
f 3842/196/158 3843/197/156 4057/510/406 4055/508/408
f 4056/509/407 4058/511/405 3850/207/146 3849/205/147
f 3843/197/156 3844/198/154 4059/512/404 4057/510/406
f 4058/511/405 4060/513/403 3851/209/145 3850/207/146
f 3844/198/154 3845/199/151 4061/514/401 4059/512/404
f 4060/513/403 4062/515/400 3852/211/143 3851/209/145
f 3845/199/151 3846/200/150 4063/516/402 4061/514/401
f 4062/515/400 4064/517/399 3853/213/144 3852/211/143
f 3931/330/294 3932/329/292 4067/523/428 4066/522/430
f 4065/525/429 4068/524/427 3939/337/280 3938/336/281
f 3932/329/292 3933/331/290 4069/526/426 4067/523/428
f 4068/524/427 4070/527/425 3940/340/279 3939/337/280
f 3933/331/290 3934/332/288 4071/528/424 4069/526/426
f 4070/527/425 4072/529/423 3941/342/278 3940/340/279
f 3934/332/288 3935/333/286 4073/530/422 4071/528/424
f 4072/529/423 4074/531/421 3942/344/277 3941/342/278
f 3935/333/286 3936/334/283 4075/532/419 4073/530/422
f 4074/531/421 4076/533/418 3943/346/275 3942/344/277
f 3936/334/283 3937/335/282 4077/534/420 4075/532/419
f 4076/533/418 4078/535/417 3944/348/276 3943/346/275
f 4080/540/449 3962/384/363 3968/387/366 4081/541/450
f 3961/382/361 4079/543/452 4082/542/451 3967/383/362
f 4081/541/450 3968/387/366 3974/394/373 4083/544/453
f 3967/383/362 4082/542/451 4084/545/454 3973/392/371
f 4083/544/453 3974/394/373 3980/400/379 4085/546/455
f 3973/392/371 4084/545/454 4086/547/456 3979/398/377
f 4085/546/455 3980/400/379 3986/406/385 4087/548/457
f 3979/398/377 4086/547/456 4088/549/458 3985/404/383
f 4087/548/457 3986/406/385 3992/412/391 4089/550/459
f 3985/404/383 4088/549/458 4090/551/460 3991/410/389
f 4089/550/459 3992/412/391 3998/418/397 4091/552/461
f 3991/410/389 4090/551/460 4092/553/462 3997/416/395
f 4094/558/435 4004/447/321 4010/450/324 4095/559/436
f 4003/445/319 4093/561/438 4096/560/437 4009/446/320
f 4095/559/436 4010/450/324 4016/457/331 4097/562/439
f 4009/446/320 4096/560/437 4098/563/440 4015/455/329
f 4097/562/439 4016/457/331 4022/463/337 4099/564/441
f 4015/455/329 4098/563/440 4100/565/442 4021/461/335
f 4099/564/441 4022/463/337 4028/469/343 4101/566/443
f 4021/461/335 4100/565/442 4102/567/444 4027/467/341
f 4101/566/443 4028/469/343 4034/475/349 4103/568/445
f 4027/467/341 4102/567/444 4104/569/446 4033/473/347
f 4103/568/445 4034/475/349 4040/481/355 4105/570/447
f 4033/473/347 4104/569/446 4106/571/448 4039/479/353
f 4195/99/398 4196/100/396 4203/101/390 4202/102/392
f 4196/100/396 4197/103/473 4204/104/391 4203/101/390
f 4197/103/473 4198/105/474 4205/106/475 4204/104/391
f 4198/105/474 4199/107/476 4206/108/389 4205/106/475
f 4199/107/476 4200/109/393 4207/110/387 4206/108/389
f 4200/109/393 4201/111/394 4208/112/388 4207/110/387
f 4202/102/392 4203/101/390 4210/113/384 4209/114/386
f 4203/101/390 4204/104/391 4211/115/477 4210/113/384
f 4204/104/391 4205/106/475 4212/116/478 4211/115/477
f 4205/106/475 4206/108/389 4213/117/479 4212/116/478
f 4206/108/389 4207/110/387 4214/118/381 4213/117/479
f 4207/110/387 4208/112/388 4215/119/382 4214/118/381
f 4209/114/386 4210/113/384 4217/120/378 4216/121/380
f 4210/113/384 4211/115/477 4218/122/379 4217/120/378
f 4211/115/477 4212/116/478 4219/123/50 4218/122/379
f 4212/116/478 4213/117/479 4220/124/377 4219/123/50
f 4213/117/479 4214/118/381 4221/125/375 4220/124/377
f 4214/118/381 4215/119/382 4222/126/376 4221/125/375
f 4216/121/380 4217/120/378 4224/127/372 4223/128/374
f 4217/120/378 4218/122/379 4225/129/480 4224/127/372
f 4218/122/379 4219/123/50 4226/130/481 4225/129/480
f 4219/123/50 4220/124/377 4227/131/482 4226/130/481
f 4220/124/377 4221/125/375 4228/132/369 4227/131/482
f 4221/125/375 4222/126/376 4229/133/370 4228/132/369
f 4223/128/374 4224/127/372 4231/134/365 4230/135/368
f 4224/127/372 4225/129/480 4232/136/366 4231/134/365
f 4225/129/480 4226/130/481 4233/137/483 4232/136/366
f 4226/130/481 4227/131/482 4234/138/362 4233/137/483
f 4227/131/482 4228/132/369 4235/139/359 4234/138/362
f 4228/132/369 4229/133/370 4236/140/360 4235/139/359
f 4230/135/368 4231/134/365 4238/141/364 4237/142/367
f 4231/134/365 4232/136/366 4239/143/484 4238/141/364
f 4232/136/366 4233/137/483 4240/144/485 4239/143/484
f 4233/137/483 4234/138/362 4241/145/486 4240/144/485
f 4234/138/362 4235/139/359 4242/146/358 4241/145/486
f 4235/139/359 4236/140/360 4243/147/357 4242/146/358
f 4107/148/487 4122/149/309 4195/99/398 4121/150/108
f 4122/149/309 4123/151/308 4196/100/396 4195/99/398
f 4123/151/308 4124/152/307 4197/103/473 4196/100/396
f 4124/152/307 4125/153/488 4198/105/474 4197/103/473
f 4125/153/488 4126/154/306 4199/107/476 4198/105/474
f 4126/154/306 4127/155/305 4200/109/393 4199/107/476
f 4127/155/305 4128/156/304 4201/111/394 4200/109/393
f 4128/156/304 4108/157/489 4129/158/246 4201/111/394
f 4201/111/394 4129/158/246 4130/159/245 4208/112/388
f 4208/112/388 4130/159/245 4131/160/244 4215/119/382
f 4215/119/382 4131/160/244 4132/161/243 4222/126/376
f 4222/126/376 4132/161/243 4133/162/242 4229/133/370
f 4229/133/370 4133/162/242 4134/163/241 4236/140/360
f 4236/140/360 4134/163/241 4135/164/466 4243/147/357
f 4243/147/357 4135/164/466 4110/165/490 4136/166/177
f 4242/146/358 4243/147/357 4136/166/177 4137/167/176
f 4241/145/486 4242/146/358 4137/167/176 4138/168/175
f 4240/144/485 4241/145/486 4138/168/175 4139/169/491
f 4239/143/484 4240/144/485 4139/169/491 4140/170/174
f 4238/141/364 4239/143/484 4140/170/174 4141/171/173
f 4237/142/367 4238/141/364 4141/171/173 4142/172/172
f 4115/173/114 4237/142/367 4142/172/172 4109/174/492
f 4116/175/113 4230/135/368 4237/142/367 4115/173/114
f 4117/176/112 4223/128/374 4230/135/368 4116/175/113
f 4118/177/111 4216/121/380 4223/128/374 4117/176/112
f 4119/178/110 4209/114/386 4216/121/380 4118/177/111
f 4120/179/109 4202/102/392 4209/114/386 4119/178/110
f 4121/150/108 4195/99/398 4202/102/392 4120/179/109
f 4244/180/141 4245/181/142 4252/182/140 4251/183/139
f 4245/181/142 4246/184/493 4253/185/148 4252/182/140
f 4246/184/493 4247/186/494 4254/187/495 4253/185/148
f 4247/186/494 4248/188/496 4255/189/160 4254/187/495
f 4248/188/496 4249/190/163 4256/191/161 4255/189/160
f 4249/190/163 4250/192/170 4257/193/169 4256/191/161
f 4251/183/139 4252/182/140 4259/194/138 4258/195/497
f 4252/182/140 4253/185/148 4260/196/498 4259/194/138
f 4253/185/148 4254/187/495 4261/197/499 4260/196/498
f 4254/187/495 4255/189/160 4262/198/500 4261/197/499
f 4255/189/160 4256/191/161 4263/199/159 4262/198/500
f 4256/191/161 4257/193/169 4264/200/501 4263/199/159
f 4265/201/502 4266/202/134 4273/203/131 4272/204/130
f 4266/202/134 4267/205/503 4274/206/143 4273/203/131
f 4267/205/503 4268/207/504 4275/208/505 4274/206/143
f 4268/207/504 4269/209/506 4276/210/151 4275/208/505
f 4269/209/506 4270/211/155 4277/212/152 4276/210/151
f 4270/211/155 4271/213/507 4278/214/164 4277/212/152
f 4272/204/130 4273/203/131 4280/215/132 4279/216/129
f 4273/203/131 4274/206/143 4281/217/508 4280/215/132
f 4274/206/143 4275/208/505 4282/218/509 4281/217/508
f 4275/208/505 4276/210/151 4283/219/510 4282/218/509
f 4276/210/151 4277/212/152 4284/220/153 4283/219/510
f 4277/212/152 4278/214/164 4285/221/165 4284/220/153
f 4109/174/492 4142/172/172 4244/180/141 4148/222/116
f 4142/172/172 4141/171/173 4245/181/142 4244/180/141
f 4141/171/173 4140/170/174 4246/184/493 4245/181/142
f 4140/170/174 4139/169/491 4247/186/494 4246/184/493
f 4139/169/491 4138/168/175 4248/188/496 4247/186/494
f 4138/168/175 4137/167/176 4249/190/163 4248/188/496
f 4137/167/176 4136/166/177 4250/192/170 4249/190/163
f 4136/166/177 4110/165/490 4149/223/179 4250/192/170
f 4250/192/170 4149/223/179 4150/224/180 4257/193/169
f 4257/193/169 4150/224/180 4151/225/181 4264/200/501
f 4271/213/507 4152/226/182 4153/227/183 4278/214/164
f 4278/214/164 4153/227/183 4154/228/184 4285/221/165
f 4285/221/165 4154/228/184 4114/229/511 4155/230/185
f 4284/220/153 4285/221/165 4155/230/185 4156/231/187
f 4283/219/510 4284/220/153 4156/231/187 4157/232/188
f 4282/218/509 4283/219/510 4157/232/188 4158/233/512
f 4281/217/508 4282/218/509 4158/233/512 4159/234/190
f 4280/215/132 4281/217/508 4159/234/190 4160/235/189
f 4279/216/129 4280/215/132 4160/235/189 4161/236/171
f 4143/237/121 4279/216/129 4161/236/171 4113/238/513
f 4144/239/120 4272/204/130 4279/216/129 4143/237/121
f 4145/240/119 4265/201/502 4272/204/130 4144/239/120
f 4147/241/117 4251/183/139 4258/195/497 4146/242/118
f 4148/222/116 4244/180/141 4251/183/139 4147/241/117
f 4286/243/315 4287/244/316 4294/245/317 4293/246/318
f 4287/244/316 4288/247/514 4295/248/320 4294/245/317
f 4288/247/514 4289/249/515 4296/250/516 4295/248/320
f 4289/249/515 4290/251/517 4297/252/324 4296/250/516
f 4290/251/517 4291/253/322 4298/254/323 4297/252/324
f 4291/253/322 4292/255/325 4299/256/326 4298/254/323
f 4293/246/318 4294/245/317 4301/257/327 4300/258/328
f 4294/245/317 4295/248/320 4302/259/518 4301/257/327
f 4295/248/320 4296/250/516 4303/260/519 4302/259/518
f 4296/250/516 4297/252/324 4304/261/520 4303/260/519
f 4297/252/324 4298/254/323 4305/262/330 4304/261/520
f 4298/254/323 4299/256/326 4306/263/332 4305/262/330
f 4300/258/328 4301/257/327 4308/264/333 4307/265/334
f 4301/257/327 4302/259/518 4309/266/335 4308/264/333
f 4302/259/518 4303/260/519 4310/267/49 4309/266/335
f 4303/260/519 4304/261/520 4311/268/337 4310/267/49
f 4304/261/520 4305/262/330 4312/269/336 4311/268/337
f 4305/262/330 4306/263/332 4313/270/338 4312/269/336
f 4307/265/334 4308/264/333 4315/271/339 4314/272/340
f 4308/264/333 4309/266/335 4316/273/521 4315/271/339
f 4309/266/335 4310/267/49 4317/274/522 4316/273/521
f 4310/267/49 4311/268/337 4318/275/523 4317/274/522
f 4311/268/337 4312/269/336 4319/276/342 4318/275/523
f 4312/269/336 4313/270/338 4320/277/344 4319/276/342
f 4314/272/340 4315/271/339 4322/278/345 4321/279/346
f 4315/271/339 4316/273/521 4323/280/347 4322/278/345
f 4316/273/521 4317/274/522 4324/281/524 4323/280/347
f 4317/274/522 4318/275/523 4325/282/349 4324/281/524
f 4318/275/523 4319/276/342 4326/283/348 4325/282/349
f 4319/276/342 4320/277/344 4327/284/350 4326/283/348
f 4321/279/346 4322/278/345 4329/285/351 4328/286/352
f 4322/278/345 4323/280/347 4330/287/525 4329/285/351
f 4323/280/347 4324/281/524 4331/288/526 4330/287/525
f 4324/281/524 4325/282/349 4332/289/527 4331/288/526
f 4325/282/349 4326/283/348 4333/290/354 4332/289/527
f 4326/283/348 4327/284/350 4334/291/356 4333/290/354
f 4113/238/513 4161/236/171 4286/243/315 4168/292/122
f 4161/236/171 4160/235/189 4287/244/316 4286/243/315
f 4160/235/189 4159/234/190 4288/247/514 4287/244/316
f 4159/234/190 4158/233/512 4289/249/515 4288/247/514
f 4158/233/512 4157/232/188 4290/251/517 4289/249/515
f 4157/232/188 4156/231/187 4291/253/322 4290/251/517
f 4156/231/187 4155/230/185 4292/255/325 4291/253/322
f 4155/230/185 4114/229/511 4169/293/239 4292/255/325
f 4292/255/325 4169/293/239 4170/294/260 4299/256/326
f 4299/256/326 4170/294/260 4171/295/259 4306/263/332
f 4306/263/332 4171/295/259 4172/296/258 4313/270/338
f 4313/270/338 4172/296/258 4173/297/257 4320/277/344
f 4320/277/344 4173/297/257 4174/298/256 4327/284/350
f 4327/284/350 4174/298/256 4175/299/254 4334/291/356
f 4334/291/356 4175/299/254 4112/300/528 4176/301/303
f 4333/290/354 4334/291/356 4176/301/303 4177/302/313
f 4332/289/527 4333/290/354 4177/302/313 4178/303/314
f 4331/288/526 4332/289/527 4178/303/314 4179/304/529
f 4330/287/525 4331/288/526 4179/304/529 4180/305/312
f 4329/285/351 4330/287/525 4180/305/312 4181/306/311
f 4328/286/352 4329/285/351 4181/306/311 4182/307/310
f 4162/308/101 4328/286/352 4182/307/310 4111/309/530
f 4163/310/128 4321/279/346 4328/286/352 4162/308/101
f 4164/311/127 4314/272/340 4321/279/346 4163/310/128
f 4165/312/126 4307/265/334 4314/272/340 4164/311/127
f 4166/313/125 4300/258/328 4307/265/334 4165/312/126
f 4167/314/124 4293/246/318 4300/258/328 4166/313/125
f 4168/292/122 4286/243/315 4293/246/318 4167/314/124
f 4335/315/297 4336/316/285 4343/317/284 4342/318/296
f 4336/316/285 4337/319/531 4344/320/283 4343/317/284
f 4337/319/531 4338/321/532 4345/322/533 4344/320/283
f 4338/321/532 4339/323/534 4346/324/275 4345/322/533
f 4339/323/534 4340/325/264 4347/326/263 4346/324/275
f 4340/325/264 4341/327/261 4348/328/262 4347/326/263
f 4342/318/296 4343/317/284 4350/329/287 4349/330/535
f 4343/317/284 4344/320/283 4351/331/536 4350/329/287
f 4344/320/283 4345/322/533 4352/332/537 4351/331/536
f 4345/322/533 4346/324/275 4353/333/538 4352/332/537
f 4346/324/275 4347/326/263 4354/334/266 4353/333/538
f 4347/326/263 4348/328/262 4355/335/539 4354/334/266
f 4356/336/540 4357/337/291 4364/338/293 4363/339/301
f 4357/337/291 4358/340/541 4365/341/292 4364/338/293
f 4358/340/541 4359/342/542 4366/343/543 4365/341/292
f 4359/342/542 4360/344/544 4367/345/280 4366/343/543
f 4360/344/544 4361/346/270 4368/347/272 4367/345/280
f 4361/346/270 4362/348/545 4369/349/271 4368/347/272
f 4363/339/301 4364/338/293 4371/350/295 4370/351/302
f 4364/338/293 4365/341/292 4372/352/546 4371/350/295
f 4365/341/292 4366/343/543 4373/353/547 4372/352/546
f 4366/343/543 4367/345/280 4374/354/548 4373/353/547
f 4367/345/280 4368/347/272 4375/355/274 4374/354/548
f 4368/347/272 4369/349/271 4376/356/273 4375/355/274
f 4111/309/530 4182/307/310 4335/315/297 4188/357/100
f 4182/307/310 4181/306/311 4336/316/285 4335/315/297
f 4181/306/311 4180/305/312 4337/319/531 4336/316/285
f 4180/305/312 4179/304/529 4338/321/532 4337/319/531
f 4179/304/529 4178/303/314 4339/323/534 4338/321/532
f 4178/303/314 4177/302/313 4340/325/264 4339/323/534
f 4177/302/313 4176/301/303 4341/327/261 4340/325/264
f 4176/301/303 4112/300/528 4189/358/253 4341/327/261
f 4341/327/261 4189/358/253 4190/359/252 4348/328/262
f 4348/328/262 4190/359/252 4191/360/251 4355/335/539
f 4362/348/545 4192/361/250 4193/362/249 4369/349/271
f 4369/349/271 4193/362/249 4194/363/248 4376/356/273
f 4376/356/273 4194/363/248 4108/364/489 4128/365/304
f 4375/355/274 4376/356/273 4128/365/304 4127/366/305
f 4374/354/548 4375/355/274 4127/366/305 4126/367/306
f 4373/353/547 4374/354/548 4126/367/306 4125/368/488
f 4372/352/546 4373/353/547 4125/368/488 4124/369/307
f 4371/350/295 4372/352/546 4124/369/307 4123/370/308
f 4370/351/302 4371/350/295 4123/370/308 4122/371/309
f 4183/372/106 4370/351/302 4122/371/309 4107/373/487
f 4184/374/105 4363/339/301 4370/351/302 4183/372/106
f 4185/375/104 4356/336/540 4363/339/301 4184/374/105
f 4187/376/102 4342/318/296 4349/330/535 4186/377/103
f 4188/357/100 4335/315/297 4342/318/296 4187/376/102
f 4377/378/98 4378/379/97 4384/380/90 4383/381/91
f 4378/379/97 4379/382/549 4385/383/89 4384/380/90
f 4380/384/550 4381/385/92 4387/386/85 4386/387/87
f 4381/385/92 4382/388/93 4388/389/86 4387/386/85
f 4383/381/91 4384/380/90 4390/390/83 4389/391/84
f 4384/380/90 4385/383/89 4391/392/551 4390/390/83
f 4386/387/87 4387/386/85 4393/393/78 4392/394/552
f 4387/386/85 4388/389/86 4394/395/79 4393/393/78
f 4389/391/84 4390/390/83 4396/396/76 4395/397/77
f 4390/390/83 4391/392/551 4397/398/75 4396/396/76
f 4392/394/552 4393/393/78 4399/399/72 4398/400/74
f 4393/393/78 4394/395/79 4400/401/73 4399/399/72
f 4395/397/77 4396/396/76 4402/402/70 4401/403/71
f 4396/396/76 4397/398/75 4403/404/553 4402/402/70
f 4398/400/74 4399/399/72 4405/405/65 4404/406/554
f 4399/399/72 4400/401/73 4406/407/66 4405/405/65
f 4401/403/71 4402/402/70 4408/408/62 4407/409/64
f 4402/402/70 4403/404/553 4409/410/60 4408/408/62
f 4404/406/554 4405/405/65 4411/411/53 4410/412/56
f 4405/405/65 4406/407/66 4412/413/54 4411/411/53
f 4407/409/64 4408/408/62 4414/414/61 4413/415/63
f 4408/408/62 4409/410/60 4415/416/555 4414/414/61
f 4410/412/56 4411/411/53 4417/417/52 4416/418/556
f 4411/411/53 4412/413/54 4418/419/51 4417/417/52
f 4109/420/492 4148/421/116 4377/378/98 4115/422/114
f 4148/421/116 4147/423/117 4378/379/97 4377/378/98
f 4147/423/117 4146/424/118 4379/382/549 4378/379/97
f 4145/425/119 4144/426/120 4381/385/92 4380/384/550
f 4144/426/120 4143/427/121 4382/388/93 4381/385/92
f 4143/427/121 4113/238/513 4168/292/122 4382/388/93
f 4382/388/93 4168/292/122 4167/314/124 4388/389/86
f 4388/389/86 4167/314/124 4166/313/125 4394/395/79
f 4394/395/79 4166/313/125 4165/312/126 4400/401/73
f 4400/401/73 4165/312/126 4164/311/127 4406/407/66
f 4406/407/66 4164/311/127 4163/310/128 4412/413/54
f 4412/413/54 4163/310/128 4162/308/101 4418/419/51
f 4418/419/51 4162/308/101 4111/309/530 4188/428/100
f 4417/417/52 4418/419/51 4188/428/100 4187/429/102
f 4416/418/556 4417/417/52 4187/429/102 4186/430/103
f 4414/414/61 4415/416/555 4185/431/104 4184/432/105
f 4413/415/63 4414/414/61 4184/432/105 4183/433/106
f 4121/434/108 4413/415/63 4183/433/106 4107/435/487
f 4120/436/109 4407/409/64 4413/415/63 4121/434/108
f 4119/437/110 4401/403/71 4407/409/64 4120/436/109
f 4118/438/111 4395/397/77 4401/403/71 4119/437/110
f 4117/439/112 4389/391/84 4395/397/77 4118/438/111
f 4116/440/113 4383/381/91 4389/391/84 4117/439/112
f 4115/422/114 4377/378/98 4383/381/91 4116/440/113
f 4419/441/191 4420/442/192 4426/443/193 4425/444/194
f 4420/442/192 4421/445/557 4427/446/196 4426/443/193
f 4422/447/558 4423/448/201 4429/449/202 4428/450/200
f 4423/448/201 4424/451/203 4430/452/204 4429/449/202
f 4425/444/194 4426/443/193 4432/453/205 4431/454/206
f 4426/443/193 4427/446/196 4433/455/559 4432/453/205
f 4428/450/200 4429/449/202 4435/456/210 4434/457/560
f 4429/449/202 4430/452/204 4436/458/211 4435/456/210
f 4431/454/206 4432/453/205 4438/459/212 4437/460/213
f 4432/453/205 4433/455/559 4439/461/214 4438/459/212
f 4434/457/560 4435/456/210 4441/462/216 4440/463/215
f 4435/456/210 4436/458/211 4442/464/217 4441/462/216
f 4437/460/213 4438/459/212 4444/465/218 4443/466/219
f 4438/459/212 4439/461/214 4445/467/561 4444/465/218
f 4440/463/215 4441/462/216 4447/468/223 4446/469/562
f 4441/462/216 4442/464/217 4448/470/224 4447/468/223
f 4443/466/219 4444/465/218 4450/471/225 4449/472/226
f 4444/465/218 4445/467/561 4451/473/227 4450/471/225
f 4446/469/562 4447/468/223 4453/474/230 4452/475/229
f 4447/468/223 4448/470/224 4454/476/231 4453/474/230
f 4449/472/226 4450/471/225 4456/477/232 4455/478/233
f 4450/471/225 4451/473/227 4457/479/563 4456/477/232
f 4452/475/229 4453/474/230 4459/480/237 4458/481/564
f 4453/474/230 4454/476/231 4460/482/238 4459/480/237
f 4114/229/511 4154/483/184 4419/441/191 4169/293/239
f 4154/483/184 4153/484/183 4420/442/192 4419/441/191
f 4153/484/183 4152/485/182 4421/445/557 4420/442/192
f 4151/486/181 4150/487/180 4423/448/201 4422/447/558
f 4150/487/180 4149/488/179 4424/451/203 4423/448/201
f 4149/488/179 4110/489/490 4135/490/466 4424/451/203
f 4424/451/203 4135/490/466 4134/491/241 4430/452/204
f 4430/452/204 4134/491/241 4133/492/242 4436/458/211
f 4436/458/211 4133/492/242 4132/493/243 4442/464/217
f 4442/464/217 4132/493/243 4131/494/244 4448/470/224
f 4448/470/224 4131/494/244 4130/495/245 4454/476/231
f 4454/476/231 4130/495/245 4129/496/246 4460/482/238
f 4460/482/238 4129/496/246 4108/497/489 4194/498/248
f 4459/480/237 4460/482/238 4194/498/248 4193/499/249
f 4458/481/564 4459/480/237 4193/499/249 4192/500/250
f 4456/477/232 4457/479/563 4191/501/251 4190/502/252
f 4455/478/233 4456/477/232 4190/502/252 4189/503/253
f 4175/299/254 4455/478/233 4189/503/253 4112/300/528
f 4174/298/256 4449/472/226 4455/478/233 4175/299/254
f 4173/297/257 4443/466/219 4449/472/226 4174/298/256
f 4172/296/258 4437/460/213 4443/466/219 4173/297/257
f 4171/295/259 4431/454/206 4437/460/213 4172/296/258
f 4170/294/260 4425/444/194 4431/454/206 4171/295/259
f 4169/293/239 4419/441/191 4425/444/194 4170/294/260
f 4470/504/565 4471/505/566 4472/506/567 4469/507/568
f 4471/505/566 4473/508/569 4474/509/570 4472/506/567
f 4473/508/569 4475/510/571 4476/511/572 4474/509/570
f 4475/510/571 4477/512/573 4478/513/574 4476/511/572
f 4477/512/573 4479/514/575 4480/515/576 4478/513/574
f 4479/514/575 4481/516/577 4482/517/578 4480/515/576
f 4464/518/579 4482/517/578 4481/516/577 4463/519/580
f 4462/520/581 4470/504/565 4469/507/568 4461/521/582
f 4484/522/583 4485/523/584 4486/524/585 4483/525/586
f 4485/523/584 4487/526/587 4488/527/588 4486/524/585
f 4487/526/587 4489/528/589 4490/529/590 4488/527/588
f 4489/528/589 4491/530/591 4492/531/592 4490/529/590
f 4491/530/591 4493/532/593 4494/533/594 4492/531/592
f 4493/532/593 4495/534/595 4496/535/596 4494/533/594
f 4468/536/597 4496/535/596 4495/534/595 4467/537/598
f 4466/538/599 4484/522/583 4483/525/586 4465/539/600
f 4498/540/601 4499/541/602 4500/542/603 4497/543/604
f 4499/541/602 4501/544/605 4502/545/606 4500/542/603
f 4501/544/605 4503/546/607 4504/547/608 4502/545/606
f 4503/546/607 4505/548/609 4506/549/610 4504/547/608
f 4505/548/609 4507/550/611 4508/551/612 4506/549/610
f 4507/550/611 4509/552/613 4510/553/614 4508/551/612
f 4461/554/582 4498/540/601 4497/543/604 4462/555/581
f 4465/556/600 4510/553/614 4509/552/613 4466/557/599
f 4512/558/615 4513/559/616 4514/560/617 4511/561/618
f 4513/559/616 4515/562/619 4516/563/620 4514/560/617
f 4515/562/619 4517/564/621 4518/565/622 4516/563/620
f 4517/564/621 4519/566/623 4520/567/624 4518/565/622
f 4519/566/623 4521/568/625 4522/569/626 4520/567/624
f 4521/568/625 4523/570/627 4524/571/628 4522/569/626
f 4463/572/580 4512/558/615 4511/561/618 4464/573/579
f 4467/574/598 4524/571/628 4523/570/627 4468/575/597
f 4461/554/582 4145/425/119 4380/384/550 4498/540/601
f 4146/242/118 4258/195/497 4470/504/565 4462/520/581
f 4461/521/582 4469/507/568 4265/201/502 4145/240/119
f 4146/424/118 4462/555/581 4497/543/604 4379/382/549
f 4463/572/580 4151/486/181 4422/447/558 4512/558/615
f 4482/517/578 4464/518/579 4152/226/182 4271/213/507
f 4264/200/501 4151/225/181 4463/519/580 4481/516/577
f 4152/485/182 4464/573/579 4511/561/618 4421/445/557
f 4415/416/555 4510/553/614 4465/556/600 4185/431/104
f 4186/377/103 4349/330/535 4484/522/583 4466/538/599
f 4465/539/600 4483/525/586 4356/336/540 4185/375/104
f 4509/552/613 4416/418/556 4186/430/103 4466/557/599
f 4457/479/563 4524/571/628 4467/574/598 4191/501/251
f 4496/535/596 4468/536/597 4192/361/250 4362/348/545
f 4355/335/539 4191/360/251 4467/537/598 4495/534/595
f 4523/570/627 4458/481/564 4192/500/250 4468/575/597
f 4258/195/497 4259/194/138 4471/505/566 4470/504/565
f 4469/507/568 4472/506/567 4266/202/134 4265/201/502
f 4259/194/138 4260/196/498 4473/508/569 4471/505/566
f 4472/506/567 4474/509/570 4267/205/503 4266/202/134
f 4260/196/498 4261/197/499 4475/510/571 4473/508/569
f 4474/509/570 4476/511/572 4268/207/504 4267/205/503
f 4261/197/499 4262/198/500 4477/512/573 4475/510/571
f 4476/511/572 4478/513/574 4269/209/506 4268/207/504
f 4262/198/500 4263/199/159 4479/514/575 4477/512/573
f 4478/513/574 4480/515/576 4270/211/155 4269/209/506
f 4263/199/159 4264/200/501 4481/516/577 4479/514/575
f 4480/515/576 4482/517/578 4271/213/507 4270/211/155
f 4349/330/535 4350/329/287 4485/523/584 4484/522/583
f 4483/525/586 4486/524/585 4357/337/291 4356/336/540
f 4350/329/287 4351/331/536 4487/526/587 4485/523/584
f 4486/524/585 4488/527/588 4358/340/541 4357/337/291
f 4351/331/536 4352/332/537 4489/528/589 4487/526/587
f 4488/527/588 4490/529/590 4359/342/542 4358/340/541
f 4352/332/537 4353/333/538 4491/530/591 4489/528/589
f 4490/529/590 4492/531/592 4360/344/544 4359/342/542
f 4353/333/538 4354/334/266 4493/532/593 4491/530/591
f 4492/531/592 4494/533/594 4361/346/270 4360/344/544
f 4354/334/266 4355/335/539 4495/534/595 4493/532/593
f 4494/533/594 4496/535/596 4362/348/545 4361/346/270
f 4498/540/601 4380/384/550 4386/387/87 4499/541/602
f 4379/382/549 4497/543/604 4500/542/603 4385/383/89
f 4499/541/602 4386/387/87 4392/394/552 4501/544/605
f 4385/383/89 4500/542/603 4502/545/606 4391/392/551
f 4501/544/605 4392/394/552 4398/400/74 4503/546/607
f 4391/392/551 4502/545/606 4504/547/608 4397/398/75
f 4503/546/607 4398/400/74 4404/406/554 4505/548/609
f 4397/398/75 4504/547/608 4506/549/610 4403/404/553
f 4505/548/609 4404/406/554 4410/412/56 4507/550/611
f 4403/404/553 4506/549/610 4508/551/612 4409/410/60
f 4507/550/611 4410/412/56 4416/418/556 4509/552/613
f 4409/410/60 4508/551/612 4510/553/614 4415/416/555
f 4512/558/615 4422/447/558 4428/450/200 4513/559/616
f 4421/445/557 4511/561/618 4514/560/617 4427/446/196
f 4513/559/616 4428/450/200 4434/457/560 4515/562/619
f 4427/446/196 4514/560/617 4516/563/620 4433/455/559
f 4515/562/619 4434/457/560 4440/463/215 4517/564/621
f 4433/455/559 4516/563/620 4518/565/622 4439/461/214
f 4517/564/621 4440/463/215 4446/469/562 4519/566/623
f 4439/461/214 4518/565/622 4520/567/624 4445/467/561
f 4519/566/623 4446/469/562 4452/475/229 4521/568/625
f 4445/467/561 4520/567/624 4522/569/626 4451/473/227
f 4521/568/625 4452/475/229 4458/481/564 4523/570/627
f 4451/473/227 4522/569/626 4524/571/628 4457/479/563
f 4613/99/356 4614/100/354 4621/101/348 4620/102/350
f 4614/100/354 4615/103/527 4622/104/349 4621/101/348
f 4615/103/527 4616/105/526 4623/106/524 4622/104/349
f 4616/105/526 4617/107/525 4624/108/347 4623/106/524
f 4617/107/525 4618/109/351 4625/110/345 4624/108/347
f 4618/109/351 4619/111/352 4626/112/346 4625/110/345
f 4620/102/350 4621/101/348 4628/113/342 4627/114/344
f 4621/101/348 4622/104/349 4629/115/523 4628/113/342
f 4622/104/349 4623/106/524 4630/116/522 4629/115/523
f 4623/106/524 4624/108/347 4631/117/521 4630/116/522
f 4624/108/347 4625/110/345 4632/118/339 4631/117/521
f 4625/110/345 4626/112/346 4633/119/340 4632/118/339
f 4627/114/344 4628/113/342 4635/120/336 4634/121/338
f 4628/113/342 4629/115/523 4636/122/337 4635/120/336
f 4629/115/523 4630/116/522 4637/123/49 4636/122/337
f 4630/116/522 4631/117/521 4638/124/335 4637/123/49
f 4631/117/521 4632/118/339 4639/125/333 4638/124/335
f 4632/118/339 4633/119/340 4640/126/334 4639/125/333
f 4634/121/338 4635/120/336 4642/127/330 4641/128/332
f 4635/120/336 4636/122/337 4643/129/520 4642/127/330
f 4636/122/337 4637/123/49 4644/130/519 4643/129/520
f 4637/123/49 4638/124/335 4645/131/518 4644/130/519
f 4638/124/335 4639/125/333 4646/132/327 4645/131/518
f 4639/125/333 4640/126/334 4647/133/328 4646/132/327
f 4641/128/332 4642/127/330 4649/134/323 4648/135/326
f 4642/127/330 4643/129/520 4650/136/324 4649/134/323
f 4643/129/520 4644/130/519 4651/137/516 4650/136/324
f 4644/130/519 4645/131/518 4652/138/320 4651/137/516
f 4645/131/518 4646/132/327 4653/139/317 4652/138/320
f 4646/132/327 4647/133/328 4654/140/318 4653/139/317
f 4648/135/326 4649/134/323 4656/141/322 4655/142/325
f 4649/134/323 4650/136/324 4657/143/517 4656/141/322
f 4650/136/324 4651/137/516 4658/144/515 4657/143/517
f 4651/137/516 4652/138/320 4659/145/514 4658/144/515
f 4652/138/320 4653/139/317 4660/146/316 4659/145/514
f 4653/139/317 4654/140/318 4661/147/315 4660/146/316
f 4525/148/464 4540/149/303 4613/99/356 4539/150/254
f 4540/149/303 4541/151/313 4614/100/354 4613/99/356
f 4541/151/313 4542/152/314 4615/103/527 4614/100/354
f 4542/152/314 4543/153/529 4616/105/526 4615/103/527
f 4543/153/529 4544/154/312 4617/107/525 4616/105/526
f 4544/154/312 4545/155/311 4618/109/351 4617/107/525
f 4545/155/311 4546/156/310 4619/111/352 4618/109/351
f 4546/156/310 4526/157/99 4547/158/101 4619/111/352
f 4619/111/352 4547/158/101 4548/159/128 4626/112/346
f 4626/112/346 4548/159/128 4549/160/127 4633/119/340
f 4633/119/340 4549/160/127 4550/161/126 4640/126/334
f 4640/126/334 4550/161/126 4551/162/125 4647/133/328
f 4647/133/328 4551/162/125 4552/163/124 4654/140/318
f 4654/140/318 4552/163/124 4553/164/122 4661/147/315
f 4661/147/315 4553/164/122 4528/165/123 4554/166/171
f 4660/146/316 4661/147/315 4554/166/171 4555/167/189
f 4659/145/514 4660/146/316 4555/167/189 4556/168/190
f 4658/144/515 4659/145/514 4556/168/190 4557/169/512
f 4657/143/517 4658/144/515 4557/169/512 4558/170/188
f 4656/141/322 4657/143/517 4558/170/188 4559/171/187
f 4655/142/325 4656/141/322 4559/171/187 4560/172/185
f 4533/173/239 4655/142/325 4560/172/185 4527/174/186
f 4534/175/260 4648/135/326 4655/142/325 4533/173/239
f 4535/176/259 4641/128/332 4648/135/326 4534/175/260
f 4536/177/258 4634/121/338 4641/128/332 4535/176/259
f 4537/178/257 4627/114/344 4634/121/338 4536/177/258
f 4538/179/256 4620/102/350 4627/114/344 4537/178/257
f 4539/150/254 4613/99/356 4620/102/350 4538/179/256
f 4662/180/165 4663/181/153 4670/182/152 4669/183/164
f 4663/181/153 4664/184/510 4671/185/151 4670/182/152
f 4664/184/510 4665/186/509 4672/187/505 4671/185/151
f 4665/186/509 4666/188/508 4673/189/143 4672/187/505
f 4666/188/508 4667/190/132 4674/191/131 4673/189/143
f 4667/190/132 4668/192/129 4675/193/130 4674/191/131
f 4669/183/164 4670/182/152 4677/194/155 4676/195/507
f 4670/182/152 4671/185/151 4678/196/506 4677/194/155
f 4671/185/151 4672/187/505 4679/197/504 4678/196/506
f 4672/187/505 4673/189/143 4680/198/503 4679/197/504
f 4673/189/143 4674/191/131 4681/199/134 4680/198/503
f 4674/191/131 4675/193/130 4682/200/502 4681/199/134
f 4683/201/501 4684/202/159 4691/203/161 4690/204/169
f 4684/202/159 4685/205/500 4692/206/160 4691/203/161
f 4685/205/500 4686/207/499 4693/208/495 4692/206/160
f 4686/207/499 4687/209/498 4694/210/148 4693/208/495
f 4687/209/498 4688/211/138 4695/212/140 4694/210/148
f 4688/211/138 4689/213/497 4696/214/139 4695/212/140
f 4690/204/169 4691/203/161 4698/215/163 4697/216/170
f 4691/203/161 4692/206/160 4699/217/496 4698/215/163
f 4692/206/160 4693/208/495 4700/218/494 4699/217/496
f 4693/208/495 4694/210/148 4701/219/493 4700/218/494
f 4694/210/148 4695/212/140 4702/220/142 4701/219/493
f 4695/212/140 4696/214/139 4703/221/141 4702/220/142
f 4527/174/186 4560/172/185 4662/180/165 4566/222/184
f 4560/172/185 4559/171/187 4663/181/153 4662/180/165
f 4559/171/187 4558/170/188 4664/184/510 4663/181/153
f 4558/170/188 4557/169/512 4665/186/509 4664/184/510
f 4557/169/512 4556/168/190 4666/188/508 4665/186/509
f 4556/168/190 4555/167/189 4667/190/132 4666/188/508
f 4555/167/189 4554/166/171 4668/192/129 4667/190/132
f 4554/166/171 4528/165/123 4567/223/121 4668/192/129
f 4668/192/129 4567/223/121 4568/224/120 4675/193/130
f 4675/193/130 4568/224/120 4569/225/119 4682/200/502
f 4689/213/497 4570/226/118 4571/227/117 4696/214/139
f 4696/214/139 4571/227/117 4572/228/116 4703/221/141
f 4703/221/141 4572/228/116 4532/229/629 4573/230/172
f 4702/220/142 4703/221/141 4573/230/172 4574/231/173
f 4701/219/493 4702/220/142 4574/231/173 4575/232/174
f 4700/218/494 4701/219/493 4575/232/174 4576/233/491
f 4699/217/496 4700/218/494 4576/233/491 4577/234/175
f 4698/215/163 4699/217/496 4577/234/175 4578/235/176
f 4697/216/170 4698/215/163 4578/235/176 4579/236/177
f 4561/237/179 4697/216/170 4579/236/177 4531/238/630
f 4562/239/180 4690/204/169 4697/216/170 4561/237/179
f 4563/240/181 4683/201/501 4690/204/169 4562/239/180
f 4565/241/183 4669/183/164 4676/195/507 4564/242/182
f 4566/222/184 4662/180/165 4669/183/164 4565/241/183
f 4704/243/357 4705/244/358 4712/245/359 4711/246/360
f 4705/244/358 4706/247/486 4713/248/362 4712/245/359
f 4706/247/486 4707/249/485 4714/250/483 4713/248/362
f 4707/249/485 4708/251/484 4715/252/366 4714/250/483
f 4708/251/484 4709/253/364 4716/254/365 4715/252/366
f 4709/253/364 4710/255/367 4717/256/368 4716/254/365
f 4711/246/360 4712/245/359 4719/257/369 4718/258/370
f 4712/245/359 4713/248/362 4720/259/482 4719/257/369
f 4713/248/362 4714/250/483 4721/260/481 4720/259/482
f 4714/250/483 4715/252/366 4722/261/480 4721/260/481
f 4715/252/366 4716/254/365 4723/262/372 4722/261/480
f 4716/254/365 4717/256/368 4724/263/374 4723/262/372
f 4718/258/370 4719/257/369 4726/264/375 4725/265/376
f 4719/257/369 4720/259/482 4727/266/377 4726/264/375
f 4720/259/482 4721/260/481 4728/267/50 4727/266/377
f 4721/260/481 4722/261/480 4729/268/379 4728/267/50
f 4722/261/480 4723/262/372 4730/269/378 4729/268/379
f 4723/262/372 4724/263/374 4731/270/380 4730/269/378
f 4725/265/376 4726/264/375 4733/271/381 4732/272/382
f 4726/264/375 4727/266/377 4734/273/479 4733/271/381
f 4727/266/377 4728/267/50 4735/274/478 4734/273/479
f 4728/267/50 4729/268/379 4736/275/477 4735/274/478
f 4729/268/379 4730/269/378 4737/276/384 4736/275/477
f 4730/269/378 4731/270/380 4738/277/386 4737/276/384
f 4732/272/382 4733/271/381 4740/278/387 4739/279/388
f 4733/271/381 4734/273/479 4741/280/389 4740/278/387
f 4734/273/479 4735/274/478 4742/281/475 4741/280/389
f 4735/274/478 4736/275/477 4743/282/391 4742/281/475
f 4736/275/477 4737/276/384 4744/283/390 4743/282/391
f 4737/276/384 4738/277/386 4745/284/392 4744/283/390
f 4739/279/388 4740/278/387 4747/285/393 4746/286/394
f 4740/278/387 4741/280/389 4748/287/476 4747/285/393
f 4741/280/389 4742/281/475 4749/288/474 4748/287/476
f 4742/281/475 4743/282/391 4750/289/473 4749/288/474
f 4743/282/391 4744/283/390 4751/290/396 4750/289/473
f 4744/283/390 4745/284/392 4752/291/398 4751/290/396
f 4531/238/630 4579/236/177 4704/243/357 4586/292/466
f 4579/236/177 4578/235/176 4705/244/358 4704/243/357
f 4578/235/176 4577/234/175 4706/247/486 4705/244/358
f 4577/234/175 4576/233/491 4707/249/485 4706/247/486
f 4576/233/491 4575/232/174 4708/251/484 4707/249/485
f 4575/232/174 4574/231/173 4709/253/364 4708/251/484
f 4574/231/173 4573/230/172 4710/255/367 4709/253/364
f 4573/230/172 4532/229/629 4587/293/114 4710/255/367
f 4710/255/367 4587/293/114 4588/294/113 4717/256/368
f 4717/256/368 4588/294/113 4589/295/112 4724/263/374
f 4724/263/374 4589/295/112 4590/296/111 4731/270/380
f 4731/270/380 4590/296/111 4591/297/110 4738/277/386
f 4738/277/386 4591/297/110 4592/298/109 4745/284/392
f 4745/284/392 4592/298/109 4593/299/108 4752/291/398
f 4752/291/398 4593/299/108 4530/300/631 4594/301/309
f 4751/290/396 4752/291/398 4594/301/309 4595/302/308
f 4750/289/473 4751/290/396 4595/302/308 4596/303/307
f 4749/288/474 4750/289/473 4596/303/307 4597/304/488
f 4748/287/476 4749/288/474 4597/304/488 4598/305/306
f 4747/285/393 4748/287/476 4598/305/306 4599/306/305
f 4746/286/394 4747/285/393 4599/306/305 4600/307/304
f 4580/308/246 4746/286/394 4600/307/304 4529/309/632
f 4581/310/245 4739/279/388 4746/286/394 4580/308/246
f 4582/311/244 4732/272/382 4739/279/388 4581/310/245
f 4583/312/243 4725/265/376 4732/272/382 4582/311/244
f 4584/313/242 4718/258/370 4725/265/376 4583/312/243
f 4585/314/241 4711/246/360 4718/258/370 4584/313/242
f 4586/292/466 4704/243/357 4711/246/360 4585/314/241
f 4753/315/273 4754/316/274 4761/317/272 4760/318/271
f 4754/316/274 4755/319/548 4762/320/280 4761/317/272
f 4755/319/548 4756/321/547 4763/322/543 4762/320/280
f 4756/321/547 4757/323/546 4764/324/292 4763/322/543
f 4757/323/546 4758/325/295 4765/326/293 4764/324/292
f 4758/325/295 4759/327/302 4766/328/301 4765/326/293
f 4760/318/271 4761/317/272 4768/329/270 4767/330/545
f 4761/317/272 4762/320/280 4769/331/544 4768/329/270
f 4762/320/280 4763/322/543 4770/332/542 4769/331/544
f 4763/322/543 4764/324/292 4771/333/541 4770/332/542
f 4764/324/292 4765/326/293 4772/334/291 4771/333/541
f 4765/326/293 4766/328/301 4773/335/540 4772/334/291
f 4774/336/539 4775/337/266 4782/338/263 4781/339/262
f 4775/337/266 4776/340/538 4783/341/275 4782/338/263
f 4776/340/538 4777/342/537 4784/343/533 4783/341/275
f 4777/342/537 4778/344/536 4785/345/283 4784/343/533
f 4778/344/536 4779/346/287 4786/347/284 4785/345/283
f 4779/346/287 4780/348/535 4787/349/296 4786/347/284
f 4781/339/262 4782/338/263 4789/350/264 4788/351/261
f 4782/338/263 4783/341/275 4790/352/534 4789/350/264
f 4783/341/275 4784/343/533 4791/353/532 4790/352/534
f 4784/343/533 4785/345/283 4792/354/531 4791/353/532
f 4785/345/283 4786/347/284 4793/355/285 4792/354/531
f 4786/347/284 4787/349/296 4794/356/297 4793/355/285
f 4529/309/632 4600/307/304 4753/315/273 4606/357/248
f 4600/307/304 4599/306/305 4754/316/274 4753/315/273
f 4599/306/305 4598/305/306 4755/319/548 4754/316/274
f 4598/305/306 4597/304/488 4756/321/547 4755/319/548
f 4597/304/488 4596/303/307 4757/323/546 4756/321/547
f 4596/303/307 4595/302/308 4758/325/295 4757/323/546
f 4595/302/308 4594/301/309 4759/327/302 4758/325/295
f 4594/301/309 4530/300/631 4607/358/106 4759/327/302
f 4759/327/302 4607/358/106 4608/359/105 4766/328/301
f 4766/328/301 4608/359/105 4609/360/104 4773/335/540
f 4780/348/535 4610/361/103 4611/362/102 4787/349/296
f 4787/349/296 4611/362/102 4612/363/100 4794/356/297
f 4794/356/297 4612/363/100 4526/364/99 4546/365/310
f 4793/355/285 4794/356/297 4546/365/310 4545/366/311
f 4792/354/531 4793/355/285 4545/366/311 4544/367/312
f 4791/353/532 4792/354/531 4544/367/312 4543/368/529
f 4790/352/534 4791/353/532 4543/368/529 4542/369/314
f 4789/350/264 4790/352/534 4542/369/314 4541/370/313
f 4788/351/261 4789/350/264 4541/370/313 4540/371/303
f 4601/372/253 4788/351/261 4540/371/303 4525/373/464
f 4602/374/252 4781/339/262 4788/351/261 4601/372/253
f 4603/375/251 4774/336/539 4781/339/262 4602/374/252
f 4605/376/249 4760/318/271 4767/330/545 4604/377/250
f 4606/357/248 4753/315/273 4760/318/271 4605/376/249
f 4795/378/191 4796/379/192 4802/380/193 4801/381/194
f 4796/379/192 4797/382/557 4803/383/196 4802/380/193
f 4798/384/558 4799/385/201 4805/386/202 4804/387/200
f 4799/385/201 4800/388/203 4806/389/204 4805/386/202
f 4801/381/194 4802/380/193 4808/390/205 4807/391/206
f 4802/380/193 4803/383/196 4809/392/559 4808/390/205
f 4804/387/200 4805/386/202 4811/393/210 4810/394/560
f 4805/386/202 4806/389/204 4812/395/211 4811/393/210
f 4807/391/206 4808/390/205 4814/396/212 4813/397/213
f 4808/390/205 4809/392/559 4815/398/214 4814/396/212
f 4810/394/560 4811/393/210 4817/399/216 4816/400/215
f 4811/393/210 4812/395/211 4818/401/217 4817/399/216
f 4813/397/213 4814/396/212 4820/402/218 4819/403/219
f 4814/396/212 4815/398/214 4821/404/561 4820/402/218
f 4816/400/215 4817/399/216 4823/405/223 4822/406/562
f 4817/399/216 4818/401/217 4824/407/224 4823/405/223
f 4819/403/219 4820/402/218 4826/408/225 4825/409/226
f 4820/402/218 4821/404/561 4827/410/227 4826/408/225
f 4822/406/562 4823/405/223 4829/411/230 4828/412/229
f 4823/405/223 4824/407/224 4830/413/231 4829/411/230
f 4825/409/226 4826/408/225 4832/414/232 4831/415/233
f 4826/408/225 4827/410/227 4833/416/563 4832/414/232
f 4828/412/229 4829/411/230 4835/417/237 4834/418/564
f 4829/411/230 4830/413/231 4836/419/238 4835/417/237
f 4527/420/186 4566/421/184 4795/378/191 4533/422/239
f 4566/421/184 4565/423/183 4796/379/192 4795/378/191
f 4565/423/183 4564/424/182 4797/382/557 4796/379/192
f 4563/425/181 4562/426/180 4799/385/201 4798/384/558
f 4562/426/180 4561/427/179 4800/388/203 4799/385/201
f 4561/427/179 4531/238/630 4586/292/466 4800/388/203
f 4800/388/203 4586/292/466 4585/314/241 4806/389/204
f 4806/389/204 4585/314/241 4584/313/242 4812/395/211
f 4812/395/211 4584/313/242 4583/312/243 4818/401/217
f 4818/401/217 4583/312/243 4582/311/244 4824/407/224
f 4824/407/224 4582/311/244 4581/310/245 4830/413/231
f 4830/413/231 4581/310/245 4580/308/246 4836/419/238
f 4836/419/238 4580/308/246 4529/309/632 4606/428/248
f 4835/417/237 4836/419/238 4606/428/248 4605/429/249
f 4834/418/564 4835/417/237 4605/429/249 4604/430/250
f 4832/414/232 4833/416/563 4603/431/251 4602/432/252
f 4831/415/233 4832/414/232 4602/432/252 4601/433/253
f 4539/434/254 4831/415/233 4601/433/253 4525/435/464
f 4538/436/256 4825/409/226 4831/415/233 4539/434/254
f 4537/437/257 4819/403/219 4825/409/226 4538/436/256
f 4536/438/258 4813/397/213 4819/403/219 4537/437/257
f 4535/439/259 4807/391/206 4813/397/213 4536/438/258
f 4534/440/260 4801/381/194 4807/391/206 4535/439/259
f 4533/422/239 4795/378/191 4801/381/194 4534/440/260
f 4837/441/98 4838/442/97 4844/443/90 4843/444/91
f 4838/442/97 4839/445/549 4845/446/89 4844/443/90
f 4840/447/550 4841/448/92 4847/449/85 4846/450/87
f 4841/448/92 4842/451/93 4848/452/86 4847/449/85
f 4843/444/91 4844/443/90 4850/453/83 4849/454/84
f 4844/443/90 4845/446/89 4851/455/551 4850/453/83
f 4846/450/87 4847/449/85 4853/456/78 4852/457/552
f 4847/449/85 4848/452/86 4854/458/79 4853/456/78
f 4849/454/84 4850/453/83 4856/459/76 4855/460/77
f 4850/453/83 4851/455/551 4857/461/75 4856/459/76
f 4852/457/552 4853/456/78 4859/462/72 4858/463/74
f 4853/456/78 4854/458/79 4860/464/73 4859/462/72
f 4855/460/77 4856/459/76 4862/465/70 4861/466/71
f 4856/459/76 4857/461/75 4863/467/553 4862/465/70
f 4858/463/74 4859/462/72 4865/468/65 4864/469/554
f 4859/462/72 4860/464/73 4866/470/66 4865/468/65
f 4861/466/71 4862/465/70 4868/471/62 4867/472/64
f 4862/465/70 4863/467/553 4869/473/60 4868/471/62
f 4864/469/554 4865/468/65 4871/474/53 4870/475/56
f 4865/468/65 4866/470/66 4872/476/54 4871/474/53
f 4867/472/64 4868/471/62 4874/477/61 4873/478/63
f 4868/471/62 4869/473/60 4875/479/555 4874/477/61
f 4870/475/56 4871/474/53 4877/480/52 4876/481/556
f 4871/474/53 4872/476/54 4878/482/51 4877/480/52
f 4532/229/629 4572/483/116 4837/441/98 4587/293/114
f 4572/483/116 4571/484/117 4838/442/97 4837/441/98
f 4571/484/117 4570/485/118 4839/445/549 4838/442/97
f 4569/486/119 4568/487/120 4841/448/92 4840/447/550
f 4568/487/120 4567/488/121 4842/451/93 4841/448/92
f 4567/488/121 4528/489/123 4553/490/122 4842/451/93
f 4842/451/93 4553/490/122 4552/491/124 4848/452/86
f 4848/452/86 4552/491/124 4551/492/125 4854/458/79
f 4854/458/79 4551/492/125 4550/493/126 4860/464/73
f 4860/464/73 4550/493/126 4549/494/127 4866/470/66
f 4866/470/66 4549/494/127 4548/495/128 4872/476/54
f 4872/476/54 4548/495/128 4547/496/101 4878/482/51
f 4878/482/51 4547/496/101 4526/497/99 4612/498/100
f 4877/480/52 4878/482/51 4612/498/100 4611/499/102
f 4876/481/556 4877/480/52 4611/499/102 4610/500/103
f 4874/477/61 4875/479/555 4609/501/104 4608/502/105
f 4873/478/63 4874/477/61 4608/502/105 4607/503/106
f 4593/299/108 4873/478/63 4607/503/106 4530/300/631
f 4592/298/109 4867/472/64 4873/478/63 4593/299/108
f 4591/297/110 4861/466/71 4867/472/64 4592/298/109
f 4590/296/111 4855/460/77 4861/466/71 4591/297/110
f 4589/295/112 4849/454/84 4855/460/77 4590/296/111
f 4588/294/113 4843/444/91 4849/454/84 4589/295/112
f 4587/293/114 4837/441/98 4843/444/91 4588/294/113
f 4888/504/578 4889/505/576 4890/506/575 4887/507/577
f 4889/505/576 4891/508/574 4892/509/573 4890/506/575
f 4891/508/574 4893/510/572 4894/511/571 4892/509/573
f 4893/510/572 4895/512/570 4896/513/569 4894/511/571
f 4895/512/570 4897/514/567 4898/515/566 4896/513/569
f 4897/514/567 4899/516/568 4900/517/565 4898/515/566
f 4882/518/581 4900/517/565 4899/516/568 4881/519/582
f 4880/520/579 4888/504/578 4887/507/577 4879/521/580
f 4902/522/596 4903/523/594 4904/524/593 4901/525/595
f 4903/523/594 4905/526/592 4906/527/591 4904/524/593
f 4905/526/592 4907/528/590 4908/529/589 4906/527/591
f 4907/528/590 4909/530/588 4910/531/587 4908/529/589
f 4909/530/588 4911/532/585 4912/533/584 4910/531/587
f 4911/532/585 4913/534/586 4914/535/583 4912/533/584
f 4886/536/599 4914/535/583 4913/534/586 4885/537/600
f 4884/538/597 4902/522/596 4901/525/595 4883/539/598
f 4916/540/615 4917/541/616 4918/542/617 4915/543/618
f 4917/541/616 4919/544/619 4920/545/620 4918/542/617
f 4919/544/619 4921/546/621 4922/547/622 4920/545/620
f 4921/546/621 4923/548/623 4924/549/624 4922/547/622
f 4923/548/623 4925/550/625 4926/551/626 4924/549/624
f 4925/550/625 4927/552/627 4928/553/628 4926/551/626
f 4879/554/580 4916/540/615 4915/543/618 4880/555/579
f 4883/556/598 4928/553/628 4927/552/627 4884/557/597
f 4930/558/601 4931/559/602 4932/560/603 4929/561/604
f 4931/559/602 4933/562/605 4934/563/606 4932/560/603
f 4933/562/605 4935/564/607 4936/565/608 4934/563/606
f 4935/564/607 4937/566/609 4938/567/610 4936/565/608
f 4937/566/609 4939/568/611 4940/569/612 4938/567/610
f 4939/568/611 4941/570/613 4942/571/614 4940/569/612
f 4881/572/582 4930/558/601 4929/561/604 4882/573/581
f 4885/574/600 4942/571/614 4941/570/613 4886/575/599
f 4879/554/580 4563/425/181 4798/384/558 4916/540/615
f 4564/242/182 4676/195/507 4888/504/578 4880/520/579
f 4879/521/580 4887/507/577 4683/201/501 4563/240/181
f 4564/424/182 4880/555/579 4915/543/618 4797/382/557
f 4881/572/582 4569/486/119 4840/447/550 4930/558/601
f 4900/517/565 4882/518/581 4570/226/118 4689/213/497
f 4682/200/502 4569/225/119 4881/519/582 4899/516/568
f 4570/485/118 4882/573/581 4929/561/604 4839/445/549
f 4833/416/563 4928/553/628 4883/556/598 4603/431/251
f 4604/377/250 4767/330/545 4902/522/596 4884/538/597
f 4883/539/598 4901/525/595 4774/336/539 4603/375/251
f 4927/552/627 4834/418/564 4604/430/250 4884/557/597
f 4875/479/555 4942/571/614 4885/574/600 4609/501/104
f 4914/535/583 4886/536/599 4610/361/103 4780/348/535
f 4773/335/540 4609/360/104 4885/537/600 4913/534/586
f 4941/570/613 4876/481/556 4610/500/103 4886/575/599
f 4676/195/507 4677/194/155 4889/505/576 4888/504/578
f 4887/507/577 4890/506/575 4684/202/159 4683/201/501
f 4677/194/155 4678/196/506 4891/508/574 4889/505/576
f 4890/506/575 4892/509/573 4685/205/500 4684/202/159
f 4678/196/506 4679/197/504 4893/510/572 4891/508/574
f 4892/509/573 4894/511/571 4686/207/499 4685/205/500
f 4679/197/504 4680/198/503 4895/512/570 4893/510/572
f 4894/511/571 4896/513/569 4687/209/498 4686/207/499
f 4680/198/503 4681/199/134 4897/514/567 4895/512/570
f 4896/513/569 4898/515/566 4688/211/138 4687/209/498
f 4681/199/134 4682/200/502 4899/516/568 4897/514/567
f 4898/515/566 4900/517/565 4689/213/497 4688/211/138
f 4767/330/545 4768/329/270 4903/523/594 4902/522/596
f 4901/525/595 4904/524/593 4775/337/266 4774/336/539
f 4768/329/270 4769/331/544 4905/526/592 4903/523/594
f 4904/524/593 4906/527/591 4776/340/538 4775/337/266
f 4769/331/544 4770/332/542 4907/528/590 4905/526/592
f 4906/527/591 4908/529/589 4777/342/537 4776/340/538
f 4770/332/542 4771/333/541 4909/530/588 4907/528/590
f 4908/529/589 4910/531/587 4778/344/536 4777/342/537
f 4771/333/541 4772/334/291 4911/532/585 4909/530/588
f 4910/531/587 4912/533/584 4779/346/287 4778/344/536
f 4772/334/291 4773/335/540 4913/534/586 4911/532/585
f 4912/533/584 4914/535/583 4780/348/535 4779/346/287
f 4916/540/615 4798/384/558 4804/387/200 4917/541/616
f 4797/382/557 4915/543/618 4918/542/617 4803/383/196
f 4917/541/616 4804/387/200 4810/394/560 4919/544/619
f 4803/383/196 4918/542/617 4920/545/620 4809/392/559
f 4919/544/619 4810/394/560 4816/400/215 4921/546/621
f 4809/392/559 4920/545/620 4922/547/622 4815/398/214
f 4921/546/621 4816/400/215 4822/406/562 4923/548/623
f 4815/398/214 4922/547/622 4924/549/624 4821/404/561
f 4923/548/623 4822/406/562 4828/412/229 4925/550/625
f 4821/404/561 4924/549/624 4926/551/626 4827/410/227
f 4925/550/625 4828/412/229 4834/418/564 4927/552/627
f 4827/410/227 4926/551/626 4928/553/628 4833/416/563
f 4930/558/601 4840/447/550 4846/450/87 4931/559/602
f 4839/445/549 4929/561/604 4932/560/603 4845/446/89
f 4931/559/602 4846/450/87 4852/457/552 4933/562/605
f 4845/446/89 4932/560/603 4934/563/606 4851/455/551
f 4933/562/605 4852/457/552 4858/463/74 4935/564/607
f 4851/455/551 4934/563/606 4936/565/608 4857/461/75
f 4935/564/607 4858/463/74 4864/469/554 4937/566/609
f 4857/461/75 4936/565/608 4938/567/610 4863/467/553
f 4937/566/609 4864/469/554 4870/475/56 4939/568/611
f 4863/467/553 4938/567/610 4940/569/612 4869/473/60
f 4939/568/611 4870/475/56 4876/481/556 4941/570/613
f 4869/473/60 4940/569/612 4942/571/614 4875/479/555
f 5031/99/261 5032/100/262 5039/101/263 5038/102/264
f 5032/100/262 5033/103/265 5040/104/266 5039/101/263
f 5033/103/265 5034/105/267 5041/106/268 5040/104/266
f 5034/105/267 5035/107/269 5042/108/270 5041/106/268
f 5035/107/269 5036/109/271 5043/110/272 5042/108/270
f 5036/109/271 5037/111/273 5044/112/274 5043/110/272
f 5038/102/264 5039/101/263 5046/113/275 5045/114/534
f 5039/101/263 5040/104/266 5047/115/633 5046/113/275
f 5040/104/266 5041/106/268 5048/116/278 5047/115/633
f 5041/106/268 5042/108/270 5049/117/634 5048/116/278
f 5042/108/270 5043/110/272 5050/118/280 5049/117/634
f 5043/110/272 5044/112/274 5051/119/548 5050/118/280
f 5045/114/534 5046/113/275 5053/120/533 5052/121/532
f 5046/113/275 5047/115/633 5054/122/537 5053/120/533
f 5047/115/633 5048/116/278 5055/123/25 5054/122/537
f 5048/116/278 5049/117/634 5056/124/542 5055/123/25
f 5049/117/634 5050/118/280 5057/125/543 5056/124/542
f 5050/118/280 5051/119/548 5058/126/547 5057/125/543
f 5052/121/532 5053/120/533 5060/127/283 5059/128/531
f 5053/120/533 5054/122/537 5061/129/635 5060/127/283
f 5054/122/537 5055/123/25 5062/130/288 5061/129/635
f 5055/123/25 5056/124/542 5063/131/636 5062/130/288
f 5056/124/542 5057/125/543 5064/132/292 5063/131/636
f 5057/125/543 5058/126/547 5065/133/546 5064/132/292
f 5059/128/531 5060/127/283 5067/134/284 5066/135/285
f 5060/127/283 5061/129/635 5068/136/287 5067/134/284
f 5061/129/635 5062/130/288 5069/137/289 5068/136/287
f 5062/130/288 5063/131/636 5070/138/291 5069/137/289
f 5063/131/636 5064/132/292 5071/139/293 5070/138/291
f 5064/132/292 5065/133/546 5072/140/295 5071/139/293
f 5066/135/285 5067/134/284 5074/141/296 5073/142/297
f 5067/134/284 5068/136/287 5075/143/298 5074/141/296
f 5068/136/287 5069/137/289 5076/144/299 5075/143/298
f 5069/137/289 5070/138/291 5077/145/300 5076/144/299
f 5070/138/291 5071/139/293 5078/146/301 5077/145/300
f 5071/139/293 5072/140/295 5079/147/302 5078/146/301
f 4943/148/255 4958/149/253 5031/99/261 4957/150/303
f 4958/149/253 4959/151/252 5032/100/262 5031/99/261
f 4959/151/252 4960/152/251 5033/103/265 5032/100/262
f 4960/152/251 4961/153/19 5034/105/267 5033/103/265
f 4961/153/19 4962/154/250 5035/107/269 5034/105/267
f 4962/154/250 4963/155/249 5036/109/271 5035/107/269
f 4963/155/249 4964/156/248 5037/111/273 5036/109/271
f 4964/156/248 4944/157/463 4965/158/304 5037/111/273
f 5037/111/273 4965/158/304 4966/159/305 5044/112/274
f 5044/112/274 4966/159/305 4967/160/306 5051/119/548
f 5051/119/548 4967/160/306 4968/161/488 5058/126/547
f 5058/126/547 4968/161/488 4969/162/307 5065/133/546
f 5065/133/546 4969/162/307 4970/163/308 5072/140/295
f 5072/140/295 4970/163/308 4971/164/309 5079/147/302
f 5079/147/302 4971/164/309 4946/165/107 4972/166/106
f 5078/146/301 5079/147/302 4972/166/106 4973/167/105
f 5077/145/300 5078/146/301 4973/167/105 4974/168/104
f 5076/144/299 5077/145/300 4974/168/104 4975/169/31
f 5075/143/298 5076/144/299 4975/169/31 4976/170/103
f 5074/141/296 5075/143/298 4976/170/103 4977/171/102
f 5073/142/297 5074/141/296 4977/171/102 4978/172/100
f 4951/173/310 5073/142/297 4978/172/100 4945/174/637
f 4952/175/311 5066/135/285 5073/142/297 4951/173/310
f 4953/176/312 5059/128/531 5066/135/285 4952/175/311
f 4954/177/529 5052/121/532 5059/128/531 4953/176/312
f 4955/178/314 5045/114/534 5052/121/532 4954/177/529
f 4956/179/313 5038/102/264 5045/114/534 4955/178/314
f 4957/150/303 5031/99/261 5038/102/264 4956/179/313
f 5080/180/51 5081/181/52 5088/182/53 5087/183/54
f 5081/181/52 5082/184/55 5089/185/56 5088/182/53
f 5082/184/55 5083/186/57 5090/187/58 5089/185/56
f 5083/186/57 5084/188/59 5091/189/60 5090/187/58
f 5084/188/59 5085/190/61 5092/191/62 5091/189/60
f 5085/190/61 5086/192/63 5093/193/64 5092/191/62
f 5087/183/54 5088/182/53 5095/194/65 5094/195/638
f 5088/182/53 5089/185/56 5096/196/639 5095/194/65
f 5089/185/56 5090/187/58 5097/197/68 5096/196/639
f 5090/187/58 5091/189/60 5098/198/640 5097/197/68
f 5091/189/60 5092/191/62 5099/199/70 5098/198/640
f 5092/191/62 5093/193/64 5100/200/641 5099/199/70
f 5101/201/642 5102/202/78 5109/203/85 5108/204/86
f 5102/202/78 5103/205/643 5110/206/87 5109/203/85
f 5103/205/643 5104/207/81 5111/208/88 5110/206/87
f 5104/207/81 5105/209/644 5112/210/89 5111/208/88
f 5105/209/644 5106/211/83 5113/212/90 5112/210/89
f 5106/211/83 5107/213/645 5114/214/91 5113/212/90
f 5108/204/86 5109/203/85 5116/215/92 5115/216/93
f 5109/203/85 5110/206/87 5117/217/94 5116/215/92
f 5110/206/87 5111/208/88 5118/218/95 5117/217/94
f 5111/208/88 5112/210/89 5119/219/96 5118/218/95
f 5112/210/89 5113/212/90 5120/220/97 5119/219/96
f 5113/212/90 5114/214/91 5121/221/98 5120/220/97
f 4945/174/637 4978/172/100 5080/180/51 4984/222/101
f 4978/172/100 4977/171/102 5081/181/52 5080/180/51
f 4977/171/102 4976/170/103 5082/184/55 5081/181/52
f 4976/170/103 4975/169/31 5083/186/57 5082/184/55
f 4975/169/31 4974/168/104 5084/188/59 5083/186/57
f 4974/168/104 4973/167/105 5085/190/61 5084/188/59
f 4973/167/105 4972/166/106 5086/192/63 5085/190/61
f 4972/166/106 4946/165/107 4985/223/108 5086/192/63
f 5086/192/63 4985/223/108 4986/224/109 5093/193/64
f 5093/193/64 4986/224/109 4987/225/110 5100/200/641
f 5107/213/645 4988/226/112 4989/227/113 5114/214/91
f 5114/214/91 4989/227/113 4990/228/114 5121/221/98
f 5121/221/98 4990/228/114 4950/229/492 4991/230/116
f 5120/220/97 5121/221/98 4991/230/116 4992/231/117
f 5119/219/96 5120/220/97 4992/231/117 4993/232/118
f 5118/218/95 5119/219/96 4993/232/118 4994/233/43
f 5117/217/94 5118/218/95 4994/233/43 4995/234/119
f 5116/215/92 5117/217/94 4995/234/119 4996/235/120
f 5115/216/93 5116/215/92 4996/235/120 4997/236/121
f 4979/237/122 5115/216/93 4997/236/121 4949/238/646
f 4980/239/124 5108/204/86 5115/216/93 4979/237/122
f 4981/240/125 5101/201/642 5108/204/86 4980/239/124
f 4983/241/128 5087/183/54 5094/195/638 4982/242/127
f 4984/222/101 5080/180/51 5087/183/54 4983/241/128
f 5122/243/129 5123/244/130 5130/245/131 5129/246/132
f 5123/244/130 5124/247/133 5131/248/134 5130/245/131
f 5124/247/133 5125/249/135 5132/250/136 5131/248/134
f 5125/249/135 5126/251/137 5133/252/138 5132/250/136
f 5126/251/137 5127/253/139 5134/254/140 5133/252/138
f 5127/253/139 5128/255/141 5135/256/142 5134/254/140
f 5129/246/132 5130/245/131 5137/257/143 5136/258/508
f 5130/245/131 5131/248/134 5138/259/647 5137/257/143
f 5131/248/134 5132/250/136 5139/260/146 5138/259/647
f 5132/250/136 5133/252/138 5140/261/648 5139/260/146
f 5133/252/138 5134/254/140 5141/262/148 5140/261/648
f 5134/254/140 5135/256/142 5142/263/493 5141/262/148
f 5136/258/508 5137/257/143 5144/264/505 5143/265/509
f 5137/257/143 5138/259/647 5145/266/504 5144/264/505
f 5138/259/647 5139/260/146 5146/267/3 5145/266/504
f 5139/260/146 5140/261/648 5147/268/499 5146/267/3
f 5140/261/648 5141/262/148 5148/269/495 5147/268/499
f 5141/262/148 5142/263/493 5149/270/494 5148/269/495
f 5143/265/509 5144/264/505 5151/271/151 5150/272/510
f 5144/264/505 5145/266/504 5152/273/649 5151/271/151
f 5145/266/504 5146/267/3 5153/274/156 5152/273/649
f 5146/267/3 5147/268/499 5154/275/650 5153/274/156
f 5147/268/499 5148/269/495 5155/276/160 5154/275/650
f 5148/269/495 5149/270/494 5156/277/496 5155/276/160
f 5150/272/510 5151/271/151 5158/278/152 5157/279/153
f 5151/271/151 5152/273/649 5159/280/155 5158/278/152
f 5152/273/649 5153/274/156 5160/281/157 5159/280/155
f 5153/274/156 5154/275/650 5161/282/159 5160/281/157
f 5154/275/650 5155/276/160 5162/283/161 5161/282/159
f 5155/276/160 5156/277/496 5163/284/163 5162/283/161
f 5157/279/153 5158/278/152 5165/285/164 5164/286/165
f 5158/278/152 5159/280/155 5166/287/166 5165/285/164
f 5159/280/155 5160/281/157 5167/288/167 5166/287/166
f 5160/281/157 5161/282/159 5168/289/168 5167/288/167
f 5161/282/159 5162/283/161 5169/290/169 5168/289/168
f 5162/283/161 5163/284/163 5170/291/170 5169/290/169
f 4949/238/646 4997/236/121 5122/243/129 5004/292/171
f 4997/236/121 4996/235/120 5123/244/130 5122/243/129
f 4996/235/120 4995/234/119 5124/247/133 5123/244/130
f 4995/234/119 4994/233/43 5125/249/135 5124/247/133
f 4994/233/43 4993/232/118 5126/251/137 5125/249/135
f 4993/232/118 4992/231/117 5127/253/139 5126/251/137
f 4992/231/117 4991/230/116 5128/255/141 5127/253/139
f 4991/230/116 4950/229/492 5005/293/172 5128/255/141
f 5128/255/141 5005/293/172 5006/294/173 5135/256/142
f 5135/256/142 5006/294/173 5007/295/174 5142/263/493
f 5142/263/493 5007/295/174 5008/296/491 5149/270/494
f 5149/270/494 5008/296/491 5009/297/175 5156/277/496
f 5156/277/496 5009/297/175 5010/298/176 5163/284/163
f 5163/284/163 5010/298/176 5011/299/177 5170/291/170
f 5170/291/170 5011/299/177 4948/300/467 5012/301/179
f 5169/290/169 5170/291/170 5012/301/179 5013/302/180
f 5168/289/168 5169/290/169 5013/302/180 5014/303/181
f 5167/288/167 5168/289/168 5014/303/181 5015/304/7
f 5166/287/166 5167/288/167 5015/304/7 5016/305/182
f 5165/285/164 5166/287/166 5016/305/182 5017/306/183
f 5164/286/165 5165/285/164 5017/306/183 5018/307/184
f 4998/308/185 5164/286/165 5018/307/184 4947/309/511
f 4999/310/187 5157/279/153 5164/286/165 4998/308/185
f 5000/311/188 5150/272/510 5157/279/153 4999/310/187
f 5001/312/512 5143/265/509 5150/272/510 5000/311/188
f 5002/313/190 5136/258/508 5143/265/509 5001/312/512
f 5003/314/189 5129/246/132 5136/258/508 5002/313/190
f 5004/292/171 5122/243/129 5129/246/132 5003/314/189
f 5171/315/191 5172/316/192 5179/317/193 5178/318/194
f 5172/316/192 5173/319/195 5180/320/196 5179/317/193
f 5173/319/195 5174/321/197 5181/322/198 5180/320/196
f 5174/321/197 5175/323/199 5182/324/200 5181/322/198
f 5175/323/199 5176/325/201 5183/326/202 5182/324/200
f 5176/325/201 5177/327/203 5184/328/204 5183/326/202
f 5178/318/194 5179/317/193 5186/329/205 5185/330/651
f 5179/317/193 5180/320/196 5187/331/652 5186/329/205
f 5180/320/196 5181/322/198 5188/332/208 5187/331/652
f 5181/322/198 5182/324/200 5189/333/653 5188/332/208
f 5182/324/200 5183/326/202 5190/334/210 5189/333/653
f 5183/326/202 5184/328/204 5191/335/654 5190/334/210
f 5192/336/655 5193/337/218 5200/338/225 5199/339/226
f 5193/337/218 5194/340/656 5201/341/227 5200/338/225
f 5194/340/656 5195/342/221 5202/343/228 5201/341/227
f 5195/342/221 5196/344/657 5203/345/229 5202/343/228
f 5196/344/657 5197/346/223 5204/347/230 5203/345/229
f 5197/346/223 5198/348/658 5205/349/231 5204/347/230
f 5199/339/226 5200/338/225 5207/350/232 5206/351/233
f 5200/338/225 5201/341/227 5208/352/234 5207/350/232
f 5201/341/227 5202/343/228 5209/353/235 5208/352/234
f 5202/343/228 5203/345/229 5210/354/236 5209/353/235
f 5203/345/229 5204/347/230 5211/355/237 5210/354/236
f 5204/347/230 5205/349/231 5212/356/238 5211/355/237
f 4947/309/511 5018/307/184 5171/315/191 5024/357/659
f 5018/307/184 5017/306/183 5172/316/192 5171/315/191
f 5017/306/183 5016/305/182 5173/319/195 5172/316/192
f 5016/305/182 5015/304/7 5174/321/197 5173/319/195
f 5015/304/7 5014/303/181 5175/323/199 5174/321/197
f 5014/303/181 5013/302/180 5176/325/201 5175/323/199
f 5013/302/180 5012/301/179 5177/327/203 5176/325/201
f 5012/301/179 4948/300/467 5025/358/466 5177/327/203
f 5177/327/203 5025/358/466 5026/359/241 5184/328/204
f 5184/328/204 5026/359/241 5027/360/242 5191/335/654
f 5198/348/658 5028/361/244 5029/362/245 5205/349/231
f 5205/349/231 5029/362/245 5030/363/246 5212/356/238
f 5212/356/238 5030/363/246 4944/364/463 4964/365/248
f 5211/355/237 5212/356/238 4964/365/248 4963/366/249
f 5210/354/236 5211/355/237 4963/366/249 4962/367/250
f 5209/353/235 5210/354/236 4962/367/250 4961/368/19
f 5208/352/234 5209/353/235 4961/368/19 4960/369/251
f 5207/350/232 5208/352/234 4960/369/251 4959/370/252
f 5206/351/233 5207/350/232 4959/370/252 4958/371/253
f 5019/372/254 5206/351/233 4958/371/253 4943/373/255
f 5020/374/256 5199/339/226 5206/351/233 5019/372/254
f 5021/375/257 5192/336/655 5199/339/226 5020/374/256
f 5023/376/260 5178/318/194 5185/330/651 5022/377/259
f 5024/357/659 5171/315/191 5178/318/194 5023/376/260
f 5213/378/352 5214/379/346 5220/380/345 5219/381/351
f 5214/379/346 5215/382/660 5221/383/339 5220/380/345
f 5216/384/661 5217/385/318 5223/386/317 5222/387/327
f 5217/385/318 5218/388/315 5224/389/316 5223/386/317
f 5219/381/351 5220/380/345 5226/390/347 5225/391/525
f 5220/380/345 5221/383/339 5227/392/662 5226/390/347
f 5222/387/327 5223/386/317 5229/393/320 5228/394/663
f 5223/386/317 5224/389/316 5230/395/514 5229/393/320
f 5225/391/525 5226/390/347 5232/396/524 5231/397/526
f 5226/390/347 5227/392/662 5233/398/522 5232/396/524
f 5228/394/663 5229/393/320 5235/399/516 5234/400/519
f 5229/393/320 5230/395/514 5236/401/515 5235/399/516
f 5231/397/526 5232/396/524 5238/402/349 5237/403/527
f 5232/396/524 5233/398/522 5239/404/664 5238/402/349
f 5234/400/519 5235/399/516 5241/405/324 5240/406/665
f 5235/399/516 5236/401/515 5242/407/517 5241/405/324
f 5237/403/527 5238/402/349 5244/408/348 5243/409/354
f 5238/402/349 5239/404/664 5245/410/342 5244/408/348
f 5240/406/665 5241/405/324 5247/411/323 5246/412/330
f 5241/405/324 5242/407/517 5248/413/322 5247/411/323
f 5243/409/354 5244/408/348 5250/414/350 5249/415/356
f 5244/408/348 5245/410/342 5251/416/666 5250/414/350
f 5246/412/330 5247/411/323 5253/417/326 5252/418/667
f 5247/411/323 5248/413/322 5254/419/325 5253/417/326
f 4945/420/637 4984/421/101 5213/378/352 4951/422/310
f 4984/421/101 4983/423/128 5214/379/346 5213/378/352
f 4983/423/128 4982/424/127 5215/382/660 5214/379/346
f 4981/425/125 4980/426/124 5217/385/318 5216/384/661
f 4980/426/124 4979/427/122 5218/388/315 5217/385/318
f 4979/427/122 4949/238/646 5004/292/171 5218/388/315
f 5218/388/315 5004/292/171 5003/314/189 5224/389/316
f 5224/389/316 5003/314/189 5002/313/190 5230/395/514
f 5230/395/514 5002/313/190 5001/312/512 5236/401/515
f 5236/401/515 5001/312/512 5000/311/188 5242/407/517
f 5242/407/517 5000/311/188 4999/310/187 5248/413/322
f 5248/413/322 4999/310/187 4998/308/185 5254/419/325
f 5254/419/325 4998/308/185 4947/309/511 5024/428/659
f 5253/417/326 5254/419/325 5024/428/659 5023/429/260
f 5252/418/667 5253/417/326 5023/429/260 5022/430/259
f 5250/414/350 5251/416/666 5021/431/257 5020/432/256
f 5249/415/356 5250/414/350 5020/432/256 5019/433/254
f 4957/434/303 5249/415/356 5019/433/254 4943/435/255
f 4956/436/313 5243/409/354 5249/415/356 4957/434/303
f 4955/437/314 5237/403/527 5243/409/354 4956/436/313
f 4954/438/529 5231/397/526 5237/403/527 4955/437/314
f 4953/439/312 5225/391/525 5231/397/526 4954/438/529
f 4952/440/311 5219/381/351 5225/391/525 4953/439/312
f 4951/422/310 5213/378/352 5219/381/351 4952/440/311
f 5255/441/367 5256/442/368 5262/443/365 5261/444/364
f 5256/442/368 5257/445/668 5263/446/372 5262/443/365
f 5258/447/669 5259/448/392 5265/449/390 5264/450/384
f 5259/448/392 5260/451/398 5266/452/396 5265/449/390
f 5261/444/364 5262/443/365 5268/453/366 5267/454/484
f 5262/443/365 5263/446/372 5269/455/670 5268/453/366
f 5264/450/384 5265/449/390 5271/456/391 5270/457/671
f 5265/449/390 5266/452/396 5272/458/473 5271/456/391
f 5267/454/484 5268/453/366 5274/459/483 5273/460/485
f 5268/453/366 5269/455/670 5275/461/481 5274/459/483
f 5270/457/671 5271/456/391 5277/462/475 5276/463/478
f 5271/456/391 5272/458/473 5278/464/474 5277/462/475
f 5273/460/485 5274/459/483 5280/465/362 5279/466/486
f 5274/459/483 5275/461/481 5281/467/672 5280/465/362
f 5276/463/478 5277/462/475 5283/468/389 5282/469/673
f 5277/462/475 5278/464/474 5284/470/476 5283/468/389
f 5279/466/486 5280/465/362 5286/471/359 5285/472/358
f 5280/465/362 5281/467/672 5287/473/369 5286/471/359
f 5282/469/673 5283/468/389 5289/474/387 5288/475/381
f 5283/468/389 5284/470/476 5290/476/393 5289/474/387
f 5285/472/358 5286/471/359 5292/477/360 5291/478/357
f 5286/471/359 5287/473/369 5293/479/674 5292/477/360
f 5288/475/381 5289/474/387 5295/480/388 5294/481/675
f 5289/474/387 5290/476/393 5296/482/394 5295/480/388
f 4950/229/492 4990/483/114 5255/441/367 5005/293/172
f 4990/483/114 4989/484/113 5256/442/368 5255/441/367
f 4989/484/113 4988/485/112 5257/445/668 5256/442/368
f 4987/486/110 4986/487/109 5259/448/392 5258/447/669
f 4986/487/109 4985/488/108 5260/451/398 5259/448/392
f 4985/488/108 4946/489/107 4971/490/309 5260/451/398
f 5260/451/398 4971/490/309 4970/491/308 5266/452/396
f 5266/452/396 4970/491/308 4969/492/307 5272/458/473
f 5272/458/473 4969/492/307 4968/493/488 5278/464/474
f 5278/464/474 4968/493/488 4967/494/306 5284/470/476
f 5284/470/476 4967/494/306 4966/495/305 5290/476/393
f 5290/476/393 4966/495/305 4965/496/304 5296/482/394
f 5296/482/394 4965/496/304 4944/497/463 5030/498/246
f 5295/480/388 5296/482/394 5030/498/246 5029/499/245
f 5294/481/675 5295/480/388 5029/499/245 5028/500/244
f 5292/477/360 5293/479/674 5027/501/242 5026/502/241
f 5291/478/357 5292/477/360 5026/502/241 5025/503/466
f 5011/299/177 5291/478/357 5025/503/466 4948/300/467
f 5010/298/176 5285/472/358 5291/478/357 5011/299/177
f 5009/297/175 5279/466/486 5285/472/358 5010/298/176
f 5008/296/491 5273/460/485 5279/466/486 5009/297/175
f 5007/295/174 5267/454/484 5273/460/485 5008/296/491
f 5006/294/173 5261/444/364 5267/454/484 5007/295/174
f 5005/293/172 5255/441/367 5261/444/364 5006/294/173
f 5306/504/676 5307/505/677 5308/506/678 5305/507/679
f 5307/505/677 5309/508/680 5310/509/681 5308/506/678
f 5309/508/680 5311/510/682 5312/511/683 5310/509/681
f 5311/510/682 5313/512/684 5314/513/685 5312/511/683
f 5313/512/684 5315/514/686 5316/515/687 5314/513/685
f 5315/514/686 5317/516/688 5318/517/689 5316/515/687
f 5300/518/690 5318/517/689 5317/516/688 5299/519/691
f 5298/520/692 5306/504/676 5305/507/679 5297/521/693
f 5320/522/694 5321/523/695 5322/524/696 5319/525/697
f 5321/523/695 5323/526/698 5324/527/699 5322/524/696
f 5323/526/698 5325/528/700 5326/529/701 5324/527/699
f 5325/528/700 5327/530/702 5328/531/703 5326/529/701
f 5327/530/702 5329/532/704 5330/533/705 5328/531/703
f 5329/532/704 5331/534/706 5332/535/707 5330/533/705
f 5304/536/708 5332/535/707 5331/534/706 5303/537/709
f 5302/538/710 5320/522/694 5319/525/697 5301/539/711
f 5334/540/712 5335/541/713 5336/542/714 5333/543/715
f 5335/541/713 5337/544/716 5338/545/717 5336/542/714
f 5337/544/716 5339/546/718 5340/547/719 5338/545/717
f 5339/546/718 5341/548/720 5342/549/721 5340/547/719
f 5341/548/720 5343/550/722 5344/551/723 5342/549/721
f 5343/550/722 5345/552/724 5346/553/725 5344/551/723
f 5297/554/693 5334/540/712 5333/543/715 5298/555/692
f 5301/556/711 5346/553/725 5345/552/724 5302/557/710
f 5348/558/726 5349/559/727 5350/560/728 5347/561/729
f 5349/559/727 5351/562/730 5352/563/731 5350/560/728
f 5351/562/730 5353/564/732 5354/565/733 5352/563/731
f 5353/564/732 5355/566/734 5356/567/735 5354/565/733
f 5355/566/734 5357/568/736 5358/569/737 5356/567/735
f 5357/568/736 5359/570/738 5360/571/739 5358/569/737
f 5299/572/691 5348/558/726 5347/561/729 5300/573/690
f 5303/574/709 5360/571/739 5359/570/738 5304/575/708
f 5297/554/693 4981/425/125 5216/384/661 5334/540/712
f 4982/242/127 5094/195/638 5306/504/676 5298/520/692
f 5297/521/693 5305/507/679 5101/201/642 4981/240/125
f 4982/424/127 5298/555/692 5333/543/715 5215/382/660
f 5299/572/691 4987/486/110 5258/447/669 5348/558/726
f 5318/517/689 5300/518/690 4988/226/112 5107/213/645
f 5100/200/641 4987/225/110 5299/519/691 5317/516/688
f 4988/485/112 5300/573/690 5347/561/729 5257/445/668
f 5251/416/666 5346/553/725 5301/556/711 5021/431/257
f 5022/377/259 5185/330/651 5320/522/694 5302/538/710
f 5301/539/711 5319/525/697 5192/336/655 5021/375/257
f 5345/552/724 5252/418/667 5022/430/259 5302/557/710
f 5293/479/674 5360/571/739 5303/574/709 5027/501/242
f 5332/535/707 5304/536/708 5028/361/244 5198/348/658
f 5191/335/654 5027/360/242 5303/537/709 5331/534/706
f 5359/570/738 5294/481/675 5028/500/244 5304/575/708
f 5094/195/638 5095/194/65 5307/505/677 5306/504/676
f 5305/507/679 5308/506/678 5102/202/78 5101/201/642
f 5095/194/65 5096/196/639 5309/508/680 5307/505/677
f 5308/506/678 5310/509/681 5103/205/643 5102/202/78
f 5096/196/639 5097/197/68 5311/510/682 5309/508/680
f 5310/509/681 5312/511/683 5104/207/81 5103/205/643
f 5097/197/68 5098/198/640 5313/512/684 5311/510/682
f 5312/511/683 5314/513/685 5105/209/644 5104/207/81
f 5098/198/640 5099/199/70 5315/514/686 5313/512/684
f 5314/513/685 5316/515/687 5106/211/83 5105/209/644
f 5099/199/70 5100/200/641 5317/516/688 5315/514/686
f 5316/515/687 5318/517/689 5107/213/645 5106/211/83
f 5185/330/651 5186/329/205 5321/523/695 5320/522/694
f 5319/525/697 5322/524/696 5193/337/218 5192/336/655
f 5186/329/205 5187/331/652 5323/526/698 5321/523/695
f 5322/524/696 5324/527/699 5194/340/656 5193/337/218
f 5187/331/652 5188/332/208 5325/528/700 5323/526/698
f 5324/527/699 5326/529/701 5195/342/221 5194/340/656
f 5188/332/208 5189/333/653 5327/530/702 5325/528/700
f 5326/529/701 5328/531/703 5196/344/657 5195/342/221
f 5189/333/653 5190/334/210 5329/532/704 5327/530/702
f 5328/531/703 5330/533/705 5197/346/223 5196/344/657
f 5190/334/210 5191/335/654 5331/534/706 5329/532/704
f 5330/533/705 5332/535/707 5198/348/658 5197/346/223
f 5334/540/712 5216/384/661 5222/387/327 5335/541/713
f 5215/382/660 5333/543/715 5336/542/714 5221/383/339
f 5335/541/713 5222/387/327 5228/394/663 5337/544/716
f 5221/383/339 5336/542/714 5338/545/717 5227/392/662
f 5337/544/716 5228/394/663 5234/400/519 5339/546/718
f 5227/392/662 5338/545/717 5340/547/719 5233/398/522
f 5339/546/718 5234/400/519 5240/406/665 5341/548/720
f 5233/398/522 5340/547/719 5342/549/721 5239/404/664
f 5341/548/720 5240/406/665 5246/412/330 5343/550/722
f 5239/404/664 5342/549/721 5344/551/723 5245/410/342
f 5343/550/722 5246/412/330 5252/418/667 5345/552/724
f 5245/410/342 5344/551/723 5346/553/725 5251/416/666
f 5348/558/726 5258/447/669 5264/450/384 5349/559/727
f 5257/445/668 5347/561/729 5350/560/728 5263/446/372
f 5349/559/727 5264/450/384 5270/457/671 5351/562/730
f 5263/446/372 5350/560/728 5352/563/731 5269/455/670
f 5351/562/730 5270/457/671 5276/463/478 5353/564/732
f 5269/455/670 5352/563/731 5354/565/733 5275/461/481
f 5353/564/732 5276/463/478 5282/469/673 5355/566/734
f 5275/461/481 5354/565/733 5356/567/735 5281/467/672
f 5355/566/734 5282/469/673 5288/475/381 5357/568/736
f 5281/467/672 5356/567/735 5358/569/737 5287/473/369
f 5357/568/736 5288/475/381 5294/481/675 5359/570/738
f 5287/473/369 5358/569/737 5360/571/739 5293/479/674
f 5449/99/170 5450/100/169 5457/101/161 5456/102/163
f 5450/100/169 5451/103/168 5458/104/159 5457/101/161
f 5451/103/168 5452/105/167 5459/106/157 5458/104/159
f 5452/105/167 5453/107/166 5460/108/155 5459/106/157
f 5453/107/166 5454/109/164 5461/110/152 5460/108/155
f 5454/109/164 5455/111/165 5462/112/153 5461/110/152
f 5456/102/163 5457/101/161 5464/113/160 5463/114/496
f 5457/101/161 5458/104/159 5465/115/650 5464/113/160
f 5458/104/159 5459/106/157 5466/116/156 5465/115/650
f 5459/106/157 5460/108/155 5467/117/649 5466/116/156
f 5460/108/155 5461/110/152 5468/118/151 5467/117/649
f 5461/110/152 5462/112/153 5469/119/510 5468/118/151
f 5463/114/496 5464/113/160 5471/120/495 5470/121/494
f 5464/113/160 5465/115/650 5472/122/499 5471/120/495
f 5465/115/650 5466/116/156 5473/123/3 5472/122/499
f 5466/116/156 5467/117/649 5474/124/504 5473/123/3
f 5467/117/649 5468/118/151 5475/125/505 5474/124/504
f 5468/118/151 5469/119/510 5476/126/509 5475/125/505
f 5470/121/494 5471/120/495 5478/127/148 5477/128/493
f 5471/120/495 5472/122/499 5479/129/648 5478/127/148
f 5472/122/499 5473/123/3 5480/130/146 5479/129/648
f 5473/123/3 5474/124/504 5481/131/647 5480/130/146
f 5474/124/504 5475/125/505 5482/132/143 5481/131/647
f 5475/125/505 5476/126/509 5483/133/508 5482/132/143
f 5477/128/493 5478/127/148 5485/134/140 5484/135/142
f 5478/127/148 5479/129/648 5486/136/138 5485/134/140
f 5479/129/648 5480/130/146 5487/137/136 5486/136/138
f 5480/130/146 5481/131/647 5488/138/134 5487/137/136
f 5481/131/647 5482/132/143 5489/139/131 5488/138/134
f 5482/132/143 5483/133/508 5490/140/132 5489/139/131
f 5484/135/142 5485/134/140 5492/141/139 5491/142/141
f 5485/134/140 5486/136/138 5493/143/137 5492/141/139
f 5486/136/138 5487/137/136 5494/144/135 5493/143/137
f 5487/137/136 5488/138/134 5495/145/133 5494/144/135
f 5488/138/134 5489/139/131 5496/146/130 5495/145/133
f 5489/139/131 5490/140/132 5497/147/129 5496/146/130
f 5361/148/178 5376/149/179 5449/99/170 5375/150/177
f 5376/149/179 5377/151/180 5450/100/169 5449/99/170
f 5377/151/180 5378/152/181 5451/103/168 5450/100/169
f 5378/152/181 5379/153/7 5452/105/167 5451/103/168
f 5379/153/7 5380/154/182 5453/107/166 5452/105/167
f 5380/154/182 5381/155/183 5454/109/164 5453/107/166
f 5381/155/183 5382/156/184 5455/111/165 5454/109/164
f 5382/156/184 5362/157/740 5383/158/185 5455/111/165
f 5455/111/165 5383/158/185 5384/159/187 5462/112/153
f 5462/112/153 5384/159/187 5385/160/188 5469/119/510
f 5469/119/510 5385/160/188 5386/161/512 5476/126/509
f 5476/126/509 5386/161/512 5387/162/190 5483/133/508
f 5483/133/508 5387/162/190 5388/163/189 5490/140/132
f 5490/140/132 5388/163/189 5389/164/171 5497/147/129
f 5497/147/129 5389/164/171 5364/165/123 5390/166/121
f 5496/146/130 5497/147/129 5390/166/121 5391/167/120
f 5495/145/133 5496/146/130 5391/167/120 5392/168/119
f 5494/144/135 5495/145/133 5392/168/119 5393/169/43
f 5493/143/137 5494/144/135 5393/169/43 5394/170/118
f 5492/141/139 5493/143/137 5394/170/118 5395/171/117
f 5491/142/141 5492/141/139 5395/171/117 5396/172/116
f 5369/173/172 5491/142/141 5396/172/116 5363/174/492
f 5370/175/173 5484/135/142 5491/142/141 5369/173/172
f 5371/176/174 5477/128/493 5484/135/142 5370/175/173
f 5372/177/491 5470/121/494 5477/128/493 5371/176/174
f 5373/178/175 5463/114/496 5470/121/494 5372/177/491
f 5374/179/176 5456/102/163 5463/114/496 5373/178/175
f 5375/150/177 5449/99/170 5456/102/163 5374/179/176
f 5498/180/98 5499/181/97 5506/182/90 5505/183/91
f 5499/181/97 5500/184/96 5507/185/89 5506/182/90
f 5500/184/96 5501/186/95 5508/187/88 5507/185/89
f 5501/186/95 5502/188/94 5509/189/87 5508/187/88
f 5502/188/94 5503/190/92 5510/191/85 5509/189/87
f 5503/190/92 5504/192/93 5511/193/86 5510/191/85
f 5505/183/91 5506/182/90 5513/194/83 5512/195/645
f 5506/182/90 5507/185/89 5514/196/644 5513/194/83
f 5507/185/89 5508/187/88 5515/197/81 5514/196/644
f 5508/187/88 5509/189/87 5516/198/643 5515/197/81
f 5509/189/87 5510/191/85 5517/199/78 5516/198/643
f 5510/191/85 5511/193/86 5518/200/642 5517/199/78
f 5519/201/641 5520/202/70 5527/203/62 5526/204/64
f 5520/202/70 5521/205/640 5528/206/60 5527/203/62
f 5521/205/640 5522/207/68 5529/208/58 5528/206/60
f 5522/207/68 5523/209/639 5530/210/56 5529/208/58
f 5523/209/639 5524/211/65 5531/212/53 5530/210/56
f 5524/211/65 5525/213/638 5532/214/54 5531/212/53
f 5526/204/64 5527/203/62 5534/215/61 5533/216/63
f 5527/203/62 5528/206/60 5535/217/59 5534/215/61
f 5528/206/60 5529/208/58 5536/218/57 5535/217/59
f 5529/208/58 5530/210/56 5537/219/55 5536/218/57
f 5530/210/56 5531/212/53 5538/220/52 5537/219/55
f 5531/212/53 5532/214/54 5539/221/51 5538/220/52
f 5363/174/492 5396/172/116 5498/180/98 5402/222/114
f 5396/172/116 5395/171/117 5499/181/97 5498/180/98
f 5395/171/117 5394/170/118 5500/184/96 5499/181/97
f 5394/170/118 5393/169/43 5501/186/95 5500/184/96
f 5393/169/43 5392/168/119 5502/188/94 5501/186/95
f 5392/168/119 5391/167/120 5503/190/92 5502/188/94
f 5391/167/120 5390/166/121 5504/192/93 5503/190/92
f 5390/166/121 5364/165/123 5403/223/122 5504/192/93
f 5504/192/93 5403/223/122 5404/224/124 5511/193/86
f 5511/193/86 5404/224/124 5405/225/125 5518/200/642
f 5525/213/638 5406/226/127 5407/227/128 5532/214/54
f 5532/214/54 5407/227/128 5408/228/101 5539/221/51
f 5539/221/51 5408/228/101 5368/229/471 5409/230/100
f 5538/220/52 5539/221/51 5409/230/100 5410/231/102
f 5537/219/55 5538/220/52 5410/231/102 5411/232/103
f 5536/218/57 5537/219/55 5411/232/103 5412/233/31
f 5535/217/59 5536/218/57 5412/233/31 5413/234/104
f 5534/215/61 5535/217/59 5413/234/104 5414/235/105
f 5533/216/63 5534/215/61 5414/235/105 5415/236/106
f 5397/237/108 5533/216/63 5415/236/106 5367/238/741
f 5398/239/109 5526/204/64 5533/216/63 5397/237/108
f 5399/240/110 5519/201/641 5526/204/64 5398/239/109
f 5401/241/113 5505/183/91 5512/195/645 5400/242/112
f 5402/222/114 5498/180/98 5505/183/91 5401/241/113
f 5540/243/302 5541/244/301 5548/245/293 5547/246/295
f 5541/244/301 5542/247/300 5549/248/291 5548/245/293
f 5542/247/300 5543/249/299 5550/250/289 5549/248/291
f 5543/249/299 5544/251/298 5551/252/287 5550/250/289
f 5544/251/298 5545/253/296 5552/254/284 5551/252/287
f 5545/253/296 5546/255/297 5553/256/285 5552/254/284
f 5547/246/295 5548/245/293 5555/257/292 5554/258/546
f 5548/245/293 5549/248/291 5556/259/636 5555/257/292
f 5549/248/291 5550/250/289 5557/260/288 5556/259/636
f 5550/250/289 5551/252/287 5558/261/635 5557/260/288
f 5551/252/287 5552/254/284 5559/262/283 5558/261/635
f 5552/254/284 5553/256/285 5560/263/531 5559/262/283
f 5554/258/546 5555/257/292 5562/264/543 5561/265/547
f 5555/257/292 5556/259/636 5563/266/542 5562/264/543
f 5556/259/636 5557/260/288 5564/267/25 5563/266/542
f 5557/260/288 5558/261/635 5565/268/537 5564/267/25
f 5558/261/635 5559/262/283 5566/269/533 5565/268/537
f 5559/262/283 5560/263/531 5567/270/532 5566/269/533
f 5561/265/547 5562/264/543 5569/271/280 5568/272/548
f 5562/264/543 5563/266/542 5570/273/634 5569/271/280
f 5563/266/542 5564/267/25 5571/274/278 5570/273/634
f 5564/267/25 5565/268/537 5572/275/633 5571/274/278
f 5565/268/537 5566/269/533 5573/276/275 5572/275/633
f 5566/269/533 5567/270/532 5574/277/534 5573/276/275
f 5568/272/548 5569/271/280 5576/278/272 5575/279/274
f 5569/271/280 5570/273/634 5577/280/270 5576/278/272
f 5570/273/634 5571/274/278 5578/281/268 5577/280/270
f 5571/274/278 5572/275/633 5579/282/266 5578/281/268
f 5572/275/633 5573/276/275 5580/283/263 5579/282/266
f 5573/276/275 5574/277/534 5581/284/264 5580/283/263
f 5575/279/274 5576/278/272 5583/285/271 5582/286/273
f 5576/278/272 5577/280/270 5584/287/269 5583/285/271
f 5577/280/270 5578/281/268 5585/288/267 5584/287/269
f 5578/281/268 5579/282/266 5586/289/265 5585/288/267
f 5579/282/266 5580/283/263 5587/290/262 5586/289/265
f 5580/283/263 5581/284/264 5588/291/261 5587/290/262
f 5367/238/741 5415/236/106 5540/243/302 5422/292/309
f 5415/236/106 5414/235/105 5541/244/301 5540/243/302
f 5414/235/105 5413/234/104 5542/247/300 5541/244/301
f 5413/234/104 5412/233/31 5543/249/299 5542/247/300
f 5412/233/31 5411/232/103 5544/251/298 5543/249/299
f 5411/232/103 5410/231/102 5545/253/296 5544/251/298
f 5410/231/102 5409/230/100 5546/255/297 5545/253/296
f 5409/230/100 5368/229/471 5423/293/310 5546/255/297
f 5546/255/297 5423/293/310 5424/294/311 5553/256/285
f 5553/256/285 5424/294/311 5425/295/312 5560/263/531
f 5560/263/531 5425/295/312 5426/296/529 5567/270/532
f 5567/270/532 5426/296/529 5427/297/314 5574/277/534
f 5574/277/534 5427/297/314 5428/298/313 5581/284/264
f 5581/284/264 5428/298/313 5429/299/303 5588/291/261
f 5588/291/261 5429/299/303 5366/300/464 5430/301/253
f 5587/290/262 5588/291/261 5430/301/253 5431/302/252
f 5586/289/265 5587/290/262 5431/302/252 5432/303/251
f 5585/288/267 5586/289/265 5432/303/251 5433/304/19
f 5584/287/269 5585/288/267 5433/304/19 5434/305/250
f 5583/285/271 5584/287/269 5434/305/250 5435/306/249
f 5582/286/273 5583/285/271 5435/306/249 5436/307/248
f 5416/308/304 5582/286/273 5436/307/248 5365/309/742
f 5417/310/305 5575/279/274 5582/286/273 5416/308/304
f 5418/311/306 5568/272/548 5575/279/274 5417/310/305
f 5419/312/488 5561/265/547 5568/272/548 5418/311/306
f 5420/313/307 5554/258/546 5561/265/547 5419/312/488
f 5421/314/308 5547/246/295 5554/258/546 5420/313/307
f 5422/292/309 5540/243/302 5547/246/295 5421/314/308
f 5589/315/238 5590/316/237 5597/317/230 5596/318/231
f 5590/316/237 5591/319/236 5598/320/229 5597/317/230
f 5591/319/236 5592/321/235 5599/322/228 5598/320/229
f 5592/321/235 5593/323/234 5600/324/227 5599/322/228
f 5593/323/234 5594/325/232 5601/326/225 5600/324/227
f 5594/325/232 5595/327/233 5602/328/226 5601/326/225
f 5596/318/231 5597/317/230 5604/329/223 5603/330/658
f 5597/317/230 5598/320/229 5605/331/657 5604/329/223
f 5598/320/229 5599/322/228 5606/332/221 5605/331/657
f 5599/322/228 5600/324/227 5607/333/656 5606/332/221
f 5600/324/227 5601/326/225 5608/334/218 5607/333/656
f 5601/326/225 5602/328/226 5609/335/655 5608/334/218
f 5610/336/654 5611/337/210 5618/338/202 5617/339/204
f 5611/337/210 5612/340/653 5619/341/200 5618/338/202
f 5612/340/653 5613/342/208 5620/343/198 5619/341/200
f 5613/342/208 5614/344/652 5621/345/196 5620/343/198
f 5614/344/652 5615/346/205 5622/347/193 5621/345/196
f 5615/346/205 5616/348/651 5623/349/194 5622/347/193
f 5617/339/204 5618/338/202 5625/350/201 5624/351/203
f 5618/338/202 5619/341/200 5626/352/199 5625/350/201
f 5619/341/200 5620/343/198 5627/353/197 5626/352/199
f 5620/343/198 5621/345/196 5628/354/195 5627/353/197
f 5621/345/196 5622/347/193 5629/355/192 5628/354/195
f 5622/347/193 5623/349/194 5630/356/191 5629/355/192
f 5365/309/742 5436/307/248 5589/315/238 5442/357/246
f 5436/307/248 5435/306/249 5590/316/237 5589/315/238
f 5435/306/249 5434/305/250 5591/319/236 5590/316/237
f 5434/305/250 5433/304/19 5592/321/235 5591/319/236
f 5433/304/19 5432/303/251 5593/323/234 5592/321/235
f 5432/303/251 5431/302/252 5594/325/232 5593/323/234
f 5431/302/252 5430/301/253 5595/327/233 5594/325/232
f 5430/301/253 5366/300/464 5443/358/254 5595/327/233
f 5595/327/233 5443/358/254 5444/359/256 5602/328/226
f 5602/328/226 5444/359/256 5445/360/257 5609/335/655
f 5616/348/651 5446/361/259 5447/362/260 5623/349/194
f 5623/349/194 5447/362/260 5448/363/239 5630/356/191
f 5630/356/191 5448/363/239 5362/364/740 5382/365/184
f 5629/355/192 5630/356/191 5382/365/184 5381/366/183
f 5628/354/195 5629/355/192 5381/366/183 5380/367/182
f 5627/353/197 5628/354/195 5380/367/182 5379/368/7
f 5626/352/199 5627/353/197 5379/368/7 5378/369/181
f 5625/350/201 5626/352/199 5378/369/181 5377/370/180
f 5624/351/203 5625/350/201 5377/370/180 5376/371/179
f 5437/372/466 5624/351/203 5376/371/179 5361/373/178
f 5438/374/241 5617/339/204 5624/351/203 5437/372/466
f 5439/375/242 5610/336/654 5617/339/204 5438/374/241
f 5441/376/245 5596/318/231 5603/330/658 5440/377/244
f 5442/357/246 5589/315/238 5596/318/231 5441/376/245
f 5631/378/367 5632/379/368 5638/380/365 5637/381/364
f 5632/379/368 5633/382/668 5639/383/372 5638/380/365
f 5634/384/669 5635/385/392 5641/386/390 5640/387/384
f 5635/385/392 5636/388/398 5642/389/396 5641/386/390
f 5637/381/364 5638/380/365 5644/390/366 5643/391/484
f 5638/380/365 5639/383/372 5645/392/670 5644/390/366
f 5640/387/384 5641/386/390 5647/393/391 5646/394/671
f 5641/386/390 5642/389/396 5648/395/473 5647/393/391
f 5643/391/484 5644/390/366 5650/396/483 5649/397/485
f 5644/390/366 5645/392/670 5651/398/481 5650/396/483
f 5646/394/671 5647/393/391 5653/399/475 5652/400/478
f 5647/393/391 5648/395/473 5654/401/474 5653/399/475
f 5649/397/485 5650/396/483 5656/402/362 5655/403/486
f 5650/396/483 5651/398/481 5657/404/672 5656/402/362
f 5652/400/478 5653/399/475 5659/405/389 5658/406/673
f 5653/399/475 5654/401/474 5660/407/476 5659/405/389
f 5655/403/486 5656/402/362 5662/408/359 5661/409/358
f 5656/402/362 5657/404/672 5663/410/369 5662/408/359
f 5658/406/673 5659/405/389 5665/411/387 5664/412/381
f 5659/405/389 5660/407/476 5666/413/393 5665/411/387
f 5661/409/358 5662/408/359 5668/414/360 5667/415/357
f 5662/408/359 5663/410/369 5669/416/674 5668/414/360
f 5664/412/381 5665/411/387 5671/417/388 5670/418/675
f 5665/411/387 5666/413/393 5672/419/394 5671/417/388
f 5363/420/492 5402/421/114 5631/378/367 5369/422/172
f 5402/421/114 5401/423/113 5632/379/368 5631/378/367
f 5401/423/113 5400/424/112 5633/382/668 5632/379/368
f 5399/425/110 5398/426/109 5635/385/392 5634/384/669
f 5398/426/109 5397/427/108 5636/388/398 5635/385/392
f 5397/427/108 5367/238/741 5422/292/309 5636/388/398
f 5636/388/398 5422/292/309 5421/314/308 5642/389/396
f 5642/389/396 5421/314/308 5420/313/307 5648/395/473
f 5648/395/473 5420/313/307 5419/312/488 5654/401/474
f 5654/401/474 5419/312/488 5418/311/306 5660/407/476
f 5660/407/476 5418/311/306 5417/310/305 5666/413/393
f 5666/413/393 5417/310/305 5416/308/304 5672/419/394
f 5672/419/394 5416/308/304 5365/309/742 5442/428/246
f 5671/417/388 5672/419/394 5442/428/246 5441/429/245
f 5670/418/675 5671/417/388 5441/429/245 5440/430/244
f 5668/414/360 5669/416/674 5439/431/242 5438/432/241
f 5667/415/357 5668/414/360 5438/432/241 5437/433/466
f 5375/434/177 5667/415/357 5437/433/466 5361/435/178
f 5374/436/176 5661/409/358 5667/415/357 5375/434/177
f 5373/437/175 5655/403/486 5661/409/358 5374/436/176
f 5372/438/491 5649/397/485 5655/403/486 5373/437/175
f 5371/439/174 5643/391/484 5649/397/485 5372/438/491
f 5370/440/173 5637/381/364 5643/391/484 5371/439/174
f 5369/422/172 5631/378/367 5637/381/364 5370/440/173
f 5673/441/352 5674/442/346 5680/443/345 5679/444/351
f 5674/442/346 5675/445/660 5681/446/339 5680/443/345
f 5676/447/661 5677/448/318 5683/449/317 5682/450/327
f 5677/448/318 5678/451/315 5684/452/316 5683/449/317
f 5679/444/351 5680/443/345 5686/453/347 5685/454/525
f 5680/443/345 5681/446/339 5687/455/662 5686/453/347
f 5682/450/327 5683/449/317 5689/456/320 5688/457/663
f 5683/449/317 5684/452/316 5690/458/514 5689/456/320
f 5685/454/525 5686/453/347 5692/459/524 5691/460/526
f 5686/453/347 5687/455/662 5693/461/522 5692/459/524
f 5688/457/663 5689/456/320 5695/462/516 5694/463/519
f 5689/456/320 5690/458/514 5696/464/515 5695/462/516
f 5691/460/526 5692/459/524 5698/465/349 5697/466/527
f 5692/459/524 5693/461/522 5699/467/664 5698/465/349
f 5694/463/519 5695/462/516 5701/468/324 5700/469/665
f 5695/462/516 5696/464/515 5702/470/517 5701/468/324
f 5697/466/527 5698/465/349 5704/471/348 5703/472/354
f 5698/465/349 5699/467/664 5705/473/342 5704/471/348
f 5700/469/665 5701/468/324 5707/474/323 5706/475/330
f 5701/468/324 5702/470/517 5708/476/322 5707/474/323
f 5703/472/354 5704/471/348 5710/477/350 5709/478/356
f 5704/471/348 5705/473/342 5711/479/666 5710/477/350
f 5706/475/330 5707/474/323 5713/480/326 5712/481/667
f 5707/474/323 5708/476/322 5714/482/325 5713/480/326
f 5368/229/471 5408/483/101 5673/441/352 5423/293/310
f 5408/483/101 5407/484/128 5674/442/346 5673/441/352
f 5407/484/128 5406/485/127 5675/445/660 5674/442/346
f 5405/486/125 5404/487/124 5677/448/318 5676/447/661
f 5404/487/124 5403/488/122 5678/451/315 5677/448/318
f 5403/488/122 5364/489/123 5389/490/171 5678/451/315
f 5678/451/315 5389/490/171 5388/491/189 5684/452/316
f 5684/452/316 5388/491/189 5387/492/190 5690/458/514
f 5690/458/514 5387/492/190 5386/493/512 5696/464/515
f 5696/464/515 5386/493/512 5385/494/188 5702/470/517
f 5702/470/517 5385/494/188 5384/495/187 5708/476/322
f 5708/476/322 5384/495/187 5383/496/185 5714/482/325
f 5714/482/325 5383/496/185 5362/497/740 5448/498/239
f 5713/480/326 5714/482/325 5448/498/239 5447/499/260
f 5712/481/667 5713/480/326 5447/499/260 5446/500/259
f 5710/477/350 5711/479/666 5445/501/257 5444/502/256
f 5709/478/356 5710/477/350 5444/502/256 5443/503/254
f 5429/299/303 5709/478/356 5443/503/254 5366/300/464
f 5428/298/313 5703/472/354 5709/478/356 5429/299/303
f 5427/297/314 5697/466/527 5703/472/354 5428/298/313
f 5426/296/529 5691/460/526 5697/466/527 5427/297/314
f 5425/295/312 5685/454/525 5691/460/526 5426/296/529
f 5424/294/311 5679/444/351 5685/454/525 5425/295/312
f 5423/293/310 5673/441/352 5679/444/351 5424/294/311
f 5724/504/689 5725/505/687 5726/506/686 5723/507/688
f 5725/505/687 5727/508/685 5728/509/684 5726/506/686
f 5727/508/685 5729/510/683 5730/511/682 5728/509/684
f 5729/510/683 5731/512/681 5732/513/680 5730/511/682
f 5731/512/681 5733/514/678 5734/515/677 5732/513/680
f 5733/514/678 5735/516/679 5736/517/676 5734/515/677
f 5718/518/692 5736/517/676 5735/516/679 5717/519/693
f 5716/520/690 5724/504/689 5723/507/688 5715/521/691
f 5738/522/707 5739/523/705 5740/524/704 5737/525/706
f 5739/523/705 5741/526/703 5742/527/702 5740/524/704
f 5741/526/703 5743/528/701 5744/529/700 5742/527/702
f 5743/528/701 5745/530/699 5746/531/698 5744/529/700
f 5745/530/699 5747/532/696 5748/533/695 5746/531/698
f 5747/532/696 5749/534/697 5750/535/694 5748/533/695
f 5722/536/710 5750/535/694 5749/534/697 5721/537/711
f 5720/538/708 5738/522/707 5737/525/706 5719/539/709
f 5752/540/726 5753/541/727 5754/542/728 5751/543/729
f 5753/541/727 5755/544/730 5756/545/731 5754/542/728
f 5755/544/730 5757/546/732 5758/547/733 5756/545/731
f 5757/546/732 5759/548/734 5760/549/735 5758/547/733
f 5759/548/734 5761/550/736 5762/551/737 5760/549/735
f 5761/550/736 5763/552/738 5764/553/739 5762/551/737
f 5715/554/691 5752/540/726 5751/543/729 5716/555/690
f 5719/556/709 5764/553/739 5763/552/738 5720/557/708
f 5766/558/712 5767/559/713 5768/560/714 5765/561/715
f 5767/559/713 5769/562/716 5770/563/717 5768/560/714
f 5769/562/716 5771/564/718 5772/565/719 5770/563/717
f 5771/564/718 5773/566/720 5774/567/721 5772/565/719
f 5773/566/720 5775/568/722 5776/569/723 5774/567/721
f 5775/568/722 5777/570/724 5778/571/725 5776/569/723
f 5717/572/693 5766/558/712 5765/561/715 5718/573/692
f 5721/574/711 5778/571/725 5777/570/724 5722/575/710
f 5715/554/691 5399/425/110 5634/384/669 5752/540/726
f 5400/242/112 5512/195/645 5724/504/689 5716/520/690
f 5715/521/691 5723/507/688 5519/201/641 5399/240/110
f 5400/424/112 5716/555/690 5751/543/729 5633/382/668
f 5717/572/693 5405/486/125 5676/447/661 5766/558/712
f 5736/517/676 5718/518/692 5406/226/127 5525/213/638
f 5518/200/642 5405/225/125 5717/519/693 5735/516/679
f 5406/485/127 5718/573/692 5765/561/715 5675/445/660
f 5669/416/674 5764/553/739 5719/556/709 5439/431/242
f 5440/377/244 5603/330/658 5738/522/707 5720/538/708
f 5719/539/709 5737/525/706 5610/336/654 5439/375/242
f 5763/552/738 5670/418/675 5440/430/244 5720/557/708
f 5711/479/666 5778/571/725 5721/574/711 5445/501/257
f 5750/535/694 5722/536/710 5446/361/259 5616/348/651
f 5609/335/655 5445/360/257 5721/537/711 5749/534/697
f 5777/570/724 5712/481/667 5446/500/259 5722/575/710
f 5512/195/645 5513/194/83 5725/505/687 5724/504/689
f 5723/507/688 5726/506/686 5520/202/70 5519/201/641
f 5513/194/83 5514/196/644 5727/508/685 5725/505/687
f 5726/506/686 5728/509/684 5521/205/640 5520/202/70
f 5514/196/644 5515/197/81 5729/510/683 5727/508/685
f 5728/509/684 5730/511/682 5522/207/68 5521/205/640
f 5515/197/81 5516/198/643 5731/512/681 5729/510/683
f 5730/511/682 5732/513/680 5523/209/639 5522/207/68
f 5516/198/643 5517/199/78 5733/514/678 5731/512/681
f 5732/513/680 5734/515/677 5524/211/65 5523/209/639
f 5517/199/78 5518/200/642 5735/516/679 5733/514/678
f 5734/515/677 5736/517/676 5525/213/638 5524/211/65
f 5603/330/658 5604/329/223 5739/523/705 5738/522/707
f 5737/525/706 5740/524/704 5611/337/210 5610/336/654
f 5604/329/223 5605/331/657 5741/526/703 5739/523/705
f 5740/524/704 5742/527/702 5612/340/653 5611/337/210
f 5605/331/657 5606/332/221 5743/528/701 5741/526/703
f 5742/527/702 5744/529/700 5613/342/208 5612/340/653
f 5606/332/221 5607/333/656 5745/530/699 5743/528/701
f 5744/529/700 5746/531/698 5614/344/652 5613/342/208
f 5607/333/656 5608/334/218 5747/532/696 5745/530/699
f 5746/531/698 5748/533/695 5615/346/205 5614/344/652
f 5608/334/218 5609/335/655 5749/534/697 5747/532/696
f 5748/533/695 5750/535/694 5616/348/651 5615/346/205
f 5752/540/726 5634/384/669 5640/387/384 5753/541/727
f 5633/382/668 5751/543/729 5754/542/728 5639/383/372
f 5753/541/727 5640/387/384 5646/394/671 5755/544/730
f 5639/383/372 5754/542/728 5756/545/731 5645/392/670
f 5755/544/730 5646/394/671 5652/400/478 5757/546/732
f 5645/392/670 5756/545/731 5758/547/733 5651/398/481
f 5757/546/732 5652/400/478 5658/406/673 5759/548/734
f 5651/398/481 5758/547/733 5760/549/735 5657/404/672
f 5759/548/734 5658/406/673 5664/412/381 5761/550/736
f 5657/404/672 5760/549/735 5762/551/737 5663/410/369
f 5761/550/736 5664/412/381 5670/418/675 5763/552/738
f 5663/410/369 5762/551/737 5764/553/739 5669/416/674
f 5766/558/712 5676/447/661 5682/450/327 5767/559/713
f 5675/445/660 5765/561/715 5768/560/714 5681/446/339
f 5767/559/713 5682/450/327 5688/457/663 5769/562/716
f 5681/446/339 5768/560/714 5770/563/717 5687/455/662
f 5769/562/716 5688/457/663 5694/463/519 5771/564/718
f 5687/455/662 5770/563/717 5772/565/719 5693/461/522
f 5771/564/718 5694/463/519 5700/469/665 5773/566/720
f 5693/461/522 5772/565/719 5774/567/721 5699/467/664
f 5773/566/720 5700/469/665 5706/475/330 5775/568/722
f 5699/467/664 5774/567/721 5776/569/723 5705/473/342
f 5775/568/722 5706/475/330 5712/481/667 5777/570/724
f 5705/473/342 5776/569/723 5778/571/725 5711/479/666
f 5780/1/1 5781/2/1 5784/3/2 5783/4/2
f 5779/5/3 5782/6/3 5781/2/1 5780/1/1
f 5783/4/2 5784/3/2 5786/7/4 5785/8/4
f 5785/8/4 5786/7/4 5788/9/5 5787/10/5
f 5787/10/5 5788/9/5 5790/11/6 5789/12/6
f 5789/12/6 5790/11/6 5792/13/7 5791/14/7
f 5791/14/7 5792/13/7 5794/15/8 5793/16/8
f 5793/16/8 5794/15/8 5796/17/9 5795/18/9
f 5795/18/9 5796/17/9 5798/19/10 5797/20/10
f 5797/20/10 5798/19/10 5800/21/11 5799/22/11
f 5799/22/11 5800/21/11 5802/23/12 5801/24/12
f 5801/24/12 5802/23/12 5804/25/13 5803/26/13
f 5803/26/13 5804/25/13 5806/27/14 5805/28/14
f 5805/28/14 5806/27/14 5808/29/15 5807/30/15
f 5807/30/15 5808/29/15 5810/31/16 5809/32/16
f 5809/32/16 5810/31/16 5812/33/17 5811/34/17
f 5811/34/17 5812/33/17 5814/35/18 5813/36/18
f 5813/36/18 5814/35/18 5816/37/19 5815/38/19
f 5815/38/19 5816/37/19 5818/39/20 5817/40/20
f 5817/40/20 5818/39/20 5820/41/21 5819/42/21
f 5819/42/21 5820/41/21 5822/43/22 5821/44/22
f 5821/44/22 5822/43/22 5824/45/23 5823/46/23
f 5823/46/23 5824/45/23 5826/47/24 5825/48/24
f 5825/48/24 5826/47/24 5828/49/25 5827/50/25
f 5827/50/25 5828/49/25 5830/51/26 5829/52/26
f 5829/52/26 5830/51/26 5832/53/27 5831/54/27
f 5831/54/27 5832/53/27 5834/55/28 5833/56/28
f 5833/56/28 5834/55/28 5836/57/29 5835/58/29
f 5835/58/29 5836/57/29 5838/59/30 5837/60/30
f 5837/60/30 5838/59/30 5840/61/31 5839/62/31
f 5839/62/31 5840/61/31 5842/63/32 5841/64/32
f 5841/64/32 5842/63/32 5844/65/33 5843/66/33
f 5843/66/33 5844/65/33 5846/67/34 5845/68/34
f 5845/68/34 5846/67/34 5848/69/35 5847/70/35
f 5847/70/35 5848/69/35 5850/71/36 5849/72/36
f 5849/72/36 5850/71/36 5852/73/37 5851/74/37
f 5851/74/37 5852/73/37 5854/75/38 5853/76/38
f 5853/76/38 5854/75/38 5856/77/39 5855/78/39
f 5855/78/39 5856/77/39 5858/79/40 5857/80/40
f 5857/80/40 5858/79/40 5860/81/41 5859/82/41
f 5859/82/41 5860/81/41 5862/83/42 5861/84/42
f 5861/84/42 5862/83/42 5864/85/43 5863/86/43
f 5863/86/43 5864/85/43 5866/87/44 5865/88/44
f 5865/88/44 5866/87/44 5868/89/45 5867/90/45
f 5867/90/45 5868/89/45 5870/91/46 5869/92/46
f 5869/92/46 5870/91/46 5872/93/47 5871/94/47
f 5871/94/47 5872/93/47 5874/95/48 5873/96/48
f 5873/96/48 5874/95/48 5782/97/3 5779/98/3
f 5876/1/743 5877/2/743 5880/3/744 5879/4/744
f 5875/5/50 5878/6/50 5877/2/743 5876/1/743
f 5879/4/744 5880/3/744 5882/7/745 5881/8/745
f 5881/8/745 5882/7/745 5884/9/746 5883/10/746
f 5883/10/746 5884/9/746 5886/11/747 5885/12/747
f 5885/12/747 5886/11/747 5888/13/243 5887/14/243
f 5887/14/243 5888/13/243 5890/15/748 5889/16/748
f 5889/16/748 5890/15/748 5892/17/749 5891/18/749
f 5891/18/749 5892/17/749 5894/19/750 5893/20/750
f 5893/20/750 5894/19/750 5896/21/751 5895/22/751
f 5895/22/751 5896/21/751 5898/23/752 5897/24/752
f 5899/28/753 5900/27/753 5902/29/754 5901/30/754
f 5901/30/754 5902/29/754 5904/31/755 5903/32/755
f 5903/32/755 5904/31/755 5906/33/756 5905/34/756
f 5905/34/756 5906/33/756 5908/35/757 5907/36/757
f 5907/36/757 5908/35/757 5910/37/258 5909/38/258
f 5909/38/258 5910/37/258 5912/39/758 5911/40/758
f 5911/40/758 5912/39/758 5914/41/759 5913/42/759
f 5913/42/759 5914/41/759 5916/43/760 5915/44/760
f 5915/44/760 5916/43/760 5918/45/761 5917/46/761
f 5917/46/761 5918/45/761 5920/47/762 5919/48/762
f 5919/48/762 5920/47/762 5922/49/49 5921/50/49
f 5921/50/49 5922/49/49 5924/51/763 5923/52/763
f 5923/52/763 5924/51/763 5926/53/764 5925/54/764
f 5925/54/764 5926/53/764 5928/55/765 5927/56/765
f 5927/56/765 5928/55/765 5930/57/766 5929/58/766
f 5929/58/766 5930/57/766 5932/59/767 5931/60/767
f 5931/60/767 5932/59/767 5934/61/126 5933/62/126
f 5933/62/126 5934/61/126 5936/63/768 5935/64/768
f 5935/64/768 5936/63/768 5938/65/769 5937/66/769
f 5937/66/769 5938/65/769 5940/67/770 5939/68/770
f 5939/68/770 5940/67/770 5942/69/771 5941/70/771
f 5941/70/771 5942/69/771 5944/71/772 5943/72/772
f 5945/76/773 5946/75/773 5948/77/774 5947/78/774
f 5947/78/774 5948/77/774 5950/79/775 5949/80/775
f 5949/80/775 5950/79/775 5952/81/776 5951/82/776
f 5951/82/776 5952/81/776 5954/83/777 5953/84/777
f 5953/84/777 5954/83/777 5956/85/111 5955/86/111
f 5955/86/111 5956/85/111 5958/87/778 5957/88/778
f 5957/88/778 5958/87/778 5960/89/779 5959/90/779
f 5959/90/779 5960/89/779 5962/91/780 5961/92/780
f 5961/92/780 5962/91/780 5964/93/781 5963/94/781
f 5963/94/781 5964/93/781 5966/95/782 5965/96/782
f 5965/96/782 5966/95/782 5878/97/50 5875/98/50
